{"id": "D564-8", "radiusKpc": [0.51, 1.02, 1.53, 2.04, 2.56, 3.07], "vObs": [8.54, 15.1, 19.8, 21.9, 24.0, 25.0], "vObsErr": [1.53, 1.41, 1.8, 1.82, 1.89, 2.05], "vAcm": [8.213436313406023, 19.439269519750177, 29.81979990815996, 37.86080863070241, 44.193090033815956, 48.11431998503889], "vMond": [17.910671640003947, 25.225982623219288, 29.012429396479245, 31.076375189693497, 32.265814031544174, 33.03135391053224], "vGas": [3.47, 5.33, 6.34, 6.86, 7.05, 7.04], "vDisk": [6.36, 8.66, 9.09, 8.75, 8.17, 7.65], "vBulge": [0.0, 0.0, 0.0, 0.0, 0.0, 0.0]}