{"id": "D631-7", "radiusKpc": [0.45, 0.9, 1.35, 1.8, 2.25, 2.69, 3.14, 3.59, 4.04, 4.49, 4.94, 5.39, 5.84, 6.29, 6.74, 7.19], "vObs": [8.41, 17.8, 26.0, 30.9, 34.7, 38.8, 42.5, 45.6, 48.8, 51.8, 54.8, 56.6, 58.4, 58.5, 57.7, 57.3], "vObsErr": [1.58, 2.22, 2.35, 2.22, 1.82, 1.81, 1.57, 1.59, 1.83, 1.91, 2.19, 2.73, 3.27, 3.95, 4.07, 3.94], "vAcm": [16.699426711105485, 24.553192888786313, 31.332019168340913, 38.905457339641885, 43.95910694438298, 47.49561345463569, 50.402861530285485, 53.1554254380851, 56.224843554676944, 59.26149486108799, 62.22422352203744, 65.13734150502837, 67.81649613072467, 70.41251244808, 72.8866475373407, 75.11761569983338], "vMond": [24.201037378204425, 36.46382410042865, 46.15012079063701, 50.8469557969032, 53.00525508672149, 54.74474769854812, 55.65454841850388, 56.42644742944945, 56.993423662576824, 57.212349645832816, 57.38246114595648, 57.3644538547914, 57.29771435390801, 57.16794108231689, 57.009652888574564, 56.80451621571164], "vGas": [8.4, 13.51, 16.7, 18.72, 19.9, 20.61, 20.73, 20.61, 20.38, 19.9, 19.43, 18.84, 18.25, 17.65, 17.06, 16.47], "vDisk": [9.99, 15.52, 20.76, 21.37, 19.92, 18.76, 17.36, 16.32, 15.37, 14.49, 13.72, 13.04, 12.45, 11.93, 11.48, 11.08], "vBulge": [0.0, 0.0, 0.0, 0.0, 0.0, 0.0, 0.0, 0.0, 0.0, 0.0, 0.0, 0.0, 0.0, 0.0, 0.0, 0.0]}