{"id": "DDO064", "radiusKpc": [0.1, 0.3, 0.49, 0.69, 0.89, 1.09, 1.29, 1.48, 1.68, 1.88, 2.08, 2.27, 2.37, 2.98], "vObs": [6.29, 13.9, 15.6, 18.4, 22.5, 26.5, 35.3, 40.5, 44.2, 46.3, 46.4, 46.3, 46.4, 46.9], "vObsErr": [4.62, 4.62, 4.62, 4.62, 4.62, 4.62, 4.62, 4.62, 4.89, 4.62, 4.62, 4.62, 6.73, 8.65], "vAcm": [7.963685014338448, 13.186100326429862, 17.548708024674937, 17.409839007562226, 16.42418347078216, 21.902181602148605, 29.470103358926416, 31.75144529316198, 28.490191088926323, 29.362947845996207, 36.38458484568329, 38.83418802899842, 39.45209500054959, 46.376466296054645], "vMond": [5.976665041025086, 13.898530254626383, 18.914783415576526, 25.21409841484108, 27.832808724350926, 31.05055776706091, 34.81648399322212, 39.06090705425575, 42.36216047074558, 44.934562376551945, 46.61564509792448, 47.64421645274343, 48.285301510926615, 51.048356794302336], "vGas": [-1.13, -2.45, -0.64, 2.49, 1.87, 4.97, 9.29, 13.62, 16.26, 18.16, 19.64, 20.17, 20.59, 22.17], "vDisk": [1.96, 6.31, 9.67, 13.92, 15.16, 16.41, 17.34, 18.34, 19.12, 19.54, 19.1, 18.77, 18.61, 17.21], "vBulge": [0.0, 0.0, 0.0, 0.0, 0.0, 0.0, 0.0, 0.0, 0.0, 0.0, 0.0, 0.0, 0.0, 0.0]}