{"id": "DDO161", "radiusKpc": [0.6, 0.73, 0.85, 0.98, 1.07, 1.54, 2.02, 2.49, 2.96, 3.43, 3.9, 4.37, 4.86, 5.34, 5.81, 6.28, 6.75, 7.22, 7.69, 8.16, 8.64, 9.11, 9.58, 10.05, 10.52, 10.99, 11.46, 11.94, 12.41, 12.9, 13.37], "vObs": [16.0, 16.6, 18.6, 20.0, 21.4, 28.9, 32.9, 35.2, 37.6, 40.6, 42.7, 45.5, 48.9, 51.5, 53.0, 55.0, 57.6, 59.7, 60.5, 61.8, 62.9, 63.0, 64.5, 65.6, 67.5, 66.8, 66.8, 66.6, 66.8, 66.3, 66.1], "vObsErr": [3.53, 4.83, 2.5, 7.58, 4.03, 2.74, 2.65, 2.88, 3.05, 3.68, 3.25, 2.99, 1.96, 1.53, 1.86, 1.48, 0.99, 1.19, 1.26, 1.33, 1.35, 2.09, 2.38, 1.08, 3.22, 2.37, 0.95, 0.96, 0.99, 0.74, 1.31], "vAcm": [18.12435192661413, 20.368154734724904, 22.10032696757372, 24.19859173432854, 25.499662022832982, 30.749088695184547, 34.2786775464438, 38.568868820147436, 42.66141486087938, 45.29479775558402, 47.22129467793857, 48.62048251658174, 49.81394351004996, 50.64086701256836, 50.95833945087913, 50.98006089034206, 50.591808661237124, 50.05018714524939, 50.151198815877954, 51.50068949454788, 54.013548680163495, 57.685423887238166, 62.20935830469547, 67.09552017913514, 71.11366176066073, 73.83898917733859, 75.43275150081743, 76.40462358981557, 77.09116333879179, 78.00196517685816, 78.96675443870166], "vMond": [26.330718922440166, 29.65497746131349, 32.21834935495898, 35.39340881676946, 37.39173144774577, 46.4921370593123, 53.3739507296027, 58.2648743154043, 61.72080927713564, 64.10209590503793, 66.38606220147967, 68.20019820862935, 69.80488567347751, 71.14444837223695, 72.22480476606658, 73.51060505106857, 74.75699995049827, 76.12812848781769, 77.66884532143648, 79.22965279656533, 80.52025971471502, 81.8195327424619, 82.64150639078701, 83.29228392881667, 83.27405762844711, 83.05762006568376, 82.62536580331646, 82.17055252523733, 81.66321199125389, 81.32431191551984, 80.74106479597933], "vGas": [6.82, 8.12, 9.3, 10.41, 11.27, 15.22, 18.74, 21.52, 23.28, 24.59, 25.62, 26.35, 27.08, 27.81, 28.4, 28.98, 29.57, 30.3, 31.18, 32.06, 32.64, 33.23, 33.38, 33.38, 32.79, 32.06, 31.18, 30.3, 29.42, 28.69, 27.81], "vDisk": [12.59, 14.22, 15.27, 17.04, 18.03, 22.44, 24.92, 25.85, 26.01, 25.36, 25.01, 24.48, 23.7, 22.69, 21.59, 20.86, 20.11, 19.38, 18.7, 18.06, 17.47, 16.94, 16.44, 15.98, 15.57, 15.18, 14.81, 14.47, 14.16, 13.86, 13.59], "vBulge": [0.0, 0.0, 0.0, 0.0, 0.0, 0.0, 0.0, 0.0, 0.0, 0.0, 0.0, 0.0, 0.0, 0.0, 0.0, 0.0, 0.0, 0.0, 0.0, 0.0, 0.0, 0.0, 0.0, 0.0, 0.0, 0.0, 0.0, 0.0, 0.0, 0.0, 0.0]}