{"id": "DDO170", "radiusKpc": [1.87, 3.36, 4.86, 6.35, 7.85, 9.34, 10.83, 12.33], "vObs": [27.7, 42.4, 52.5, 55.6, 58.6, 59.0, 60.0, 62.2], "vObsErr": [3.0, 1.5, 1.0, 1.0, 1.1, 1.2, 1.3, 1.0], "vAcm": [28.233363785672697, 33.00531529561046, 39.53317253540161, 47.438432426289026, 60.524773775154145, 74.17975657326942, 84.61636730879846, 89.12549667469773], "vMond": [40.46023782886546, 51.756158684295166, 60.82982379167169, 67.67556648519067, 72.97148913499623, 75.69762671038733, 76.44925276274343, 75.84051034806832], "vGas": [8.68, 15.07, 20.59, 24.61, 26.94, 27.6, 26.77, 24.9], "vDisk": [18.19, 19.75, 19.94, 19.17, 18.71, 17.41, 16.05, 15.01], "vBulge": [0.0, 0.0, 0.0, 0.0, 0.0, 0.0, 0.0, 0.0]}