{"id": "DDO161", "radiusKpc": [0.6, 0.73, 0.85, 0.98, 1.07, 1.54, 2.02, 2.49, 2.96, 3.43, 3.9, 4.37, 4.86, 5.34, 5.81, 6.28, 6.75, 7.22, 7.69, 8.16, 8.64, 9.11, 9.58, 10.05, 10.52, 10.99, 11.46, 11.94, 12.41, 12.9, 13.37], "vObs": [16.0, 16.6, 18.6, 20.0, 21.4, 28.9, 32.9, 35.2, 37.6, 40.6, 42.7, 45.5, 48.9, 51.5, 53.0, 55.0, 57.6, 59.7, 60.5, 61.8, 62.9, 63.0, 64.5, 65.6, 67.5, 66.8, 66.8, 66.6, 66.8, 66.3, 66.1], "vObsErr": [3.53, 4.83, 2.5, 7.58, 4.03, 2.74, 2.65, 2.88, 3.05, 3.68, 3.25, 2.99, 1.96, 1.53, 1.86, 1.48, 0.99, 1.19, 1.26, 1.33, 1.35, 2.09, 2.38, 1.08, 3.22, 2.37, 0.95, 0.96, 0.99, 0.74, 1.31], "vAcm": [18.107477479254253, 20.350029812512815, 22.08103748423425, 24.178683912826564, 25.479378132591826, 30.72957320471043, 34.26108935500614, 38.54674330444947, 42.63356782340925, 45.263943532851584, 47.19153839411186, 48.59286792077262, 49.78955599517101, 50.61929361021161, 50.93782720533375, 50.95901250609158, 50.569198447744405, 50.025376207423214, 50.12434105077254, 51.47283342920647, 53.98619652756779, 57.66117548032619, 62.19205934236773, 67.08938745947637, 71.12071630523305, 73.8582550091772, 75.46194360769452, 76.44090129570894, 77.13340877541344, 78.05136485886445, 79.02313014300955], "vMond": [26.330718922440166, 29.65497746131349, 32.21834935495898, 35.39340881676946, 37.39173144774577, 46.4921370593123, 53.3739507296027, 58.2648743154043, 61.72080927713564, 64.10209590503793, 66.38606220147967, 68.20019820862935, 69.80488567347751, 71.14444837223695, 72.22480476606658, 73.51060505106857, 74.75699995049827, 76.12812848781769, 77.66884532143648, 79.22965279656533, 80.52025971471502, 81.8195327424619, 82.64150639078701, 83.29228392881667, 83.27405762844711, 83.05762006568376, 82.62536580331646, 82.17055252523733, 81.66321199125389, 81.32431191551984, 80.74106479597933], "vGas": [6.82, 8.12, 9.3, 10.41, 11.27, 15.22, 18.74, 21.52, 23.28, 24.59, 25.62, 26.35, 27.08, 27.81, 28.4, 28.98, 29.57, 30.3, 31.18, 32.06, 32.64, 33.23, 33.38, 33.38, 32.79, 32.06, 31.18, 30.3, 29.42, 28.69, 27.81], "vDisk": [12.59, 14.22, 15.27, 17.04, 18.03, 22.44, 24.92, 25.85, 26.01, 25.36, 25.01, 24.48, 23.7, 22.69, 21.59, 20.86, 20.11, 19.38, 18.7, 18.06, 17.47, 16.94, 16.44, 15.98, 15.57, 15.18, 14.81, 14.47, 14.16, 13.86, 13.59], "vBulge": [0.0, 0.0, 0.0, 0.0, 0.0, 0.0, 0.0, 0.0, 0.0, 0.0, 0.0, 0.0, 0.0, 0.0, 0.0, 0.0, 0.0, 0.0, 0.0, 0.0, 0.0, 0.0, 0.0, 0.0, 0.0, 0.0, 0.0, 0.0, 0.0, 0.0, 0.0]}