{"id": "DDO154", "radiusKpc": [0.49, 0.99, 1.48, 1.97, 2.47, 2.96, 3.46, 3.95, 4.44, 4.94, 5.43, 5.92], "vObs": [13.8, 21.6, 28.9, 34.3, 38.2, 42.0, 44.6, 46.3, 47.4, 48.2, 47.4, 45.5], "vObsErr": [1.6, 0.8, 0.7, 0.5, 0.4, 0.2, 0.2, 0.2, 0.3, 0.6, 0.7, 1.3], "vAcm": [23.945974894677423, 35.08826303712134, 38.97777814850504, 40.78632293275017, 41.118036955673524, 40.56274064400118, 49.352893059645425, 64.01898480296984, 74.06744471269633, 80.81831086562347, 86.07158397525056, 89.8164668923489], "vMond": [32.7254370621048, 43.63797391825514, 48.56219527267831, 52.96392354850404, 56.279798469286, 59.83103984238521, 63.57478288302026, 65.59633837609843, 66.29803922730315, 66.68270846538101, 66.7107780640748, 66.62400050773029], "vGas": [3.74, 7.46, 10.87, 13.32, 14.77, 16.2, 17.6, 17.91, 17.48, 16.93, 16.28, 15.64], "vDisk": [12.31, 14.55, 12.95, 11.54, 10.18, 9.16, 8.37, 7.77, 7.29, 6.89, 6.55, 6.26], "vBulge": [0.0, 0.0, 0.0, 0.0, 0.0, 0.0, 0.0, 0.0, 0.0, 0.0, 0.0, 0.0]}