{"id": "DDO168", "radiusKpc": [0.41, 0.82, 1.24, 1.64, 2.06, 2.47, 2.89, 3.3, 3.71, 4.12], "vObs": [15.0, 23.4, 29.2, 36.2, 44.0, 52.1, 52.9, 54.8, 55.0, 52.0], "vObsErr": [4.1, 1.3, 1.5, 1.1, 1.1, 1.2, 1.7, 2.2, 2.5, 2.7], "vAcm": [17.203532437458453, 22.63044344392073, 32.327986747783456, 34.106364017988305, 37.54207802195436, 43.2060446850508, 47.425754092172845, 50.28457633517222, 54.31191502297529, 57.710403547552566], "vMond": [23.307789448579477, 36.22811462125604, 42.563973128920544, 45.75198691117988, 50.09483961630951, 52.6918853951165, 54.752927309975604, 56.297579447805816, 57.7391353510343, 58.54647515481904], "vGas": [10.41, 18.08, 20.09, 20.2, 22.0, 22.63, 22.95, 22.74, 22.74, 22.74], "vDisk": [8.28, 12.66, 15.11, 15.99, 16.89, 17.03, 16.99, 17.19, 17.16, 16.37], "vBulge": [0.0, 0.0, 0.0, 0.0, 0.0, 0.0, 0.0, 0.0, 0.0, 0.0]}