{"id": "ESO079-G014", "radiusKpc": [0.41, 0.98, 1.78, 2.69, 3.36, 4.39, 5.65, 6.34, 6.89, 8.34, 10.04, 11.65, 13.36, 15.06, 16.67], "vObs": [33.2, 50.4, 53.9, 67.6, 81.7, 102.0, 116.0, 132.0, 137.0, 154.0, 163.0, 170.0, 175.0, 177.0, 178.0], "vObsErr": [11.6, 11.8, 9.75, 5.1, 5.06, 5.35, 6.44, 9.1, 5.25, 4.2, 3.28, 2.41, 2.18, 2.23, 2.03], "vAcm": [29.1776323235716, 47.55911275896169, 62.28890163609266, 77.30241851621938, 85.87820371559037, 93.75201084784835, 96.35039018320202, 98.457830619331, 102.92886066723032, 122.91457926406848, 131.12901713343754, 159.84046496346866, 183.43775656274872, 198.1583088002642, 204.75784884571604], "vMond": [39.61614193747629, 63.92397625176556, 84.34579068545807, 102.93934814647872, 113.0453236987986, 122.56888627690645, 133.08593221997722, 139.5858161272938, 145.87902347981213, 163.99307428010587, 184.29922087067624, 194.62921564556265, 200.19353453614818, 201.2637403674055, 201.4187956840274], "vGas": [2.21, 4.41, 6.75, 8.55, 9.18, 9.29, 9.5, 10.22, 11.87, 17.23, 24.23, 30.75, 36.2, 39.42, 40.49], "vDisk": [28.95, 47.6, 62.09, 75.48, 82.21, 86.87, 92.23, 96.19, 100.53, 113.81, 128.72, 133.41, 132.99, 128.51, 124.23], "vBulge": [0.0, 0.0, 0.0, 0.0, 0.0, 0.0, 0.0, 0.0, 0.0, 0.0, 0.0, 0.0, 0.0, 0.0, 0.0]}