{"id": "ESO116-G012", "radiusKpc": [0.25, 0.83, 1.38, 1.85, 2.68, 3.19, 3.68, 4.13, 5.23, 6.05, 6.81, 7.56, 8.32, 9.09, 9.86], "vObs": [20.9, 40.0, 51.5, 67.9, 80.2, 83.3, 91.4, 102.0, 105.0, 109.0, 108.0, 109.0, 110.0, 111.0, 112.0], "vObsErr": [3.4, 3.29, 2.96, 3.45, 2.93, 3.08, 2.83, 5.4, 4.21, 2.1, 2.1, 2.1, 2.1, 2.33, 4.74], "vAcm": [17.980814400232376, 36.779587425784136, 52.64321183462998, 62.59944144443418, 64.87532764129281, 68.14415814069878, 72.14768375282512, 75.8546369037253, 85.58329295320483, 88.39755838712466, 87.3143032454753, 85.89123253785459, 89.45441996240204, 100.61734308507671, 106.33565802192246], "vMond": [25.46899983270935, 49.58847912323013, 69.62940187054782, 82.84818576981785, 88.06626298026664, 94.17053700734772, 99.30627253318177, 103.07700536426364, 107.16901161311523, 106.84335518737075, 106.00786939310468, 107.3945772255348, 109.08587271234141, 110.28398034837593, 108.67993246923827], "vGas": [-0.22, -1.8, -1.55, 5.01, 12.54, 16.68, 20.19, 22.31, 25.63, 27.28, 28.58, 30.7, 33.83, 35.49, 33.74], "vDisk": [17.33, 34.96, 51.34, 61.73, 60.49, 63.17, 65.14, 66.32, 64.52, 60.09, 55.74, 53.61, 51.18, 49.08, 46.34], "vBulge": [0.0, 0.0, 0.0, 0.0, 0.0, 0.0, 0.0, 0.0, 0.0, 0.0, 0.0, 0.0, 0.0, 0.0, 0.0]}