{"id": "ESO116-G012", "radiusKpc": [0.25, 0.83, 1.38, 1.85, 2.68, 3.19, 3.68, 4.13, 5.23, 6.05, 6.81, 7.56, 8.32, 9.09, 9.86], "vObs": [20.9, 40.0, 51.5, 67.9, 80.2, 83.3, 91.4, 102.0, 105.0, 109.0, 108.0, 109.0, 110.0, 111.0, 112.0], "vObsErr": [3.4, 3.29, 2.96, 3.45, 2.93, 3.08, 2.83, 5.4, 4.21, 2.1, 2.1, 2.1, 2.1, 2.33, 4.74], "vAcm": [17.975830182253823, 36.76817215215777, 52.631202249635315, 62.58831665042237, 64.8593951861166, 68.12823111585305, 72.1303204788754, 75.83533889652827, 85.58417014878569, 88.42474206109257, 87.34229712541512, 85.90411823198605, 89.46909783476438, 100.67857739343016, 106.45731705947021], "vMond": [25.46899983270935, 49.58847912323013, 69.62940187054782, 82.84818576981785, 88.06626298026664, 94.17053700734772, 99.30627253318177, 103.07700536426364, 107.16901161311523, 106.84335518737075, 106.00786939310468, 107.3945772255348, 109.08587271234141, 110.28398034837593, 108.67993246923827], "vGas": [-0.22, -1.8, -1.55, 5.01, 12.54, 16.68, 20.19, 22.31, 25.63, 27.28, 28.58, 30.7, 33.83, 35.49, 33.74], "vDisk": [17.33, 34.96, 51.34, 61.73, 60.49, 63.17, 65.14, 66.32, 64.52, 60.09, 55.74, 53.61, 51.18, 49.08, 46.34], "vBulge": [0.0, 0.0, 0.0, 0.0, 0.0, 0.0, 0.0, 0.0, 0.0, 0.0, 0.0, 0.0, 0.0, 0.0, 0.0]}