{"id": "ESO444-G084", "radiusKpc": [0.26, 0.77, 1.29, 1.81, 2.32, 3.39, 4.44], "vObs": [18.3, 35.3, 47.8, 52.8, 58.0, 63.1, 62.7], "vObsErr": [1.8, 3.0, 4.63, 1.26, 3.11, 1.35, 7.36], "vAcm": [9.635727159204546, 16.485066089677808, 22.737485728722252, 27.902479179770914, 34.773463232493945, 44.25570984710443, 48.66513609888058], "vMond": [14.159421667536762, 26.40994646565065, 32.2299466025852, 35.9520210368378, 38.04855931549349, 37.88402631882568, 36.63861046235489], "vGas": [4.59, 11.55, 16.45, 19.03, 20.09, 17.39, 14.45], "vDisk": [8.31, 14.79, 14.54, 13.66, 12.28, 9.97, 8.53], "vBulge": [0.0, 0.0, 0.0, 0.0, 0.0, 0.0, 0.0]}