{"id": "ESO444-G084", "radiusKpc": [0.26, 0.77, 1.29, 1.81, 2.32, 3.39, 4.44], "vObs": [18.3, 35.3, 47.8, 52.8, 58.0, 63.1, 62.7], "vObsErr": [1.8, 3.0, 4.63, 1.26, 3.11, 1.35, 7.36], "vAcm": [9.628374537712391, 16.478331510042732, 22.731697225175665, 27.910424861607424, 34.814557475762, 44.379460706152855, 48.840976781740174], "vMond": [14.159421667536762, 26.40994646565065, 32.2299466025852, 35.9520210368378, 38.04855931549349, 37.88402631882568, 36.63861046235489], "vGas": [4.59, 11.55, 16.45, 19.03, 20.09, 17.39, 14.45], "vDisk": [8.31, 14.79, 14.54, 13.66, 12.28, 9.97, 8.53], "vBulge": [0.0, 0.0, 0.0, 0.0, 0.0, 0.0, 0.0]}