{"id": "ESO563-G021", "radiusKpc": [0.45, 1.34, 2.23, 3.12, 4.01, 4.9, 5.79, 6.69, 7.58, 8.47, 10.23, 12.06, 13.44, 15.18, 16.83, 18.56, 20.3, 21.94, 23.68, 25.41, 27.06, 28.8, 30.53, 32.18, 33.91, 35.65, 37.3, 39.03, 40.76, 42.41], "vObs": [18.9, 58.3, 74.1, 119.0, 141.0, 195.0, 227.0, 246.0, 268.0, 283.0, 291.0, 310.0, 310.0, 310.0, 314.0, 317.0, 319.0, 318.0, 317.0, 317.0, 312.0, 312.0, 311.0, 310.0, 313.0, 320.0, 321.0, 320.0, 315.0, 312.0], "vObsErr": [9.78, 10.5, 5.69, 4.27, 3.76, 4.54, 4.2, 4.24, 5.56, 2.96, 9.81, 4.74, 20.4, 16.1, 13.5, 12.7, 10.4, 10.8, 9.3, 7.23, 8.39, 8.37, 11.5, 14.5, 15.9, 8.83, 7.88, 8.0, 9.82, 9.07], "vAcm": [65.61789640988285, 120.93027157747512, 138.82786955415187, 147.96983159205422, 159.68640735584484, 177.34840551398764, 200.29906360346286, 218.53198784395818, 229.04025273688134, 242.13248310240343, 262.65752523694846, 279.1418157663347, 283.4335655786068, 289.169137799412, 292.5207813157828, 288.02784282749997, 285.40844272453205, 287.41072144418126, 290.532742595433, 286.90773587341755, 282.3162323682587, 275.97864310868306, 270.1822396735198, 267.2503958763866, 265.9852566388232, 264.2857462174166, 263.0283398158227, 261.32042470505525, 259.3867618932169, 258.0044695907457], "vMond": [74.04689137658826, 134.8687812143947, 157.79839087884963, 171.5552317783178, 187.2865424235662, 208.21001128957462, 233.75333219440833, 254.71067472899148, 268.13517468643295, 283.4940037156384, 307.2017809388755, 325.9641276807017, 332.7852187642986, 341.63193393494544, 347.3945066020757, 346.01606174536647, 347.273808303473, 351.86951305479846, 354.9614650952585, 350.56740069910245, 346.26587000567446, 340.8053268319179, 335.1687301906689, 331.1847782162453, 328.0159940215904, 324.60285623843777, 322.03333787035837, 319.14105637500836, 316.522352780619, 314.6047070070896], "vGas": [0.0, 0.0, 0.0, 0.0, 0.0, 0.0, 0.0, 0.0, 0.0, 0.0, 0.0, 0.04, 0.4, 3.11, 15.18, 22.91, 33.06, 33.62, 39.67, 44.98, 46.29, 43.21, 45.08, 52.43, 59.7, 61.56, 63.33, 62.96, 62.4, 62.21], "vDisk": [65.19, 120.17, 137.48, 146.18, 157.86, 175.79, 199.19, 217.87, 228.65, 241.76, 260.94, 275.04, 277.98, 282.25, 283.33, 276.47, 272.19, 273.0, 271.34, 261.62, 252.97, 243.84, 233.85, 224.75, 216.21, 208.83, 202.65, 196.77, 191.39, 186.89], "vBulge": [0.0, 0.0, 0.0, 0.0, 0.0, 0.0, 0.0, 0.0, 0.0, 0.0, 0.0, 0.0, 0.0, 0.0, 0.0, 0.0, 0.0, 0.0, 0.0, 0.0, 0.0, 0.0, 0.0, 0.0, 0.0, 0.0, 0.0, 0.0, 0.0, 0.0]}