{"id": "F561-1", "radiusKpc": [1.61, 3.23, 4.84, 6.45, 8.06, 9.66], "vObs": [23.4, 40.6, 45.5, 49.2, 50.4, 50.4], "vObsErr": [10.0, 5.0, 5.0, 5.0, 5.0, 5.0], "vAcm": [31.963320173689638, 48.9788988337771, 50.29202754641188, 50.93749906395417, 66.55946787709846, 82.76958371922429], "vMond": [50.382651747284406, 69.13818407306997, 78.65071224398501, 90.89531307167648, 102.20130561918957, 108.85829344769664], "vGas": [5.21, 10.57, 15.71, 20.94, 25.97, 29.26], "vDisk": [28.61, 37.58, 39.1, 44.01, 48.52, 49.44], "vBulge": [0.0, 0.0, 0.0, 0.0, 0.0, 0.0]}