{"id": "F563-V1", "radiusKpc": [1.31, 2.63, 3.93, 5.24, 6.55, 7.87], "vObs": [12.0, 21.7, 28.6, 29.5, 28.6, 27.3], "vObsErr": [5.0, 5.0, 5.0, 5.0, 5.0, 5.0], "vAcm": [23.0944669300433, 38.265273760428464, 27.821122888035553, 56.77417543136342, 65.37319744871793, 70.68075688058913], "vMond": [29.22422843279511, 44.524215058364824, 58.63561999730675, 65.12948240520592, 69.43100106543487, 73.49524879196717], "vGas": [4.66, 9.66, 13.79, 16.46, 18.52, 20.17], "vDisk": [11.06, 16.85, 23.41, 24.18, 23.59, 23.33], "vBulge": [0.0, 0.0, 0.0, 0.0, 0.0, 0.0]}