{"id": "F563-1", "radiusKpc": [1.07, 1.78, 2.49, 2.97, 3.04, 3.19, 6.95, 8.58, 9.26, 9.89, 10.08, 11.84, 14.56, 15.43, 17.93, 19.02, 20.1], "vObs": [22.1, 42.7, 60.6, 76.8, 81.6, 87.0, 90.0, 97.8, 93.7, 103.0, 97.4, 106.5, 112.0, 111.5, 111.0, 112.5, 106.0], "vObsErr": [7.17, 10.66, 7.69, 11.1, 17.5, 8.93, 24.8, 9.4, 25.3, 23.8, 11.0, 9.48, 11.0, 9.4, 24.3, 7.75, 10.7], "vAcm": [22.02979429280399, 31.482358544506564, 40.41928961578754, 45.04300397445994, 45.626901842326966, 46.74370519157029, 48.4024978741822, 46.82941395665838, 46.45770545171245, 47.01774264599568, 47.61612780871061, 72.76974289193436, 86.61858171087908, 86.75493348095512, 76.96155103218409, 80.66577682274921, 84.45423987409437], "vMond": [35.448000632071576, 46.92260795555038, 54.156066951042405, 57.575456545346576, 57.84836338610152, 58.56282579143301, 76.03887301667397, 82.78510926928723, 85.51935045479081, 88.25032942431801, 89.18314270774188, 94.8532738550031, 97.22526049621148, 98.26232439354459, 103.27303565114367, 105.39987682503146, 107.24348725504277], "vGas": [1.98, 4.03, 6.25, 7.78, 8.01, 8.49, 17.83, 22.83, 24.91, 26.69, 27.31, 30.86, 30.44, 30.7, 33.36, 34.35, 35.34], "vDisk": [18.3, 24.51, 27.45, 28.28, 28.2, 28.16, 29.57, 29.09, 28.73, 28.7, 28.73, 27.77, 25.73, 25.11, 23.48, 22.95, 22.07], "vBulge": [0.0, 0.0, 0.0, 0.0, 0.0, 0.0, 0.0, 0.0, 0.0, 0.0, 0.0, 0.0, 0.0, 0.0, 0.0, 0.0, 0.0]}