{"id": "F563-V2", "radiusKpc": [0.28, 0.87, 1.46, 2.05, 2.35, 4.76, 7.86, 8.7, 10.18, 10.47], "vObs": [11.9, 34.8, 58.5, 81.5, 91.8, 114.0, 116.0, 117.0, 118.0, 118.0], "vObsErr": [7.89, 7.89, 8.68, 14.2, 17.5, 8.68, 8.68, 16.6, 51.9, 40.3], "vAcm": [15.159744252365815, 28.535198774632654, 36.78000144830861, 38.261426008777406, 39.47146967269531, 62.19514455922657, 61.24090622154877, 90.19552840940001, 129.52385547658602, 130.94063822011228], "vMond": [14.470714923368957, 33.36330258401876, 48.06784665131357, 59.97306264205071, 64.3858657464339, 84.59235606853254, 100.11949018541087, 105.26940424873685, 107.30299048812414, 107.69805057325698], "vGas": [0.95, 2.93, 4.98, 7.2, 8.24, 16.62, 34.33, 39.57, 39.57, 39.57], "vDisk": [6.22, 17.64, 27.33, 35.16, 37.71, 45.06, 41.16, 40.09, 38.11, 37.78], "vBulge": [0.0, 0.0, 0.0, 0.0, 0.0, 0.0, 0.0, 0.0, 0.0, 0.0]}