{"id": "F565-V2", "radiusKpc": [1.26, 2.51, 3.78, 5.03, 6.29, 7.54, 8.8], "vObs": [21.7, 40.3, 57.7, 68.5, 73.5, 78.5, 83.1], "vObsErr": [10.0, 10.0, 7.0, 7.0, 7.0, 5.0, 6.0], "vAcm": [23.283034455830727, 22.450569381345776, 38.122329886488565, 32.12458669123971, 32.071972178844064, 53.84015721509994, 68.19991347061611], "vMond": [29.931023850778484, 45.12252347516495, 54.486956657796576, 60.415097294244426, 68.36176544193587, 74.42876524377624, 78.11973006234845], "vGas": [5.7, 10.7, 14.75, 18.18, 21.5, 24.72, 27.11], "vDisk": [11.4, 17.23, 19.15, 18.51, 20.41, 20.52, 18.68], "vBulge": [0.0, 0.0, 0.0, 0.0, 0.0, 0.0, 0.0]}