{"id": "F565-V2", "radiusKpc": [1.26, 2.51, 3.78, 5.03, 6.29, 7.54, 8.8], "vObs": [21.7, 40.3, 57.7, 68.5, 73.5, 78.5, 83.1], "vObsErr": [10.0, 10.0, 7.0, 7.0, 7.0, 5.0, 6.0], "vAcm": [23.30827177006013, 22.458214228062147, 38.150346994969205, 32.144257277866764, 32.07877809339696, 53.87066046978968, 68.20993797968056], "vMond": [29.931023850778484, 45.12252347516495, 54.486956657796576, 60.415097294244426, 68.36176544193587, 74.42876524377624, 78.11973006234845], "vGas": [5.7, 10.7, 14.75, 18.18, 21.5, 24.72, 27.11], "vDisk": [11.4, 17.23, 19.15, 18.51, 20.41, 20.52, 18.68], "vBulge": [0.0, 0.0, 0.0, 0.0, 0.0, 0.0, 0.0]}