{"id": "F568-1", "radiusKpc": [0.44, 1.32, 2.2, 3.08, 3.96, 4.84, 5.53, 7.48, 8.37, 9.24, 10.13, 13.23], "vObs": [15.7, 44.5, 69.4, 90.0, 105.0, 113.0, 117.0, 124.0, 127.0, 130.0, 133.0, 142.0], "vObsErr": [9.1, 9.1, 9.1, 11.4, 9.88, 16.2, 24.8, 9.1, 9.1, 9.1, 9.1, 23.8], "vAcm": [18.53550347240297, 31.42513168789939, 41.55962039594591, 51.532528620620646, 55.00329746544298, 52.98781004022723, 51.26513703186238, 61.24834299413737, 61.08468339088964, 68.57821523703578, 75.31321612378024, 88.03380134533202], "vMond": [23.829754199060282, 49.16239285273209, 62.3935631402056, 70.98491870179399, 75.80249755860233, 81.24935708076292, 85.80861226858825, 101.79738715024858, 108.3302820596045, 113.50895240903039, 118.04107034011639, 131.42640106228245], "vGas": [-2.08, -5.39, -6.26, -3.53, 1.83, 8.4, 13.64, 27.27, 32.13, 36.26, 39.77, 47.41], "vDisk": [12.26, 28.49, 35.84, 40.15, 41.23, 42.44, 43.19, 47.2, 48.6, 48.96, 48.92, 49.96], "vBulge": [0.0, 0.0, 0.0, 0.0, 0.0, 0.0, 0.0, 0.0, 0.0, 0.0, 0.0, 0.0]}