{"id": "F568-3", "radiusKpc": [0.64, 1.18, 1.8, 2.03, 2.78, 3.0, 3.64, 4.19, 4.6, 5.14, 5.39, 6.31, 9.1, 10.17, 11.99, 14.02, 15.94, 17.98], "vObs": [12.4, 21.9, 32.3, 37.9, 53.1, 62.4, 68.0, 78.0, 82.3, 85.7, 85.5, 89.5, 95.2, 97.5, 101.0, 107.0, 117.0, 120.0], "vObsErr": [8.6, 6.2, 1.88, 6.2, 9.5, 11.0, 6.2, 7.98, 6.2, 6.3, 6.51, 15.6, 15.5, 6.2, 10.2, 10.7, 11.7, 12.0], "vAcm": [19.84754642777359, 27.285827787788183, 32.257423764012024, 34.17755238469518, 40.544015679394306, 42.05128098874169, 45.94329982957936, 53.28405999114084, 57.369193811794446, 57.7414390889839, 57.8734517500491, 61.974834306409406, 85.36860499591823, 97.43345128721083, 127.03801231745027, 141.99267079856062, 155.26740430892949, 169.41279400966454], "vMond": [26.897253462624658, 39.544272929474296, 50.49880968193014, 53.96007238916181, 64.78411308865032, 67.58216767014926, 74.98445370100897, 80.59015529505565, 83.41146597669045, 86.50475309179657, 88.32228266245043, 95.11029611424938, 108.61387362874328, 113.57032965554075, 119.46598527664567, 123.91434845490191, 128.21557156268454, 131.59082510681617], "vGas": [1.18, 1.55, 1.6, 1.54, 1.46, 1.62, 2.96, 5.28, 6.86, 8.92, 9.95, 14.48, 26.69, 29.9, 33.72, 36.41, 38.69, 39.0], "vDisk": [13.56, 21.17, 27.72, 29.76, 36.4, 38.08, 42.4, 45.43, 46.43, 47.19, 47.91, 50.48, 51.31, 52.01, 51.6, 50.13, 49.27, 48.97], "vBulge": [0.0, 0.0, 0.0, 0.0, 0.0, 0.0, 0.0, 0.0, 0.0, 0.0, 0.0, 0.0, 0.0, 0.0, 0.0, 0.0, 0.0, 0.0]}