{"id": "F568-V1", "radiusKpc": [0.39, 1.18, 1.95, 2.74, 3.53, 4.3, 5.09, 5.87, 6.4, 7.44, 8.21, 9.0, 9.72, 11.79, 17.63], "vObs": [17.4, 46.3, 69.1, 85.2, 93.2, 100.0, 108.0, 112.0, 113.0, 113.0, 112.0, 111.0, 111.0, 113.0, 118.0], "vObsErr": [30.4, 37.1, 13.1, 6.2, 6.2, 12.4, 6.2, 6.2, 24.9, 15.5, 13.1, 26.4, 19.4, 12.5, 14.6], "vAcm": [16.998695776302647, 31.226411583920253, 40.15379687732918, 43.03729057396063, 45.73880599862344, 53.171980632254815, 60.83240001861724, 63.16621064526848, 63.7315927789812, 64.97658632025164, 71.72922158933231, 75.2294157774123, 75.30171692800066, 92.0838542017802, 126.04690883794954], "vMond": [22.838512567130728, 47.69610394547525, 58.74981067659895, 65.26926940056441, 73.34497416615562, 80.22183955362446, 84.63267409431462, 87.34403242393111, 89.60057009380878, 94.41756581087535, 97.86693090161775, 99.80814397700392, 102.38498072500843, 109.52590658083864, 114.31765229513903], "vGas": [-1.11, -2.76, -2.63, -0.03, 3.84, 7.34, 9.92, 12.15, 13.65, 17.06, 19.87, 22.99, 26.1, 34.23, 36.03], "vDisk": [12.25, 28.99, 34.78, 37.08, 41.2, 44.37, 45.35, 44.94, 45.12, 45.76, 46.01, 44.52, 43.69, 40.77, 33.12], "vBulge": [0.0, 0.0, 0.0, 0.0, 0.0, 0.0, 0.0, 0.0, 0.0, 0.0, 0.0, 0.0, 0.0, 0.0, 0.0]}