{"id": "F571-8", "radiusKpc": [0.22, 0.78, 1.33, 2.33, 3.44, 3.78, 4.77, 5.44, 6.11, 7.22, 9.33, 11.1, 15.55], "vObs": [12.4, 37.5, 56.5, 69.1, 85.5, 87.1, 105.0, 112.0, 116.0, 124.0, 135.0, 140.0, 144.0], "vObsErr": [7.0, 4.0, 4.0, 4.0, 7.5, 8.4, 4.0, 6.7, 4.0, 4.0, 4.0, 4.0, 5.0], "vAcm": [38.79387956591924, 86.1561699969832, 105.09955121709447, 117.75138920600338, 112.94761707006711, 110.11705070130353, 100.98474827096248, 97.46868785560213, 94.66915502767395, 93.02380443112727, 92.18021620769676, 93.88303981595065, 98.67693081718431], "vMond": [45.10384526401362, 97.4461893367833, 119.99036807509887, 137.558542925116, 138.14517453807437, 136.72501377834777, 130.927617759057, 128.62912866930364, 126.55040120951539, 125.5561214446514, 124.11822794153343, 124.20615405061407, 123.09024788730287], "vGas": [0.92, 2.67, 3.9, 5.34, 7.09, 7.29, 8.42, 8.94, 9.45, 10.47, 11.28, 11.8, 11.28], "vDisk": [38.29, 85.69, 104.0, 114.45, 107.32, 103.7, 92.03, 86.43, 81.42, 76.23, 68.45, 64.24, 55.43], "vBulge": [0.0, 0.0, 0.0, 0.0, 0.0, 0.0, 0.0, 0.0, 0.0, 0.0, 0.0, 0.0, 0.0]}