{"id": "F571-V1", "radiusKpc": [1.95, 3.88, 5.83, 7.78, 9.72, 11.66, 13.59], "vObs": [32.0, 57.6, 70.9, 77.0, 82.5, 84.3, 83.9], "vObsErr": [10.0, 10.0, 7.0, 6.0, 6.0, 6.0, 6.0], "vAcm": [32.5693206515335, 52.25760887768173, 61.51365946447401, 63.78566907543261, 80.25338266068344, 99.37152336826195, 106.52422484710038], "vMond": [48.42381962498592, 71.87001746815739, 79.05738939946005, 86.91819829194138, 93.74795548375346, 96.21410698273246, 95.45468522145504], "vGas": [7.85, 15.1, 20.84, 25.68, 29.5, 30.81, 28.8], "vDisk": [23.82, 35.57, 33.21, 32.58, 31.97, 29.08, 26.58], "vBulge": [0.0, 0.0, 0.0, 0.0, 0.0, 0.0, 0.0]}