{"id": "F574-1", "radiusKpc": [0.47, 1.41, 2.35, 3.29, 4.22, 5.17, 6.11, 7.05, 7.99, 8.92, 9.87, 10.79, 11.8, 12.6], "vObs": [15.3, 41.0, 60.7, 74.9, 83.0, 86.8, 89.4, 92.5, 94.7, 96.3, 97.8, 98.8, 99.5, 99.7], "vObsErr": [4.4, 4.36, 4.4, 4.4, 6.28, 4.4, 4.4, 4.4, 4.4, 4.4, 4.4, 4.62, 4.4, 5.14], "vAcm": [19.77515188802676, 36.40541238854646, 48.150504167142856, 53.5743435434116, 55.582770202958834, 57.77291984567773, 64.02807287325844, 69.56494414004581, 76.99226273291515, 77.91901492492272, 72.68761741097447, 75.71730855919172, 88.94450233708831, 95.98982738179943], "vMond": [24.5190010182722, 53.1875118492332, 67.3858781293522, 73.52017481812956, 79.62751558026108, 85.88060759840587, 91.75726118137585, 95.76883019963552, 100.10417467453802, 102.53074185326588, 106.6931382191597, 110.78791603681994, 114.78223297957112, 117.18418554444887], "vGas": [0.25, 0.88, 1.88, 3.41, 5.43, 7.8, 10.44, 13.15, 16.07, 18.98, 21.99, 25.0, 27.82, 30.02], "vDisk": [12.99, 32.88, 41.13, 42.43, 44.37, 46.69, 48.85, 49.34, 50.15, 49.17, 49.76, 50.33, 50.68, 50.19], "vBulge": [0.0, 0.0, 0.0, 0.0, 0.0, 0.0, 0.0, 0.0, 0.0, 0.0, 0.0, 0.0, 0.0, 0.0]}