{"id": "F579-V1", "radiusKpc": [0.42, 1.47, 2.11, 2.84, 3.9, 4.74, 5.69, 6.32, 7.37, 8.21, 9.16, 10.85, 12.21, 15.16], "vObs": [35.7, 83.3, 94.2, 97.6, 101.0, 105.0, 106.0, 108.0, 110.0, 112.0, 113.0, 114.0, 114.0, 114.0], "vObsErr": [9.1, 9.3, 10.4, 9.1, 9.1, 16.7, 9.1, 11.5, 23.0, 19.7, 9.1, 9.1, 9.1, 11.2], "vAcm": [20.445797016216485, 42.74447424507907, 51.615501071743026, 58.875286685398414, 61.038709408762834, 65.84259665793297, 75.82034154131891, 80.35436555589986, 89.82967630458383, 93.64537631950665, 98.24900857468413, 118.65753821991458, 127.97441708853769, 139.10419283770787], "vMond": [26.83615089845148, 62.07630237036126, 74.19410754988017, 83.11454784631036, 92.59530568115683, 102.19830386796487, 111.14050243431969, 115.59298396729434, 122.26809969979321, 125.82302941146285, 130.43314580826402, 135.64050222424262, 136.3110373243039, 138.38286206915754], "vGas": [-1.7, -4.3, -3.8, -0.8, 5.9, 10.47, 13.24, 14.88, 17.96, 20.83, 23.19, 26.37, 28.32, 33.04], "vDisk": [15.39, 40.7, 48.7, 53.6, 57.61, 63.1, 67.96, 69.85, 72.36, 72.55, 73.73, 73.37, 69.96, 63.57], "vBulge": [0.0, 0.0, 0.0, 0.0, 0.0, 0.0, 0.0, 0.0, 0.0, 0.0, 0.0, 0.0, 0.0, 0.0]}