{"id": "F583-4", "radiusKpc": [0.22, 0.76, 1.31, 1.94, 3.92, 4.35, 5.0, 5.05, 5.83, 6.09, 6.74, 7.29], "vObs": [10.7, 24.7, 38.9, 42.7, 55.0, 57.2, 59.8, 62.5, 61.8, 64.4, 67.2, 69.9], "vObsErr": [4.9, 4.9, 4.9, 7.89, 4.9, 4.9, 4.9, 3.43, 3.98, 4.9, 4.9, 4.9], "vAcm": [13.001147215452868, 25.64799924773743, 31.673332812087818, 36.05140187796562, 56.14291135333128, 58.58616115287001, 64.66957074121335, 64.9746012162198, 67.92741277276436, 69.05797013479088, 81.45377150942413, 91.66417849649618], "vMond": [13.091633536607857, 32.83030553629874, 46.871308279781836, 57.011121176563044, 73.40115854949089, 75.37826256240122, 78.67090793509756, 78.83430550075126, 81.09896632305382, 81.81488214153349, 85.40918102031715, 84.87354087615358], "vGas": [0.47, 1.87, 3.27, 4.87, 8.5, 9.17, 10.3, 10.4, 12.1, 12.72, 14.18, 15.33], "vDisk": [5.59, 17.63, 26.64, 32.27, 38.26, 38.43, 39.09, 39.06, 38.38, 38.13, 39.23, 36.96], "vBulge": [0.0, 0.0, 0.0, 0.0, 0.0, 0.0, 0.0, 0.0, 0.0, 0.0, 0.0, 0.0]}