{"id": "F583-1", "radiusKpc": [0.26, 0.44, 0.77, 0.89, 1.22, 1.55, 1.8, 2.21, 2.31, 2.54, 3.1, 3.43, 3.86, 4.09, 4.37, 4.76, 5.4, 5.86, 6.08, 6.43, 6.97, 7.96, 10.29, 15.49, 16.26], "vObs": [14.6, 10.0, 10.7, 17.4, 23.5, 31.0, 32.3, 40.9, 43.8, 44.8, 51.7, 55.7, 59.4, 62.0, 63.0, 66.6, 71.3, 72.3, 73.4, 72.4, 77.1, 80.3, 84.7, 86.9, 85.8], "vObsErr": [13.0, 7.0, 7.13, 9.6, 11.2, 5.2, 2.41, 5.9, 4.26, 4.5, 12.7, 4.5, 9.85, 4.5, 3.2, 6.9, 2.95, 15.5, 6.0, 5.81, 12.1, 13.5, 6.0, 5.6, 8.6], "vAcm": [12.774540818017995, 16.592532341847516, 20.780420856268204, 21.779525710582462, 24.99089929811427, 29.536526729873373, 30.518065888134824, 26.877775372863017, 26.225089431336563, 25.62303156588878, 27.010648904750845, 30.021416111331582, 36.05455087829443, 36.33874249755461, 34.927848575026864, 33.88560717324934, 37.729822367091934, 41.225770811941075, 41.51606854626002, 39.834954769167766, 34.59468123710412, 36.56819877832389, 52.46949905937495, 119.18190329506812, 124.56827074017055], "vMond": [12.669650586234328, 18.55021427535745, 27.376281940738647, 29.9336367238109, 35.38797320835262, 38.652794396613196, 39.847363626540165, 42.77212497529125, 43.62474004165197, 45.59479255716304, 50.407032892940755, 53.37156964513282, 55.92747950912805, 56.962542900233124, 58.742281112577274, 61.046216053427834, 64.61972572570818, 66.9761517519748, 67.97571851272095, 69.65799425885984, 72.46732042089127, 77.51741862407587, 88.30405677177986, 102.98511324284426, 104.01568805827527], "vGas": [-0.5, -0.86, -1.55, -1.78, -2.43, -2.98, -3.18, -3.53, -3.66, -4.08, -5.16, -4.94, -3.07, 1.31, 4.42, 7.13, 11.25, 13.88, 14.94, 16.72, 19.67, 24.09, 31.66, 39.34, 39.55], "vDisk": [5.06, 8.17, 13.14, 14.55, 17.29, 18.37, 18.25, 19.06, 19.39, 20.16, 22.16, 23.71, 24.94, 25.34, 25.74, 26.09, 26.17, 25.92, 25.73, 25.39, 24.74, 23.76, 22.09, 17.78, 17.09], "vBulge": [0.0, 0.0, 0.0, 0.0, 0.0, 0.0, 0.0, 0.0, 0.0, 0.0, 0.0, 0.0, 0.0, 0.0, 0.0, 0.0, 0.0, 0.0, 0.0, 0.0, 0.0, 0.0, 0.0, 0.0, 0.0]}