{"id": "IC2574", "radiusKpc": [0.85, 1.14, 1.42, 1.71, 1.99, 2.28, 2.55, 2.84, 3.13, 3.41, 3.7, 3.98, 4.26, 4.55, 4.84, 5.12, 5.41, 5.68, 5.97, 6.26, 6.54, 6.83, 7.1, 7.39, 7.68, 7.96, 8.25, 8.52, 8.81, 9.1, 9.38, 9.67, 9.96, 10.23], "vObs": [10.3, 12.9, 16.4, 18.6, 19.8, 26.1, 27.7, 29.7, 33.0, 34.8, 35.0, 39.0, 35.9, 40.0, 38.7, 41.8, 42.9, 44.4, 46.1, 49.0, 51.9, 53.1, 54.0, 55.9, 58.8, 57.3, 54.0, 63.8, 60.5, 61.0, 66.0, 65.2, 67.1, 67.5], "vObsErr": [0.2, 2.7, 1.8, 2.1, 2.0, 0.6, 2.7, 2.6, 3.4, 1.2, 0.9, 10.2, 5.4, 4.1, 1.4, 0.5, 0.4, 1.7, 1.3, 0.9, 0.6, 2.1, 0.5, 1.1, 3.6, 4.6, 9.0, 12.0, 6.2, 5.7, 1.3, 3.4, 4.7, 9.3], "vAcm": [21.318564159509034, 24.25013083741379, 26.0827687924517, 27.079139972881304, 27.434156857019445, 27.554154219989858, 29.68873357672868, 34.598665940377366, 41.3152048143709, 47.56913907613822, 52.57895592024935, 57.04185054659736, 61.96189199731927, 65.30342824113556, 63.5858767874064, 57.02288683326228, 49.78022042372606, 47.153802232792835, 48.960952774309725, 54.69037424989087, 61.82331565103606, 67.0819872809677, 68.3740945521396, 66.87171282373333, 67.43415202728382, 72.33512772618376, 79.08471444635316, 81.8964509766349, 79.62164454504793, 73.78476244381353, 68.64974709355732, 66.15161300039587, 65.16406014553819, 64.9226032242873], "vMond": [25.453989943910567, 30.732573846187492, 34.96734153404251, 38.97816444172499, 42.92393006640077, 45.856725006672406, 48.69423615349794, 51.07370938140511, 53.19921193568092, 54.923253527575795, 55.818044740026544, 56.71057503521011, 58.77092040620024, 62.61220235377832, 66.64720529270953, 69.13595623323552, 70.76137570694864, 72.9267558397997, 74.90577230991373, 76.96177611329819, 78.75371977081664, 79.49270266525413, 80.35114005523613, 81.31586592533152, 82.80543905586974, 84.08211675042571, 85.16639273052958, 85.58435084298668, 86.37551764997731, 87.30717351292591, 88.6855845773323, 90.74080549543513, 91.36227906358563, 92.50262147851159], "vGas": [0.0, 0.0, 0.94, 3.44, 5.14, 5.82, 6.87, 7.58, 8.21, 8.78, 8.64, 7.98, 7.97, 10.01, 11.42, 12.67, 13.13, 13.93, 14.5, 15.98, 17.58, 18.38, 19.29, 19.86, 21.01, 21.81, 22.49, 22.38, 22.6, 22.95, 23.63, 24.89, 25.8, 27.17], "vDisk": [9.59, 11.99, 13.83, 15.27, 16.76, 17.77, 18.7, 19.36, 19.89, 20.19, 20.15, 20.39, 21.28, 22.72, 24.6, 25.34, 25.74, 26.48, 27.15, 27.39, 27.31, 26.75, 26.25, 26.04, 25.86, 25.77, 25.57, 25.47, 25.41, 25.38, 25.51, 25.74, 24.84, 23.97], "vBulge": [0.0, 0.0, 0.0, 0.0, 0.0, 0.0, 0.0, 0.0, 0.0, 0.0, 0.0, 0.0, 0.0, 0.0, 0.0, 0.0, 0.0, 0.0, 0.0, 0.0, 0.0, 0.0, 0.0, 0.0, 0.0, 0.0, 0.0, 0.0, 0.0, 0.0, 0.0, 0.0, 0.0, 0.0]}