{"id": "IC4202", "radiusKpc": [0.77, 1.59, 2.36, 3.13, 3.95, 4.73, 5.5, 6.27, 7.08, 7.86, 8.66, 9.45, 10.24, 11.02, 11.79, 12.47, 13.34, 14.11, 14.59, 14.98, 15.75, 16.52, 17.1, 17.88, 18.65, 19.62, 20.78, 22.13, 23.0, 23.58, 25.03, 25.9], "vObs": [35.1, 77.9, 115.0, 156.0, 192.0, 204.0, 209.0, 220.0, 231.0, 235.0, 245.0, 246.0, 239.0, 240.0, 240.0, 246.0, 241.0, 250.0, 242.0, 244.0, 248.0, 249.0, 246.0, 241.0, 247.0, 234.0, 249.0, 236.0, 245.0, 243.0, 238.0, 247.0], "vObsErr": [3.96, 3.95, 6.7, 3.16, 3.14, 2.9, 3.36, 3.25, 3.49, 4.65, 6.0, 5.57, 6.95, 7.16, 4.85, 7.68, 6.21, 5.62, 5.1, 7.41, 5.08, 5.22, 6.35, 16.2, 14.6, 20.9, 10.0, 16.1, 22.1, 4.2, 7.76, 6.14], "vAcm": [136.94267754148487, 183.81424015521745, 189.6627335056897, 192.03005620115405, 200.47140246769985, 209.15753552758628, 211.461146695012, 212.02069864588674, 217.11397852289065, 226.182011119717, 235.60677077235843, 243.2816628854534, 248.75212245348627, 251.93082840915787, 253.3452460654297, 253.30457297907964, 252.36072180715675, 250.9442740691611, 249.99664867921265, 249.22435175573798, 247.5958289940032, 245.90984367369524, 244.41295865725834, 242.1616020993953, 239.82218741563685, 236.98572550572953, 234.62116706659666, 233.3417491861119, 232.29980183118388, 231.656872288201, 229.4929052385727, 227.8147428401338], "vMond": [145.03750105771, 195.78770550373224, 205.7298178817163, 212.01247505970042, 224.10187546049895, 235.84694987121728, 241.3381476895257, 245.38050304860803, 254.11384080735888, 266.06030616355247, 277.5935417760894, 286.7119596587674, 293.378177381863, 297.7523472171937, 300.4192802603429, 301.5052352198697, 301.958577701896, 301.8277556411922, 301.6976429705755, 301.57025485488657, 301.1072137336305, 300.46953835597753, 299.7571755574618, 298.5812016229589, 297.3132947457803, 295.7520924969714, 294.42525732649256, 293.3144652322887, 292.35237805537037, 291.7195478288748, 289.10692642032245, 287.48217693448396], "vGas": [2.22, 3.89, 4.02, 0.9, 0.0, 0.0, 0.0, 0.0, 0.0, 0.24, 0.0, 3.8, 0.0, 3.35, 15.63, 22.51, 30.77, 37.16, 39.71, 41.88, 44.73, 46.3, 46.79, 46.99, 47.18, 47.77, 51.51, 57.31, 59.87, 61.24, 61.05, 60.16], "vDisk": [20.98, 40.96, 58.24, 74.68, 91.45, 107.35, 120.52, 132.68, 150.86, 170.8, 187.59, 199.82, 208.12, 212.98, 214.9, 214.77, 213.03, 210.67, 209.26, 208.03, 205.55, 203.07, 201.06, 198.19, 195.23, 191.47, 186.83, 181.4, 177.88, 175.64, 170.07, 166.98], "vBulge": [133.76, 176.62, 176.92, 172.53, 173.49, 174.08, 167.74, 159.21, 150.44, 142.84, 136.33, 130.53, 125.41, 120.9, 116.92, 113.67, 109.94, 106.85, 105.08, 103.7, 101.13, 98.75, 97.06, 94.92, 92.94, 90.61, 88.05, 85.32, 83.69, 82.65, 80.22, 78.87]}