{"id": "KK98-251", "radiusKpc": [0.25, 0.41, 0.57, 0.74, 0.9, 1.07, 1.24, 1.4, 1.57, 1.72, 1.89, 2.06, 2.46, 2.79, 3.13], "vObs": [4.25, 6.84, 9.56, 12.3, 15.1, 17.5, 19.7, 21.8, 24.4, 27.3, 30.3, 32.6, 33.3, 34.6, 34.2], "vObsErr": [2.0, 2.0, 2.0, 2.0, 2.0, 2.0, 2.0, 2.0, 2.0, 2.0, 2.0, 2.0, 2.0, 2.0, 2.0], "vAcm": [12.204685229097755, 16.48297204307166, 21.923915419105462, 26.57805273433081, 29.1872347517565, 31.41861297333033, 31.32117463195377, 29.562237879533132, 27.730320663438224, 26.09290798545774, 23.734020144729143, 27.672060278511704, 42.24276919847829, 58.06123166391747, 67.32706719761028], "vMond": [10.179847526744497, 14.16828702954438, 17.741631346270054, 22.00535946732807, 25.51144665625861, 29.167804023600453, 32.601299695294955, 35.38054970304883, 37.907613916880436, 40.02197780927333, 42.10546081256706, 43.80849638629551, 46.7783381719392, 48.60028131029434, 48.84249316507625], "vGas": [1.87, 3.32, 4.8, 6.44, 8.03, 9.79, 11.57, 13.11, 14.44, 15.54, 16.53, 17.3, 18.07, 18.07, 17.41], "vDisk": [2.88, 3.93, 4.8, 6.36, 7.43, 8.56, 9.52, 10.08, 10.55, 10.95, 11.36, 11.57, 12.23, 12.94, 12.45], "vBulge": [0.0, 0.0, 0.0, 0.0, 0.0, 0.0, 0.0, 0.0, 0.0, 0.0, 0.0, 0.0, 0.0, 0.0, 0.0]}