{"id": "NGC0300", "radiusKpc": [0.91, 1.36, 1.82, 2.27, 2.72, 3.17, 3.63, 4.08, 4.54, 4.99, 5.45, 5.9, 6.36, 6.81, 7.26, 7.71, 8.17, 8.62, 9.07, 9.53, 9.96, 10.45, 10.93, 11.32, 11.8], "vObs": [33.1, 46.7, 53.9, 58.8, 65.6, 70.8, 82.1, 84.1, 83.4, 81.5, 80.8, 82.8, 88.2, 88.5, 88.4, 88.2, 89.5, 89.7, 93.7, 97.0, 96.2, 94.8, 92.5, 92.8, 93.5], "vObsErr": [3.9, 2.7, 4.7, 2.5, 2.6, 2.7, 4.9, 6.6, 6.2, 2.7, 4.0, 12.4, 11.7, 8.5, 8.9, 10.8, 3.1, 9.5, 7.3, 5.7, 1.5, 2.1, 13.9, 10.6, 12.1], "vAcm": [28.62482841878236, 34.28587227210474, 38.97397880466321, 44.017374757171694, 48.66006133867632, 52.695908822991434, 55.816392171620926, 58.23977322486759, 60.76513243385238, 62.587485084550764, 62.7428373044932, 61.093769614670016, 60.22208233750651, 62.81272080060602, 69.16267161941444, 76.65558215027484, 82.49707294899173, 85.58831759383652, 87.65284347020689, 90.21254774427271, 92.55015178617674, 94.3404846038543, 94.88489854105248, 94.49307534508128, 93.88864755082825], "vMond": [41.77246674726019, 50.20073667443266, 56.94331412220154, 63.00038753893575, 67.5231321755367, 70.88437234040403, 73.3913350446971, 75.3702240078455, 77.28598233637115, 78.50853976140361, 79.3780263027482, 80.36031514512037, 82.25600392641391, 84.15345171831562, 85.69601647346252, 86.47173898632751, 86.41118850131461, 86.03262346833083, 85.83656691766473, 85.77286598116402, 85.20939043611006, 84.61862577050624, 84.05280915149575, 83.54633398292198, 83.4283032602762], "vGas": [0.0, 0.0, 0.0, 2.86, 7.4, 8.38, 8.42, 9.19, 12.0, 12.98, 13.57, 15.44, 20.16, 24.2, 27.05, 28.23, 27.84, 26.95, 26.46, 26.26, 25.18, 24.1, 23.02, 22.03, 21.74], "vDisk": [31.52, 37.5, 42.04, 46.16, 48.37, 49.78, 50.48, 50.65, 50.39, 49.84, 49.05, 48.12, 47.07, 45.98, 44.86, 43.73, 42.59, 41.5, 40.45, 39.41, 38.5, 37.5, 36.62, 35.97, 35.19], "vBulge": [0.0, 0.0, 0.0, 0.0, 0.0, 0.0, 0.0, 0.0, 0.0, 0.0, 0.0, 0.0, 0.0, 0.0, 0.0, 0.0, 0.0, 0.0, 0.0, 0.0, 0.0, 0.0, 0.0, 0.0, 0.0]}