{"id": "NGC0289", "radiusKpc": [1.5, 2.52, 3.46, 4.32, 5.43, 6.38, 7.57, 10.6, 13.57, 16.64, 19.71, 22.68, 25.75, 28.72, 31.79, 34.77, 37.84, 40.81, 43.88, 46.85, 49.92, 52.99, 55.96, 59.03, 62.0, 65.07, 68.05, 71.12], "vObs": [164.0, 194.0, 175.0, 185.0, 175.0, 167.0, 176.0, 185.0, 183.0, 172.0, 161.0, 156.0, 159.0, 173.0, 177.0, 179.0, 181.0, 182.0, 182.0, 180.0, 177.0, 175.0, 172.0, 168.0, 158.0, 158.0, 166.0, 165.0], "vObsErr": [28.2, 32.0, 25.2, 31.5, 27.9, 27.2, 7.18, 4.29, 4.22, 4.33, 4.24, 5.08, 6.49, 6.97, 6.57, 4.47, 4.26, 4.26, 4.83, 5.5, 8.5, 11.0, 11.6, 12.6, 5.38, 6.5, 15.5, 8.75], "vAcm": [191.61920325514564, 242.6531687463855, 232.60335386808487, 238.61896353018815, 240.74574577696956, 231.2060229452445, 218.39247162213522, 192.9299697266746, 175.89365726042544, 163.30434235712428, 157.13465455717795, 154.11798399626767, 151.08956160093567, 147.522994288955, 146.39864316545777, 147.86932557493176, 149.72051583611946, 151.9699244524518, 153.74825179129638, 154.5648284812346, 154.7353720496476, 155.3754877290673, 157.71212382023862, 161.1008711896003, 162.66332291767503, 162.46919743895756, 162.07635027958423, 162.37586086614635], "vMond": [203.6803044471485, 258.40314940819917, 253.3691727057548, 262.8307579126613, 269.2760690028067, 263.75904405642706, 255.79514385581774, 241.9000300465225, 234.41518263182624, 228.81896983390416, 228.0157638872134, 229.32111220986312, 229.56621887869733, 229.1408664240563, 231.81212904788282, 234.97007410370514, 236.41938256009823, 237.71479430354603, 237.91687279822875, 237.67235062443686, 237.40413538054983, 237.37671357494676, 237.41000604237556, 236.6326698848013, 234.86101565000624, 233.16167355581194, 231.99850717170943, 230.8882725363313], "vGas": [3.86, 5.64, 6.85, 7.4, 6.0, 4.74, 7.37, 21.99, 32.44, 38.81, 42.5, 49.56, 54.94, 55.53, 60.71, 65.78, 67.48, 68.67, 68.27, 67.18, 65.98, 65.09, 64.29, 62.6, 59.81, 57.13, 55.14, 53.24], "vDisk": [179.05, 226.49, 215.85, 220.68, 221.66, 211.57, 198.06, 170.85, 151.82, 136.17, 127.01, 119.49, 111.5, 105.68, 100.59, 96.09, 92.02, 88.49, 85.15, 82.29, 79.64, 77.21, 75.06, 72.97, 71.15, 69.42, 67.85, 66.34], "vBulge": [0.0, 0.0, 0.0, 0.0, 0.0, 0.0, 0.0, 0.0, 0.0, 0.0, 0.0, 0.0, 0.0, 0.0, 0.0, 0.0, 0.0, 0.0, 0.0, 0.0, 0.0, 0.0, 0.0, 0.0, 0.0, 0.0, 0.0, 0.0]}