{"id": "NGC0247", "radiusKpc": [1.08, 1.61, 2.15, 2.7, 3.22, 3.77, 4.31, 4.85, 5.38, 5.92, 6.46, 6.99, 7.53, 8.07, 8.62, 9.14, 9.69, 10.23, 10.76, 11.3, 11.84, 12.38, 12.91, 13.48, 14.01, 14.54], "vObs": [34.6, 47.0, 59.1, 64.4, 67.4, 69.8, 71.3, 73.2, 75.1, 78.5, 81.4, 83.5, 87.1, 90.7, 93.1, 95.9, 98.4, 101.0, 103.0, 104.0, 105.0, 105.0, 105.0, 106.0, 108.0, 107.0], "vObsErr": [0.9, 0.8, 3.1, 1.4, 2.3, 0.7, 1.1, 1.7, 3.0, 3.8, 5.0, 7.0, 7.2, 4.8, 1.4, 2.1, 5.2, 8.2, 9.4, 9.4, 8.9, 8.4, 9.0, 8.4, 7.7, 9.2], "vAcm": [27.478404738254337, 33.69370469619717, 36.86685186731877, 39.52735842916477, 43.21955055193979, 47.65172142041466, 52.47808480921947, 57.17461468184729, 60.7228931214004, 63.19082493626801, 64.74401222486036, 66.11973206057318, 68.04021616424356, 69.96440349122265, 72.0759371984265, 75.32600594153286, 80.82719874696802, 87.99176038229399, 96.23837957749102, 105.41252681637441, 114.55932495955307, 122.9978522453248, 130.00994696276453, 135.71505036832826, 139.12327688792058, 141.37269684393274], "vMond": [39.74561191393705, 51.23043377484049, 59.602553375477356, 66.39643640749465, 72.52671143616223, 78.20504752011682, 83.23365385140337, 87.63147869693758, 91.21851841076253, 94.66974195065511, 97.96351024150356, 101.12342401084194, 104.39551948271232, 107.30656191627922, 110.21421328973139, 113.01972929606906, 115.6816546499675, 117.9480931792791, 119.84305739973111, 121.34713015972785, 122.33025641214111, 122.93638248552654, 123.0162849336693, 122.73437309154271, 122.21721339995048, 121.65205201701976], "vGas": [2.87, 4.22, 5.53, 7.02, 8.74, 10.74, 12.87, 14.02, 14.25, 15.4, 17.47, 20.12, 23.34, 25.63, 27.36, 29.31, 31.5, 33.45, 35.18, 36.44, 37.01, 37.01, 36.33, 35.29, 34.03, 32.65], "vDisk": [22.18, 29.63, 34.54, 38.17, 41.49, 44.33, 46.65, 48.71, 50.36, 51.67, 52.6, 53.23, 53.67, 54.09, 54.75, 55.29, 55.46, 55.35, 54.98, 54.45, 53.82, 53.2, 52.54, 51.7, 50.9, 50.18], "vBulge": [0.0, 0.0, 0.0, 0.0, 0.0, 0.0, 0.0, 0.0, 0.0, 0.0, 0.0, 0.0, 0.0, 0.0, 0.0, 0.0, 0.0, 0.0, 0.0, 0.0, 0.0, 0.0, 0.0, 0.0, 0.0, 0.0]}