{"id": "NGC0801", "radiusKpc": [1.17, 1.56, 1.96, 2.73, 3.52, 10.59, 17.65, 24.61, 31.67, 38.74, 45.8, 52.86, 59.82], "vObs": [123.0, 142.0, 205.0, 228.0, 238.0, 229.0, 225.0, 220.0, 222.0, 219.0, 214.0, 216.0, 216.0], "vObsErr": [6.2, 6.2, 6.2, 6.2, 6.2, 4.2, 6.9, 4.0, 2.4, 4.1, 4.7, 2.6, 8.8], "vAcm": [183.03381210500785, 209.99841545014482, 231.72465546977685, 264.1345316114249, 281.3738470707207, 275.6157345602121, 257.44108475866267, 248.92511875026725, 255.70583702772745, 256.2474659921819, 249.05483328419493, 244.92823870502818, 249.69081047753397], "vMond": [192.8435182826072, 221.33944234192518, 244.5331205738269, 279.50059432575887, 299.4541591810732, 316.36865413506104, 314.89765506843156, 317.01713786767914, 326.5079358087466, 323.0937513675956, 314.2523299080592, 310.0279270693945, 309.53325731098755], "vGas": [2.58, 3.43, 4.28, 5.96, 7.61, 23.2, 37.46, 47.21, 59.26, 61.77, 58.45, 58.96, 66.89], "vDisk": [183.66, 210.66, 232.37, 264.64, 281.54, 269.17, 243.6, 226.69, 219.45, 202.4, 183.36, 169.7, 158.21], "vBulge": [0.0, 0.0, 0.0, 0.0, 0.0, 0.0, 0.0, 0.0, 0.0, 0.0, 0.0, 0.0, 0.0]}