{"id": "NGC0247", "radiusKpc": [1.08, 1.61, 2.15, 2.7, 3.22, 3.77, 4.31, 4.85, 5.38, 5.92, 6.46, 6.99, 7.53, 8.07, 8.62, 9.14, 9.69, 10.23, 10.76, 11.3, 11.84, 12.38, 12.91, 13.48, 14.01, 14.54], "vObs": [34.6, 47.0, 59.1, 64.4, 67.4, 69.8, 71.3, 73.2, 75.1, 78.5, 81.4, 83.5, 87.1, 90.7, 93.1, 95.9, 98.4, 101.0, 103.0, 104.0, 105.0, 105.0, 105.0, 106.0, 108.0, 107.0], "vObsErr": [0.9, 0.8, 3.1, 1.4, 2.3, 0.7, 1.1, 1.7, 3.0, 3.8, 5.0, 7.0, 7.2, 4.8, 1.4, 2.1, 5.2, 8.2, 9.4, 9.4, 8.9, 8.4, 9.0, 8.4, 7.7, 9.2], "vAcm": [27.467199214683177, 33.68346223311855, 36.85959613670489, 39.52225095784394, 43.21349596836716, 47.642320020781135, 52.46519155341953, 57.15983776726353, 60.707918685524085, 63.175857093691484, 64.72826649940356, 66.10259313696126, 68.02184256688732, 69.94494938415698, 72.05579755101682, 75.30780317498294, 80.81739848701433, 87.99994978035939, 96.27622820542942, 105.49339566452265, 114.69372136364981, 123.19250820875403, 130.26612496024245, 136.03217244680155, 139.48346718594476, 141.75967121420896], "vMond": [39.74561191393705, 51.23043377484049, 59.602553375477356, 66.39643640749465, 72.52671143616223, 78.20504752011682, 83.23365385140337, 87.63147869693758, 91.21851841076253, 94.66974195065511, 97.96351024150356, 101.12342401084194, 104.39551948271232, 107.30656191627922, 110.21421328973139, 113.01972929606906, 115.6816546499675, 117.9480931792791, 119.84305739973111, 121.34713015972785, 122.33025641214111, 122.93638248552654, 123.0162849336693, 122.73437309154271, 122.21721339995048, 121.65205201701976], "vGas": [2.87, 4.22, 5.53, 7.02, 8.74, 10.74, 12.87, 14.02, 14.25, 15.4, 17.47, 20.12, 23.34, 25.63, 27.36, 29.31, 31.5, 33.45, 35.18, 36.44, 37.01, 37.01, 36.33, 35.29, 34.03, 32.65], "vDisk": [22.18, 29.63, 34.54, 38.17, 41.49, 44.33, 46.65, 48.71, 50.36, 51.67, 52.6, 53.23, 53.67, 54.09, 54.75, 55.29, 55.46, 55.35, 54.98, 54.45, 53.82, 53.2, 52.54, 51.7, 50.9, 50.18], "vBulge": [0.0, 0.0, 0.0, 0.0, 0.0, 0.0, 0.0, 0.0, 0.0, 0.0, 0.0, 0.0, 0.0, 0.0, 0.0, 0.0, 0.0, 0.0, 0.0, 0.0, 0.0, 0.0, 0.0, 0.0, 0.0, 0.0]}