{"id": "NGC0100", "radiusKpc": [0.23, 0.69, 1.15, 1.59, 2.05, 2.51, 2.97, 3.42, 3.88, 4.34, 4.79, 5.24, 5.7, 6.16, 7.16, 7.52, 7.98, 8.44, 8.9, 9.35, 9.62], "vObs": [6.81, 20.0, 33.0, 42.7, 49.9, 55.5, 61.9, 67.9, 73.1, 76.1, 77.8, 79.0, 78.5, 79.8, 83.4, 84.6, 86.1, 87.5, 89.0, 90.4, 91.2], "vObsErr": [8.19, 4.09, 4.0, 4.0, 4.0, 4.0, 4.0, 4.0, 4.0, 3.0, 5.34, 4.0, 5.6, 7.15, 5.12, 4.0, 5.53, 10.2, 7.77, 5.16, 13.7], "vAcm": [14.345061701457519, 28.889829317100375, 38.35111488508011, 44.035920609199934, 49.539646330638604, 54.48484877106794, 59.586758225055924, 65.38437515504317, 69.98368721892626, 72.82478503409067, 75.01354511914782, 77.79398344001869, 80.40480826494209, 82.18375394938677, 84.3840821993082, 85.24247248618835, 86.2571656754013, 87.3153417230528, 87.92794145294415, 87.7528047444049, 87.95576766412104], "vMond": [18.281908467411565, 39.01839706727923, 54.44518828889083, 64.92908399306816, 72.97016147976115, 79.34299324919265, 85.10061765894153, 89.78383308025545, 92.33792639992285, 93.83766878447717, 95.16421607834678, 96.30079921459337, 96.58155559634082, 96.60661776649528, 96.77879363036475, 96.90674034958177, 97.09522903811299, 97.40520086894747, 97.72484595707519, 98.08569686540416, 98.49209298471696], "vGas": [-0.86, -1.93, -3.62, -4.31, -3.92, 3.21, 7.43, 10.05, 11.97, 13.61, 14.82, 15.7, 16.36, 16.58, 17.02, 17.46, 18.01, 18.77, 19.76, 20.86, 21.63], "vDisk": [9.67, 23.77, 34.7, 41.73, 46.7, 50.33, 53.12, 55.1, 55.08, 54.16, 53.32, 52.48, 50.92, 49.36, 46.44, 45.44, 44.24, 43.11, 41.91, 40.72, 40.12], "vBulge": [0.0, 0.0, 0.0, 0.0, 0.0, 0.0, 0.0, 0.0, 0.0, 0.0, 0.0, 0.0, 0.0, 0.0, 0.0, 0.0, 0.0, 0.0, 0.0, 0.0, 0.0]}