{"id": "NGC0891", "radiusKpc": [0.92, 2.32, 3.24, 4.17, 5.1, 6.03, 6.96, 7.89, 8.8, 9.73, 10.64, 11.58, 12.52, 13.46, 14.4, 15.33, 16.27, 17.11], "vObs": [234.0, 192.0, 212.0, 223.0, 222.0, 224.0, 224.0, 226.0, 226.0, 227.0, 227.0, 224.0, 220.0, 218.0, 217.0, 216.0, 210.0, 208.0], "vObsErr": [12.0, 12.0, 6.3, 4.41, 4.01, 3.85, 3.23, 3.4, 3.21, 2.75, 2.65, 2.35, 2.43, 2.3, 2.77, 4.43, 4.47, 4.35], "vAcm": [287.0449282004427, 343.0520644158764, 368.77373639680496, 349.09824793697993, 328.106295716528, 312.06126785631, 300.90185352246056, 288.1443499369933, 281.39885637792804, 268.8530042228917, 259.9128651407468, 253.36865312293602, 244.52872261266526, 240.56769288396896, 235.3533696006956, 229.62909893332557, 224.36367619426454, 219.26689849195233], "vMond": [291.993081111931, 353.32519235973035, 381.72564809191385, 365.9149514727241, 349.2022416985814, 337.4738192850932, 330.35816715882675, 321.64045337014426, 318.3453508874546, 309.3225103342093, 303.3485797537522, 299.49915294635576, 293.1071205891162, 291.0670671091245, 287.44915387403256, 283.33163133608736, 279.79568802589466, 276.1867415257951], "vGas": [-5.19, -10.42, -11.44, -11.64, -11.54, -11.44, -9.02, 6.44, 16.24, 25.64, 32.27, 35.44, 42.18, 46.37, 49.33, 49.33, 47.29, 45.04], "vDisk": [121.44, 280.89, 325.09, 311.44, 293.95, 280.55, 271.7, 260.33, 254.4, 241.26, 231.49, 224.36, 213.5, 208.0, 200.84, 193.84, 188.07, 182.56], "vBulge": [254.98, 185.98, 158.37, 139.66, 126.35, 116.3, 108.06, 101.6, 96.17, 91.46, 87.46, 83.84, 80.63, 77.76, 75.18, 72.86, 70.73, 68.97]}