{"id": "NGC0055", "radiusKpc": [1.23, 1.84, 2.46, 3.07, 3.68, 4.3, 4.91, 5.52, 6.14, 6.75, 7.37, 7.98, 8.59, 9.21, 9.82, 10.43, 11.05, 11.66, 12.28, 12.89, 13.5], "vObs": [28.7, 37.6, 43.1, 50.1, 58.1, 64.6, 68.5, 72.3, 74.2, 78.9, 82.4, 84.3, 85.4, 85.3, 86.8, 85.4, 85.4, 86.2, 86.1, 87.4, 86.5], "vObsErr": [3.4, 2.6, 1.2, 2.8, 4.5, 4.1, 2.7, 0.8, 2.4, 2.6, 2.3, 4.8, 7.3, 4.6, 4.0, 5.7, 7.0, 4.1, 6.2, 2.5, 5.5], "vAcm": [30.96177075440971, 38.86548859731324, 45.48972376520088, 51.01939585854748, 55.94194987220047, 60.959489164003, 65.38240126060501, 69.09538380822345, 71.83212691980327, 73.61631158850854, 75.10287264052783, 77.21197800483954, 81.18840533743882, 86.53015012883839, 91.5987757510125, 95.61889567361487, 96.91413757381943, 94.0466337241058, 87.12781264326298, 78.651850972878, 72.79266280969402], "vMond": [49.646461999864606, 60.754831297403854, 69.23926040049018, 76.04081052402199, 81.77207303911324, 86.80712014537075, 90.68930220500489, 94.00449773456116, 96.92237706992523, 99.55985121901645, 102.31062012174341, 104.86668095897097, 107.41204466139229, 109.39651404345312, 110.83905344449295, 112.02449380702517, 112.72169343071529, 113.49550569196171, 114.86199014053166, 116.62060844854692, 119.05663086408616], "vGas": [13.65, 18.65, 21.85, 25.04, 28.73, 32.28, 34.59, 36.37, 37.73, 38.68, 39.3, 39.72, 40.39, 40.44, 39.94, 39.15, 37.71, 36.23, 35.41, 34.67, 33.61], "vDisk": [27.5, 32.63, 36.38, 38.7, 39.68, 39.98, 39.99, 39.87, 39.71, 39.75, 40.35, 41.04, 41.57, 42.03, 42.44, 42.87, 43.32, 43.95, 44.71, 45.88, 48.0], "vBulge": [0.0, 0.0, 0.0, 0.0, 0.0, 0.0, 0.0, 0.0, 0.0, 0.0, 0.0, 0.0, 0.0, 0.0, 0.0, 0.0, 0.0, 0.0, 0.0, 0.0, 0.0]}