{"id": "NGC0024", "radiusKpc": [0.21, 0.32, 0.43, 0.54, 0.64, 0.74, 0.85, 0.96, 1.07, 1.17, 1.28, 1.38, 1.48, 1.59, 1.7, 1.8, 1.91, 2.02, 2.13, 2.23, 2.34, 2.44, 2.54, 2.65, 2.76, 7.07, 8.49, 9.91, 11.27], "vObs": [17.4, 31.0, 36.1, 46.0, 58.0, 63.4, 71.9, 76.4, 78.1, 80.5, 82.8, 85.6, 88.0, 92.0, 92.4, 95.1, 96.5, 101.0, 99.9, 103.0, 104.0, 107.0, 107.0, 106.0, 107.0, 104.0, 106.0, 109.0, 110.0], "vObsErr": [6.51, 8.86, 8.16, 8.52, 6.9, 9.55, 8.52, 6.82, 6.65, 6.14, 5.8, 6.48, 7.5, 8.52, 8.52, 9.2, 8.52, 8.86, 9.55, 8.18, 8.52, 9.2, 9.55, 11.2, 11.2, 3.11, 2.55, 4.95, 2.83], "vAcm": [18.603011101244732, 24.89799920052508, 28.26096807252023, 32.10928764783369, 34.84966193520053, 37.803850956618334, 41.555544990620994, 45.245002488898706, 48.391268886726515, 50.96956814719004, 53.8235860883245, 56.26913952038182, 58.72617325514478, 60.885553099110325, 63.352836736949826, 65.49164417057153, 67.98239798787286, 69.85137912960313, 71.3030257416429, 72.22357557178793, 73.41887615685086, 74.50722611739359, 75.47490324652696, 76.4405792735204, 77.18408866841929, 106.61983244057335, 113.45915556785754, 118.25992182205778, 121.41660788338453], "vMond": [24.718922949649535, 32.92438182153276, 38.06675324068631, 43.39599162240806, 47.15825205170933, 50.76817808249657, 55.007381446895934, 59.30066504196418, 63.24257942447627, 66.54438525403776, 70.10659561628901, 73.23372313424373, 76.48387950522283, 79.44517232760667, 82.1673173778579, 84.03571759212372, 85.93812129360455, 87.26622177092146, 88.46910556257365, 89.37089658088487, 90.52855853092937, 91.42308258458068, 92.11847742299427, 92.85922453119372, 93.51566695738263, 98.00430170900734, 96.48706003158618, 94.74675319003876, 93.29605923622701], "vGas": [1.51, 2.27, 3.03, 3.84, 4.53, 5.28, 6.04, 6.8, 7.62, 8.31, 9.07, 9.82, 10.57, 11.19, 11.92, 12.54, 13.26, 13.88, 14.61, 15.23, 15.96, 16.58, 17.3, 17.92, 18.55, 26.32, 24.76, 22.59, 20.52], "vDisk": [18.55, 25.65, 29.58, 33.96, 36.83, 39.62, 43.11, 46.75, 50.04, 52.76, 55.72, 58.31, 61.08, 63.47, 65.59, 66.83, 68.03, 68.59, 69.0, 69.17, 69.56, 69.75, 69.69, 69.65, 69.52, 52.21, 47.19, 43.11, 40.05], "vBulge": [0.0, 0.0, 0.0, 0.0, 0.0, 0.0, 0.0, 0.0, 0.0, 0.0, 0.0, 0.0, 0.0, 0.0, 0.0, 0.0, 0.0, 0.0, 0.0, 0.0, 0.0, 0.0, 0.0, 0.0, 0.0, 0.0, 0.0, 0.0, 0.0]}