{"id": "NGC0300", "radiusKpc": [0.91, 1.36, 1.82, 2.27, 2.72, 3.17, 3.63, 4.08, 4.54, 4.99, 5.45, 5.9, 6.36, 6.81, 7.26, 7.71, 8.17, 8.62, 9.07, 9.53, 9.96, 10.45, 10.93, 11.32, 11.8], "vObs": [33.1, 46.7, 53.9, 58.8, 65.6, 70.8, 82.1, 84.1, 83.4, 81.5, 80.8, 82.8, 88.2, 88.5, 88.4, 88.2, 89.5, 89.7, 93.7, 97.0, 96.2, 94.8, 92.5, 92.8, 93.5], "vObsErr": [3.9, 2.7, 4.7, 2.5, 2.6, 2.7, 4.9, 6.6, 6.2, 2.7, 4.0, 12.4, 11.7, 8.5, 8.9, 10.8, 3.1, 9.5, 7.3, 5.7, 1.5, 2.1, 13.9, 10.6, 12.1], "vAcm": [28.63071346370777, 34.29329741184207, 38.982627428860944, 44.025959190657694, 48.66528027854035, 52.69254099610467, 55.799600971254335, 58.206229684490154, 60.70964895252734, 62.510112689497824, 62.65639180880411, 61.01839173718349, 60.16262483306032, 62.74115581489938, 69.04034349132958, 76.46127768094952, 82.23556158984913, 85.28365718269968, 87.31557684694698, 89.83508306832455, 92.13018800202191, 93.88475865625048, 94.40807400111635, 94.01594380427092, 93.41987744113014], "vMond": [41.77246674726019, 50.20073667443266, 56.94331412220154, 63.00038753893575, 67.5231321755367, 70.88437234040403, 73.3913350446971, 75.3702240078455, 77.28598233637115, 78.50853976140361, 79.3780263027482, 80.36031514512037, 82.25600392641391, 84.15345171831562, 85.69601647346252, 86.47173898632751, 86.41118850131461, 86.03262346833083, 85.83656691766473, 85.77286598116402, 85.20939043611006, 84.61862577050624, 84.05280915149575, 83.54633398292198, 83.4283032602762], "vGas": [0.0, 0.0, 0.0, 2.86, 7.4, 8.38, 8.42, 9.19, 12.0, 12.98, 13.57, 15.44, 20.16, 24.2, 27.05, 28.23, 27.84, 26.95, 26.46, 26.26, 25.18, 24.1, 23.02, 22.03, 21.74], "vDisk": [31.52, 37.5, 42.04, 46.16, 48.37, 49.78, 50.48, 50.65, 50.39, 49.84, 49.05, 48.12, 47.07, 45.98, 44.86, 43.73, 42.59, 41.5, 40.45, 39.41, 38.5, 37.5, 36.62, 35.97, 35.19], "vBulge": [0.0, 0.0, 0.0, 0.0, 0.0, 0.0, 0.0, 0.0, 0.0, 0.0, 0.0, 0.0, 0.0, 0.0, 0.0, 0.0, 0.0, 0.0, 0.0, 0.0, 0.0, 0.0, 0.0, 0.0, 0.0]}