{"id": "NGC1003", "radiusKpc": [1.25, 2.08, 2.9, 3.73, 4.56, 5.39, 6.22, 7.04, 7.87, 8.7, 9.54, 10.34, 11.21, 11.98, 12.85, 13.72, 14.49, 15.36, 16.13, 17.0, 17.78, 18.65, 19.52, 20.29, 21.16, 21.93, 22.8, 23.67, 24.44, 25.31, 26.08, 26.95, 27.73, 28.6, 29.47, 30.24], "vObs": [47.0, 59.5, 71.6, 77.6, 83.4, 89.7, 93.8, 99.0, 103.0, 100.0, 98.3, 98.4, 94.5, 94.9, 95.3, 96.9, 97.2, 100.0, 104.0, 104.0, 105.0, 109.0, 110.0, 107.0, 106.0, 106.0, 108.0, 109.0, 110.0, 110.0, 110.0, 113.0, 114.0, 112.0, 113.0, 115.0], "vObsErr": [7.6, 4.5, 3.7, 3.1, 3.6, 3.8, 2.4, 3.0, 2.5, 2.3, 2.0, 1.7, 1.8, 2.4, 1.6, 1.8, 1.3, 1.8, 2.7, 3.2, 3.4, 3.9, 3.8, 3.8, 3.8, 4.0, 3.4, 3.2, 3.3, 2.7, 2.4, 2.5, 2.2, 1.7, 1.8, 1.6], "vAcm": [56.836124404627725, 65.57874669053399, 76.87322050296373, 82.2904631537339, 87.25043729219662, 90.6503951801269, 89.2752797043486, 88.9584607424943, 89.03349629555306, 89.06155241650579, 89.09544583526593, 88.78467284500661, 88.80122308453079, 89.21786721588435, 90.18574177729387, 91.65753813672137, 93.14304236283724, 95.03541052155131, 97.1096342470085, 100.50534299001276, 103.30567974453533, 105.8708010723544, 107.10112927514477, 108.13963730866799, 109.66830360139278, 110.6028443122101, 110.23049869560133, 108.05077488558304, 106.0678672864656, 103.23208951560515, 99.7048400857917, 95.78736468549778, 95.06502981264977, 98.90584974836999, 108.04672225539521, 116.50342624244027], "vMond": [71.81193210962104, 85.0582546127776, 99.5840434170185, 106.95715310156481, 112.80548856162551, 116.51357569662541, 114.78548328605895, 114.5987879965491, 115.05776041525846, 115.1078076230181, 114.85912404642356, 114.13076800077802, 114.08011146673552, 114.34902501901841, 114.63637978365905, 114.88190067000508, 115.0017557511339, 115.11585369612187, 115.02779735143203, 115.67866334643702, 114.99121488211513, 114.68567950392296, 113.54353808933274, 113.35426322002604, 113.26247444210611, 112.59375039434785, 112.1070190182498, 111.20158908570403, 111.85693788385905, 111.73475622056608, 111.42410093424257, 113.00563553672077, 116.87012810089232, 118.14843905714385, 121.36029474461195, 124.66678118659054], "vGas": [2.05, 6.07, 10.81, 14.74, 17.0, 19.26, 21.62, 23.59, 27.03, 28.5, 29.19, 29.29, 30.27, 31.35, 32.24, 32.83, 33.03, 33.12, 32.83, 33.52, 32.34, 31.65, 29.88, 29.39, 29.0, 27.91, 27.03, 25.65, 26.24, 25.85, 25.26, 26.83, 30.76, 31.75, 34.6, 37.45], "vDisk": [56.98, 64.63, 74.91, 77.71, 79.57, 79.39, 73.38, 69.52, 65.95, 62.8, 59.81, 56.87, 54.18, 52.09, 49.97, 48.07, 46.57, 45.03, 43.81, 42.53, 41.49, 40.42, 39.42, 38.61, 37.75, 37.04, 36.29, 35.58, 34.99, 34.35, 33.82, 33.25, 32.76, 32.24, 31.75, 31.33], "vBulge": [0.0, 0.0, 0.0, 0.0, 0.0, 0.0, 0.0, 0.0, 0.0, 0.0, 0.0, 0.0, 0.0, 0.0, 0.0, 0.0, 0.0, 0.0, 0.0, 0.0, 0.0, 0.0, 0.0, 0.0, 0.0, 0.0, 0.0, 0.0, 0.0, 0.0, 0.0, 0.0, 0.0, 0.0, 0.0, 0.0]}