{"id": "NGC1705", "radiusKpc": [0.22, 0.66, 1.11, 1.55, 2.0, 2.45, 2.89, 3.34, 3.78, 4.22, 4.66, 5.11, 5.56, 6.0], "vObs": [50.2, 62.2, 72.4, 73.2, 72.9, 72.6, 71.5, 71.1, 71.4, 71.5, 71.5, 71.3, 71.8, 71.5], "vObsErr": [7.5, 7.51, 5.35, 3.31, 3.21, 2.73, 3.41, 4.38, 4.6, 5.68, 6.2, 6.43, 9.68, 10.5], "vAcm": [53.00463038364986, 75.25151716174149, 78.56715812762727, 75.54997928508033, 72.82862656297951, 70.71656899934813, 69.66073741254995, 69.22353284956252, 68.72731310307604, 68.7855647792993, 69.43807608841354, 70.24777625733101, 68.5975526097036, 67.36667380098152], "vMond": [62.09980585803172, 91.47590791454721, 99.31643986410658, 99.35891184025, 98.43309325908805, 96.82070301699666, 95.20089998446211, 93.89433753743519, 92.87599337459214, 92.6653405073114, 92.6927245971884, 92.93844663011423, 93.14893870506296, 94.47031529036586], "vGas": [5.62, 13.36, 17.38, 17.38, 17.17, 16.22, 15.26, 14.31, 13.46, 13.36, 13.36, 13.46, 13.46, 14.31], "vDisk": [33.24, 44.88, 43.65, 39.37, 35.3, 31.81, 28.94, 26.66, 24.88, 23.42, 22.2, 21.14, 20.22, 19.44], "vBulge": [0.0, 0.0, 0.0, 0.0, 0.0, 0.0, 0.0, 0.0, 0.0, 0.0, 0.0, 0.0, 0.0, 0.0]}