{"id": "NGC1090", "radiusKpc": [0.35, 1.07, 1.6, 3.7, 5.09, 6.61, 8.17, 9.11, 10.37, 11.28, 13.62, 15.04, 16.37, 17.59, 18.8, 20.13, 21.35, 22.57, 23.89, 25.11, 26.33, 27.65, 28.87, 30.09], "vObs": [20.9, 61.7, 81.3, 124.0, 156.0, 166.0, 165.0, 174.0, 164.0, 176.0, 174.0, 168.0, 166.0, 167.0, 167.0, 165.0, 165.0, 165.0, 165.0, 163.0, 162.0, 162.0, 162.0, 160.0], "vObsErr": [9.81, 8.19, 4.32, 3.41, 7.02, 6.34, 12.1, 4.84, 5.86, 7.35, 3.28, 2.23, 2.23, 4.59, 5.3, 3.48, 3.12, 2.39, 2.23, 2.23, 2.23, 2.23, 2.23, 2.23], "vAcm": [49.126431243688, 98.67612976142985, 114.86951417543035, 146.41532487136703, 157.53407919730824, 170.75783376929957, 178.3630307952157, 176.6856860435848, 174.8552697820616, 177.07642787356488, 179.72957495452806, 177.86409602006896, 175.0637468516927, 171.5314169364822, 168.72484887391695, 166.14243345939562, 164.13427982449218, 162.66095559462494, 161.45183176655172, 160.82689156679936, 160.652708692767, 161.06432641068562, 162.13263172785352, 163.03174689721556], "vMond": [57.17278777894888, 111.90983250951005, 131.414693428689, 172.79330885663654, 189.3013921578587, 207.00507771615918, 218.08000316205298, 219.04518180003973, 221.29968509135625, 226.13735896686742, 231.71636009134374, 231.1226014872571, 229.2089479043429, 226.23572638185024, 223.88532174765217, 221.64630915476607, 219.87881007343864, 218.63186039299597, 217.55221814752417, 216.91076488212934, 216.51664869911005, 216.24597874312659, 216.20251689905098, 215.78321482862003], "vGas": [-0.82, -2.5, -3.73, -7.4, -9.39, -10.89, -5.79, 9.64, 17.85, 22.68, 31.86, 35.59, 38.11, 40.13, 41.74, 42.85, 43.55, 44.16, 45.07, 46.68, 48.39, 50.01, 51.42, 52.53], "vDisk": [48.76, 98.26, 114.22, 144.04, 154.24, 166.19, 171.87, 169.05, 166.21, 167.76, 164.88, 159.31, 153.0, 146.12, 140.2, 134.43, 129.7, 125.69, 121.68, 118.15, 114.89, 111.67, 108.99, 106.1], "vBulge": [0.0, 0.0, 0.0, 0.0, 0.0, 0.0, 0.0, 0.0, 0.0, 0.0, 0.0, 0.0, 0.0, 0.0, 0.0, 0.0, 0.0, 0.0, 0.0, 0.0, 0.0, 0.0, 0.0, 0.0]}