{"id": "NGC2903", "radiusKpc": [0.32, 0.64, 0.96, 1.28, 1.6, 1.92, 2.24, 2.56, 2.88, 3.2, 3.52, 3.84, 4.8, 5.76, 6.72, 7.68, 8.64, 9.6, 10.56, 11.52, 12.48, 13.44, 14.4, 15.36, 16.32, 17.28, 18.24, 19.2, 20.16, 21.12, 22.08, 23.04, 24.0, 24.96], "vObs": [44.0, 64.0, 128.0, 148.0, 157.0, 189.0, 195.0, 201.0, 214.0, 215.0, 215.0, 216.0, 214.0, 210.0, 205.0, 203.0, 201.0, 201.0, 199.0, 197.0, 196.0, 193.0, 190.0, 188.0, 187.0, 188.0, 186.0, 185.0, 185.0, 181.0, 178.0, 177.0, 182.0, 180.0], "vObsErr": [8.0, 8.0, 8.0, 8.0, 8.0, 8.0, 6.0, 6.0, 4.0, 4.0, 4.0, 3.0, 2.0, 2.0, 2.0, 1.0, 1.0, 1.0, 1.0, 1.0, 2.0, 3.0, 3.0, 5.0, 5.0, 3.0, 3.0, 3.0, 3.0, 3.0, 3.0, 3.0, 4.0, 8.0], "vAcm": [201.44907176196446, 208.26460654737497, 213.50629230749695, 223.77636017286198, 230.77660379921727, 236.97195865384072, 256.54580605521295, 284.5137331809123, 298.07054195338134, 307.32516391498, 305.5518582727527, 297.26861576445094, 283.45565725554496, 265.01642414758294, 246.1788264081019, 231.2463136755137, 220.04858184461312, 210.78489463600945, 203.32994079297848, 197.49289888646896, 191.74066156283826, 186.18691422542852, 181.31226328354177, 176.91741674400993, 173.35168266161753, 170.0794228645625, 167.36101411169585, 165.09958421058403, 163.1173951837672, 161.47261853491915, 160.17389531465562, 158.98046904882435, 158.2266503258828, 157.67287859027823], "vMond": [203.94310993719853, 213.00226205112267, 220.36375239116703, 232.50076244148596, 241.36271737066258, 249.3501009882655, 270.0308882064656, 298.5677146398359, 313.0472743388842, 323.2171048211793, 322.6866272164723, 315.8992293235181, 306.37864364692155, 292.9273777480291, 278.99324539464106, 268.5489676470454, 261.3121623385479, 255.47420953583523, 250.7709153884039, 247.11194372042988, 243.29846320387708, 239.5782775463616, 236.29687153467012, 233.21111715353243, 230.7510765897394, 228.40486717754962, 226.42165551034864, 224.67333241495598, 223.06808262012706, 221.68211995313007, 220.50347863994534, 219.3815884683979, 218.5608941801486, 217.7735869968522], "vGas": [0.01, 0.03, 0.08, 0.07, 1.76, 5.17, 8.23, 11.05, 13.64, 16.01, 18.18, 20.14, 24.78, 25.77, 24.89, 25.19, 25.4, 27.64, 32.7, 37.22, 37.86, 36.33, 35.33, 35.01, 34.43, 33.18, 32.48, 31.94, 31.23, 30.85, 30.69, 30.33, 30.72, 30.86], "vDisk": [197.82, 204.19, 209.11, 219.11, 225.96, 232.02, 251.26, 278.7, 291.79, 300.53, 298.29, 289.57, 274.65, 255.87, 236.77, 221.37, 209.59, 199.24, 189.8, 181.59, 174.1, 167.37, 161.19, 155.25, 150.2, 145.58, 141.36, 137.48, 133.91, 130.6, 127.55, 124.7, 122.05, 119.57], "vBulge": [0.0, 0.0, 0.0, 0.0, 0.0, 0.0, 0.0, 0.0, 0.0, 0.0, 0.0, 0.0, 0.0, 0.0, 0.0, 0.0, 0.0, 0.0, 0.0, 0.0, 0.0, 0.0, 0.0, 0.0, 0.0, 0.0, 0.0, 0.0, 0.0, 0.0, 0.0, 0.0, 0.0, 0.0]}