{"id": "NGC2683", "radiusKpc": [2.89, 5.77, 8.66, 11.54, 14.43, 17.31, 20.2, 23.08, 28.85, 31.74, 34.62], "vObs": [189.0, 212.0, 206.0, 200.0, 172.0, 190.0, 169.0, 150.0, 160.0, 155.0, 151.0], "vObsErr": [10.0, 5.0, 5.0, 5.0, 12.0, 10.0, 10.0, 10.0, 10.0, 10.0, 12.0], "vAcm": [232.83663337078892, 252.6282020174932, 222.12628444430243, 211.8349320349144, 191.626059574339, 181.40952376815034, 174.87997470473158, 170.2395187446651, 166.93510776289924, 167.06237590464616, 167.82003456847522], "vMond": [247.95329299575025, 277.5864494408369, 257.76513185153163, 255.11064625621012, 239.46992392190066, 230.89197314859263, 224.46179457243286, 219.6134471862505, 213.66170219648555, 211.63351509530008, 210.02924754340324], "vGas": [7.68, 21.36, 17.89, 24.41, 25.8, 25.8, 23.72, 20.53, 17.48, 16.5, 15.67], "vDisk": [203.92, 229.24, 197.87, 185.0, 159.52, 143.29, 130.86, 121.26, 107.36, 102.03, 97.49], "vBulge": [89.57, 63.44, 51.78, 44.86, 40.12, 36.63, 33.91, 31.72, 28.37, 27.05, 25.9]}