{"id": "NGC2976", "radiusKpc": [0.11, 0.17, 0.24, 0.31, 0.38, 0.45, 0.52, 0.59, 0.66, 0.73, 0.8, 0.87, 0.94, 1.01, 1.08, 1.14, 1.21, 1.29, 1.35, 1.42, 1.49, 1.56, 1.63, 1.74, 1.93, 2.1, 2.27], "vObs": [6.8, 9.5, 14.0, 19.8, 26.1, 28.7, 28.7, 31.7, 35.5, 39.4, 42.9, 46.0, 49.1, 49.2, 51.4, 57.2, 63.8, 67.8, 69.8, 71.7, 74.1, 76.7, 79.9, 83.6, 83.9, 88.7, 85.3], "vObsErr": [3.62, 4.31, 3.11, 5.5, 3.9, 3.5, 2.7, 2.5, 2.3, 2.1, 2.3, 2.6, 3.1, 3.2, 3.2, 3.1, 2.9, 2.8, 3.3, 3.9, 4.4, 4.8, 4.4, 3.35, 3.95, 4.44, 5.36], "vAcm": [12.965679675893053, 16.770231255945586, 21.14429442032131, 24.8976300807167, 28.210142681040775, 31.446146859433462, 34.812641434442014, 38.11298459046858, 41.184316797116516, 44.17695773967676, 47.3596143092405, 50.88062739921879, 54.99623893438903, 59.61855543448155, 64.09316407680055, 67.68943994989719, 72.16709573853305, 76.95719102270978, 80.00092979519869, 82.80121079162407, 84.9070014259995, 86.38790938299515, 87.88070783737776, 92.70810487521527, 101.36643202158713, 101.39062810127628, 100.98019337473853], "vMond": [18.109596804363647, 23.081320225631977, 28.58529868165442, 33.37578850168588, 37.600595246360335, 41.52325985400404, 45.42634886140333, 49.27846663180201, 52.91562106505272, 56.39646020804693, 59.81328731180465, 63.121046568576155, 66.63886909560057, 70.71249280276902, 74.90683951270172, 78.32228172252255, 82.60412827857587, 87.55400432573201, 91.11843664571937, 94.91970545252416, 98.50563730163137, 101.83207070513264, 104.51066272147516, 107.44224479581645, 107.29494814214033, 106.12203890377774, 105.73926941749727], "vGas": [1.06, 1.76, 2.47, 2.93, 3.29, 3.99, 4.46, 4.93, 5.88, 6.93, 7.52, 8.45, 9.28, 10.11, 11.31, 13.04, 15.48, 17.62, 19.66, 21.7, 23.73, 25.98, 27.71, 30.15, 29.44, 29.75, 29.85], "vDisk": [11.98, 15.44, 19.52, 23.11, 26.27, 29.18, 32.19, 35.22, 38.01, 40.66, 43.36, 45.92, 48.76, 52.24, 55.81, 58.54, 61.95, 66.07, 68.88, 71.85, 74.58, 76.94, 78.73, 80.17, 78.52, 75.56, 73.66], "vBulge": [0.0, 0.0, 0.0, 0.0, 0.0, 0.0, 0.0, 0.0, 0.0, 0.0, 0.0, 0.0, 0.0, 0.0, 0.0, 0.0, 0.0, 0.0, 0.0, 0.0, 0.0, 0.0, 0.0, 0.0, 0.0, 0.0, 0.0]}