{"id": "NGC2366", "radiusKpc": [0.12, 0.36, 0.59, 0.83, 1.07, 1.31, 1.54, 1.79, 2.02, 2.26, 2.49, 2.74, 2.97, 3.21, 3.44, 3.69, 3.92, 4.16, 4.4, 4.64, 4.87, 5.11, 5.35, 5.59, 5.82, 6.06], "vObs": [4.2, 9.41, 15.3, 18.4, 23.4, 28.1, 33.1, 37.5, 40.5, 42.3, 45.2, 47.4, 48.1, 48.8, 50.7, 52.1, 53.0, 53.7, 51.2, 51.6, 51.5, 50.4, 48.5, 50.0, 49.0, 49.4], "vObsErr": [3.15, 1.83, 1.37, 1.64, 2.08, 2.46, 2.01, 1.62, 1.68, 1.69, 1.91, 1.95, 1.74, 1.08, 1.55, 2.78, 2.98, 2.39, 2.21, 1.45, 1.84, 2.53, 4.6, 5.91, 7.42, 5.92], "vAcm": [8.992589750609254, 16.473558801794784, 20.197475681539636, 22.707961098305905, 25.056756998634103, 28.11715112338117, 30.19838132722479, 32.020912543866295, 34.427597176877015, 37.4293101598637, 39.12880705036125, 39.52700009402075, 39.70294027293348, 40.57032994112901, 42.06068789677281, 44.020809035837296, 45.98292268618097, 47.4308719550651, 47.5702034414322, 46.61419129379263, 46.86388562742307, 49.75207520275255, 54.10939102349301, 57.603410967006624, 59.05353623419805, 59.47603150289641], "vMond": [9.18561008335875, 20.904525276515344, 28.473841900739405, 34.985490249362414, 40.045738843064974, 43.936206717008474, 46.39986565346455, 49.1566064341821, 51.65703443302691, 53.63542643731305, 54.767876954777236, 55.99400241912825, 57.34542769423113, 58.6507776069105, 59.78435185976899, 60.79313635828163, 61.68871076604004, 62.32205735214307, 62.95740259090617, 63.60705747184946, 64.54326708419552, 65.41571257758945, 65.9685935452835, 66.30577047087398, 66.3935901501875, 66.70171791050845], "vGas": [-0.46, -0.53, 1.73, 4.19, 6.57, 9.69, 12.94, 15.67, 17.89, 19.31, 20.12, 21.03, 22.14, 23.15, 23.96, 24.56, 25.07, 25.27, 25.47, 25.68, 26.18, 26.59, 26.69, 26.59, 26.28, 26.18], "vDisk": [3.95, 11.2, 15.88, 19.68, 22.21, 23.33, 22.77, 22.48, 22.28, 22.0, 21.29, 20.52, 19.83, 19.12, 18.46, 17.79, 17.2, 16.63, 16.1, 15.61, 15.18, 14.76, 14.37, 14.01, 13.7, 13.37], "vBulge": [0.0, 0.0, 0.0, 0.0, 0.0, 0.0, 0.0, 0.0, 0.0, 0.0, 0.0, 0.0, 0.0, 0.0, 0.0, 0.0, 0.0, 0.0, 0.0, 0.0, 0.0, 0.0, 0.0, 0.0, 0.0, 0.0]}