{"id": "NGC2998", "radiusKpc": [0.33, 0.99, 1.98, 2.64, 3.63, 7.59, 12.5, 17.48, 22.46, 27.44, 32.32, 37.3, 42.28], "vObs": [90.0, 125.0, 148.0, 180.0, 201.0, 206.0, 214.0, 212.0, 213.0, 214.0, 213.0, 213.0, 203.0], "vObsErr": [20.0, 15.0, 15.0, 17.0, 15.0, 10.0, 5.0, 5.0, 2.0, 2.0, 2.0, 3.0, 3.0], "vAcm": [43.73839695661065, 90.87156339914031, 128.57008649165036, 150.44702561160022, 191.17088068970833, 220.15857681160568, 217.41402522389927, 212.97778350217035, 202.08913060901352, 199.3356587256261, 201.69444990867987, 204.4687819588315, 205.21952877450727], "vMond": [51.44782414737776, 103.39498682759734, 146.49609934828266, 171.0266788522663, 214.3276081381533, 254.2971680544021, 264.5944978125003, 267.3147502577814, 259.646948597814, 259.08649686648056, 258.73870610748315, 256.48628190678426, 253.47057564007463], "vGas": [0.0, 0.66, 2.66, 4.03, 6.22, 16.84, 32.06, 44.76, 52.43, 58.37, 63.92, 66.04, 64.42], "vDisk": [44.56, 93.23, 132.13, 154.64, 196.69, 221.58, 213.19, 198.92, 175.78, 162.69, 151.18, 139.68, 130.09], "vBulge": [0.0, 0.0, 0.0, 0.0, 0.0, 0.0, 0.0, 0.0, 0.0, 0.0, 0.0, 0.0, 0.0]}