{"id": "NGC2683", "radiusKpc": [2.89, 5.77, 8.66, 11.54, 14.43, 17.31, 20.2, 23.08, 28.85, 31.74, 34.62], "vObs": [189.0, 212.0, 206.0, 200.0, 172.0, 190.0, 169.0, 150.0, 160.0, 155.0, 151.0], "vObsErr": [10.0, 5.0, 5.0, 5.0, 12.0, 10.0, 10.0, 10.0, 10.0, 10.0, 12.0], "vAcm": [232.8144885555402, 252.5935300557025, 222.08778425683468, 211.809555762533, 191.6399040005466, 181.46853170433786, 175.0038443534904, 170.43466742612554, 167.27248622691633, 167.45659717370557, 168.26792256625467], "vMond": [247.95329299575025, 277.5864494408369, 257.76513185153163, 255.11064625621012, 239.46992392190066, 230.89197314859263, 224.46179457243286, 219.6134471862505, 213.66170219648555, 211.63351509530008, 210.02924754340324], "vGas": [7.68, 21.36, 17.89, 24.41, 25.8, 25.8, 23.72, 20.53, 17.48, 16.5, 15.67], "vDisk": [203.92, 229.24, 197.87, 185.0, 159.52, 143.29, 130.86, 121.26, 107.36, 102.03, 97.49], "vBulge": [89.57, 63.44, 51.78, 44.86, 40.12, 36.63, 33.91, 31.72, 28.37, 27.05, 25.9]}