{"id": "NGC2976", "radiusKpc": [0.11, 0.17, 0.24, 0.31, 0.38, 0.45, 0.52, 0.59, 0.66, 0.73, 0.8, 0.87, 0.94, 1.01, 1.08, 1.14, 1.21, 1.29, 1.35, 1.42, 1.49, 1.56, 1.63, 1.74, 1.93, 2.1, 2.27], "vObs": [6.8, 9.5, 14.0, 19.8, 26.1, 28.7, 28.7, 31.7, 35.5, 39.4, 42.9, 46.0, 49.1, 49.2, 51.4, 57.2, 63.8, 67.8, 69.8, 71.7, 74.1, 76.7, 79.9, 83.6, 83.9, 88.7, 85.3], "vObsErr": [3.62, 4.31, 3.11, 5.5, 3.9, 3.5, 2.7, 2.5, 2.3, 2.1, 2.3, 2.6, 3.1, 3.2, 3.2, 3.1, 2.9, 2.8, 3.3, 3.9, 4.4, 4.8, 4.4, 3.35, 3.95, 4.44, 5.36], "vAcm": [12.968828176199326, 16.774320550914148, 21.14916405384121, 24.90299326807506, 28.21598663586458, 31.452832640303182, 34.82035778668529, 38.121334151880674, 41.19350410831847, 44.18690948874674, 47.37083791159779, 50.89408588266044, 55.01269831597826, 59.63791547241414, 64.11506603021925, 67.71363028080545, 72.19411586455195, 76.9864804479316, 80.03064778024562, 82.82993891265345, 84.93258341025428, 86.40825250327704, 87.89807408656098, 92.735927823234, 101.42564816236204, 101.45507801490274, 101.04659416171002], "vMond": [18.109596804363647, 23.081320225631977, 28.58529868165442, 33.37578850168588, 37.600595246360335, 41.52325985400404, 45.42634886140333, 49.27846663180201, 52.91562106505272, 56.39646020804693, 59.81328731180465, 63.121046568576155, 66.63886909560057, 70.71249280276902, 74.90683951270172, 78.32228172252255, 82.60412827857587, 87.55400432573201, 91.11843664571937, 94.91970545252416, 98.50563730163137, 101.83207070513264, 104.51066272147516, 107.44224479581645, 107.29494814214033, 106.12203890377774, 105.73926941749727], "vGas": [1.06, 1.76, 2.47, 2.93, 3.29, 3.99, 4.46, 4.93, 5.88, 6.93, 7.52, 8.45, 9.28, 10.11, 11.31, 13.04, 15.48, 17.62, 19.66, 21.7, 23.73, 25.98, 27.71, 30.15, 29.44, 29.75, 29.85], "vDisk": [11.98, 15.44, 19.52, 23.11, 26.27, 29.18, 32.19, 35.22, 38.01, 40.66, 43.36, 45.92, 48.76, 52.24, 55.81, 58.54, 61.95, 66.07, 68.88, 71.85, 74.58, 76.94, 78.73, 80.17, 78.52, 75.56, 73.66], "vBulge": [0.0, 0.0, 0.0, 0.0, 0.0, 0.0, 0.0, 0.0, 0.0, 0.0, 0.0, 0.0, 0.0, 0.0, 0.0, 0.0, 0.0, 0.0, 0.0, 0.0, 0.0, 0.0, 0.0, 0.0, 0.0, 0.0, 0.0]}