{"id": "NGC2366", "radiusKpc": [0.12, 0.36, 0.59, 0.83, 1.07, 1.31, 1.54, 1.79, 2.02, 2.26, 2.49, 2.74, 2.97, 3.21, 3.44, 3.69, 3.92, 4.16, 4.4, 4.64, 4.87, 5.11, 5.35, 5.59, 5.82, 6.06], "vObs": [4.2, 9.41, 15.3, 18.4, 23.4, 28.1, 33.1, 37.5, 40.5, 42.3, 45.2, 47.4, 48.1, 48.8, 50.7, 52.1, 53.0, 53.7, 51.2, 51.6, 51.5, 50.4, 48.5, 50.0, 49.0, 49.4], "vObsErr": [3.15, 1.83, 1.37, 1.64, 2.08, 2.46, 2.01, 1.62, 1.68, 1.69, 1.91, 1.95, 1.74, 1.08, 1.55, 2.78, 2.98, 2.39, 2.21, 1.45, 1.84, 2.53, 4.6, 5.91, 7.42, 5.92], "vAcm": [8.990915723325662, 16.468805067073205, 20.190107419701793, 22.700711368808264, 25.05143439755872, 28.11312494904298, 30.19545493368241, 32.02150871319815, 34.438554533707304, 37.459370621616415, 39.17371487764977, 39.57776549098881, 39.75458275169914, 40.629230918812155, 42.13345312086902, 44.11303539898222, 46.094503260535234, 47.55785336174941, 47.69679069174955, 46.72662477271142, 46.972995815713844, 49.88951252440449, 54.29500893791101, 57.828538906873256, 59.29484497274857, 59.71891292073274], "vMond": [9.18561008335875, 20.904525276515344, 28.473841900739405, 34.985490249362414, 40.045738843064974, 43.936206717008474, 46.39986565346455, 49.1566064341821, 51.65703443302691, 53.63542643731305, 54.767876954777236, 55.99400241912825, 57.34542769423113, 58.6507776069105, 59.78435185976899, 60.79313635828163, 61.68871076604004, 62.32205735214307, 62.95740259090617, 63.60705747184946, 64.54326708419552, 65.41571257758945, 65.9685935452835, 66.30577047087398, 66.3935901501875, 66.70171791050845], "vGas": [-0.46, -0.53, 1.73, 4.19, 6.57, 9.69, 12.94, 15.67, 17.89, 19.31, 20.12, 21.03, 22.14, 23.15, 23.96, 24.56, 25.07, 25.27, 25.47, 25.68, 26.18, 26.59, 26.69, 26.59, 26.28, 26.18], "vDisk": [3.95, 11.2, 15.88, 19.68, 22.21, 23.33, 22.77, 22.48, 22.28, 22.0, 21.29, 20.52, 19.83, 19.12, 18.46, 17.79, 17.2, 16.63, 16.1, 15.61, 15.18, 14.76, 14.37, 14.01, 13.7, 13.37], "vBulge": [0.0, 0.0, 0.0, 0.0, 0.0, 0.0, 0.0, 0.0, 0.0, 0.0, 0.0, 0.0, 0.0, 0.0, 0.0, 0.0, 0.0, 0.0, 0.0, 0.0, 0.0, 0.0, 0.0, 0.0, 0.0, 0.0]}