{"id": "NGC2403", "radiusKpc": [0.16, 0.26, 0.36, 0.46, 0.56, 0.66, 0.76, 0.86, 0.96, 1.06, 1.16, 1.27, 1.36, 1.47, 1.57, 1.67, 1.77, 1.87, 1.97, 2.08, 2.18, 2.28, 2.37, 2.47, 2.57, 2.68, 2.78, 2.88, 2.98, 3.08, 3.19, 3.29, 3.39, 3.49, 3.59, 3.69, 3.79, 3.9, 3.99, 4.47, 4.97, 5.47, 5.96, 6.46, 6.96, 7.45, 7.95, 8.45, 8.94, 9.44, 9.94, 10.43, 10.93, 11.43, 11.92, 12.42, 12.92, 13.42, 13.91, 14.41, 14.91, 15.4, 15.9, 16.4, 16.89, 17.39, 17.89, 18.38, 18.88, 19.38, 19.87, 20.37, 20.87], "vObs": [24.5, 35.3, 43.2, 52.0, 60.9, 65.8, 71.7, 74.6, 74.6, 76.6, 78.5, 83.4, 86.4, 87.4, 90.3, 93.3, 93.3, 95.2, 97.2, 99.1, 98.2, 98.2, 98.2, 97.2, 98.2, 98.2, 98.2, 99.1, 100.0, 102.0, 101.0, 101.0, 103.0, 107.0, 110.0, 112.0, 114.0, 118.0, 118.0, 118.0, 121.0, 124.0, 125.0, 126.0, 126.0, 126.0, 126.0, 127.0, 128.0, 128.0, 127.0, 127.0, 128.0, 130.0, 130.0, 132.0, 133.0, 133.0, 133.0, 133.0, 134.0, 134.0, 133.0, 134.0, 134.0, 136.0, 136.0, 135.0, 133.0, 134.0, 136.0, 135.0, 134.0], "vObsErr": [2.83, 2.46, 1.12, 1.25, 2.93, 1.25, 1.25, 1.6, 1.03, 1.12, 1.6, 1.8, 1.6, 1.41, 1.41, 1.6, 1.41, 1.25, 1.6, 2.02, 2.02, 1.6, 1.0, 1.12, 1.41, 1.12, 1.6, 2.69, 2.69, 3.16, 3.4, 3.4, 2.93, 2.46, 2.46, 3.4, 5.1, 5.1, 4.85, 5.36, 2.57, 0.22, 0.88, 0.45, 0.55, 0.45, 0.24, 1.45, 1.12, 1.68, 2.56, 1.24, 0.21, 1.13, 2.23, 2.68, 2.68, 3.37, 3.81, 2.56, 0.56, 0.79, 0.67, 2.35, 4.13, 3.91, 6.38, 8.39, 7.83, 6.26, 5.6, 5.24, 3.12], "vAcm": [24.76170657589412, 37.00158828049133, 48.73773825179472, 58.5030997542098, 65.65123611111349, 69.51254004378804, 72.8412839255792, 74.86081552376119, 76.94906065357354, 79.17510770449124, 81.463575303512, 84.07843693041208, 87.01750933062632, 89.70128369168583, 92.52531137350142, 95.81513467730635, 98.83722105005528, 101.44190922411234, 104.01664527174303, 106.8934407686125, 109.70912984122964, 110.95329290453328, 110.9486051846697, 110.87804693311769, 110.83800394181593, 110.55749053158092, 110.23728461837793, 109.81095264774703, 109.46969235031472, 109.36139494284046, 109.29910401998193, 109.66458527047473, 110.21393410374871, 110.77687483457841, 111.10041243543438, 111.77530928364322, 112.15112064019881, 112.33956034686243, 112.3982947435219, 113.20250395811229, 113.71040529409463, 114.1949772465401, 114.13953964190047, 113.72766006353548, 113.88129799186817, 114.36179852327439, 114.76878560549358, 115.24964359168281, 116.23824775693704, 117.60088116046883, 118.28817602098081, 119.19852804241332, 120.99269741176765, 123.24299105744444, 124.7769721020731, 126.38082489084269, 129.39038675200234, 132.31758796278777, 133.65673022817134, 134.4487185433084, 135.86201439328417, 137.63196214952413, 139.4683293848479, 141.75078820367096, 143.37299562261825, 144.55923665082744, 145.71288929554277, 146.33892332195674, 144.8300285469614, 140.8931514079435, 138.54467834420137, 138.40530976670965, 138.907455330624], "vMond": [30.197723941720984, 43.82551961447849, 56.61109966666099, 67.32446503744445, 75.43147578059099, 80.34406173754782, 84.67339662223779, 87.71671406547857, 90.78660152419089, 93.96718610082604, 97.19304479522326, 100.8069662563306, 104.46527869052606, 108.02849840985358, 111.54057462323104, 115.3772143210159, 118.8821589190575, 121.87248169979858, 124.71268886211713, 127.75664261283032, 130.62580895719756, 131.9806102666642, 132.1401127278361, 132.29553650566888, 132.5648354546311, 132.70605251862503, 132.87066252564082, 133.01716935629386, 133.30621653943555, 133.8459739595371, 134.4796281791957, 135.40876631476985, 136.43509087100367, 137.3823351731973, 138.00577983981037, 138.90497361186954, 139.45807210283402, 139.80681574065036, 139.97484310416527, 140.9945374960043, 141.69975062775342, 141.96295753161422, 141.43785540044067, 140.80203190896762, 140.53804625889185, 140.21556354784218, 139.94787385055753, 139.91813225130198, 140.0847552639232, 140.227021551084, 140.30583726562975, 140.6858572379762, 141.02390949052136, 141.30911747379494, 141.4032886470926, 141.63440763159542, 141.79399777309058, 141.65785417656645, 141.4134694464447, 141.26252931442875, 141.14120353973942, 140.95308473187737, 140.7088010873412, 140.44064506934268, 139.98332471358407, 139.59912288231794, 139.13940732040285, 138.71083048287423, 138.24684130721394, 138.08497583240919, 138.24992202314002, 138.41330131673877, 138.6364455456843], "vGas": [0.0, 0.0, 1.92, 2.29, 2.64, 3.0, 3.34, 3.68, 4.02, 4.37, 4.75, 5.15, 5.51, 5.76, 5.98, 6.21, 6.42, 6.61, 6.81, 7.01, 7.27, 7.54, 7.81, 8.25, 8.77, 9.31, 9.95, 10.97, 11.96, 13.06, 14.06, 15.05, 16.15, 17.15, 18.14, 19.24, 20.24, 21.03, 21.83, 25.72, 27.81, 29.41, 30.7, 31.7, 33.29, 34.99, 36.58, 38.38, 39.97, 41.47, 42.57, 43.96, 45.06, 45.76, 46.15, 46.65, 46.95, 46.75, 46.25, 45.95, 45.66, 45.26, 44.76, 44.16, 43.36, 42.67, 41.87, 41.07, 40.27, 39.87, 39.87, 39.87, 39.87], "vDisk": [23.21, 35.33, 46.97, 56.68, 63.77, 67.56, 70.83, 72.8, 74.87, 77.12, 79.47, 82.18, 85.19, 87.94, 90.77, 93.98, 96.86, 99.21, 101.42, 103.79, 106.07, 106.73, 106.19, 105.57, 105.08, 104.39, 103.8, 103.16, 102.68, 102.46, 102.29, 102.51, 102.82, 103.06, 102.95, 103.12, 102.93, 102.5, 101.99, 99.49, 97.06, 94.4, 91.13, 87.9, 84.95, 81.98, 79.11, 76.42, 74.09, 71.75, 69.58, 67.61, 65.75, 64.12, 62.55, 61.06, 59.67, 58.37, 57.26, 56.12, 55.05, 54.06, 53.11, 52.26, 51.43, 50.61, 49.84, 49.16, 48.46, 47.78, 47.15, 46.52, 45.97], "vBulge": [0.0, 0.0, 0.0, 0.0, 0.0, 0.0, 0.0, 0.0, 0.0, 0.0, 0.0, 0.0, 0.0, 0.0, 0.0, 0.0, 0.0, 0.0, 0.0, 0.0, 0.0, 0.0, 0.0, 0.0, 0.0, 0.0, 0.0, 0.0, 0.0, 0.0, 0.0, 0.0, 0.0, 0.0, 0.0, 0.0, 0.0, 0.0, 0.0, 0.0, 0.0, 0.0, 0.0, 0.0, 0.0, 0.0, 0.0, 0.0, 0.0, 0.0, 0.0, 0.0, 0.0, 0.0, 0.0, 0.0, 0.0, 0.0, 0.0, 0.0, 0.0, 0.0, 0.0, 0.0, 0.0, 0.0, 0.0, 0.0, 0.0, 0.0, 0.0, 0.0, 0.0]}