{"id": "NGC2955", "radiusKpc": [0.75, 1.55, 2.3, 3.06, 3.85, 4.61, 5.36, 6.12, 6.91, 7.66, 8.42, 8.86, 9.21, 10.82, 11.56, 12.4, 14.17, 16.88, 19.49, 22.19, 24.8, 27.51, 30.12, 35.43], "vObs": [169.0, 203.0, 232.0, 256.0, 248.0, 253.0, 269.0, 268.0, 260.0, 245.0, 247.0, 267.0, 255.0, 253.0, 271.0, 276.0, 275.0, 275.0, 276.0, 267.0, 257.0, 254.0, 248.0, 227.0], "vObsErr": [4.27, 4.92, 5.49, 4.38, 3.47, 5.68, 8.42, 4.67, 5.58, 8.47, 6.0, 10.3, 7.27, 11.2, 11.3, 8.71, 10.1, 10.0, 11.7, 15.7, 15.1, 13.6, 11.6, 11.2], "vAcm": [166.31676698140802, 229.06198945604174, 259.9516815175997, 290.028984736388, 305.93144667564667, 313.07279784608994, 314.80509098813474, 315.0043560872329, 315.81500066183344, 318.32691508313235, 317.12148189193215, 314.818301751173, 312.3645058921716, 301.91869208471644, 297.6548380066345, 293.0594353751331, 289.683918641855, 282.59763225941964, 282.79581800400183, 279.5383344512889, 275.23606580374997, 270.2253579861455, 265.7858883219125, 262.85100413471025], "vMond": [173.03068461388193, 238.95190534681345, 272.58272099037595, 304.79595819084653, 322.9530136377668, 332.33888444860094, 336.4596607735542, 339.1634721566071, 342.4826805554474, 346.97809488275465, 347.70260880512154, 346.60826079675365, 345.1647727445633, 339.3214618006465, 337.07543392252904, 334.6915438928889, 335.2141301126322, 332.1145456408139, 333.9186711201287, 329.6538038420295, 325.3248078093559, 320.63038225360555, 316.82472034106917, 311.48741248379645], "vGas": [0.0, 0.16, 0.0, 1.12, 10.81, 18.83, 25.11, 29.26, 31.48, 32.44, 32.35, 32.44, 32.44, 33.51, 34.86, 37.47, 44.03, 57.16, 67.4, 77.25, 79.95, 78.21, 75.51, 77.83], "vDisk": [53.73, 99.45, 134.15, 162.98, 187.48, 206.85, 220.81, 232.37, 243.48, 254.23, 258.51, 258.41, 257.39, 252.03, 249.34, 246.01, 245.22, 236.05, 232.49, 219.85, 209.2, 199.59, 191.82, 176.46], "vBulge": [163.04, 214.33, 231.92, 250.27, 252.3, 245.12, 233.77, 221.48, 209.61, 199.62, 190.58, 185.85, 182.29, 168.18, 162.76, 157.16, 146.96, 134.67, 125.34, 117.47, 111.12, 105.5, 100.83, 92.96]}