{"id": "NGC2841", "radiusKpc": [3.44, 3.77, 4.13, 4.47, 4.8, 5.13, 5.48, 5.83, 6.16, 6.51, 6.86, 7.18, 7.51, 7.85, 8.21, 8.57, 8.9, 9.24, 9.6, 9.93, 10.27, 10.6, 10.93, 11.27, 12.31, 14.35, 16.4, 18.48, 20.57, 22.51, 24.59, 26.68, 28.77, 30.7, 32.79, 34.88, 36.96, 38.9, 40.99, 43.08, 45.16, 47.1, 49.19, 51.27, 53.36, 55.3, 57.38, 59.47, 61.56, 63.64], "vObs": [285.0, 297.0, 303.0, 306.0, 307.0, 304.0, 308.0, 313.0, 314.0, 315.0, 317.0, 320.0, 316.0, 318.0, 321.0, 323.0, 321.0, 323.0, 323.0, 322.0, 321.0, 323.0, 322.0, 321.0, 323.0, 319.0, 308.0, 299.0, 299.0, 298.0, 296.0, 293.0, 289.0, 289.0, 288.0, 285.0, 283.0, 275.0, 272.0, 271.0, 274.0, 277.0, 281.0, 286.0, 282.0, 283.0, 288.0, 287.0, 289.0, 294.0], "vObsErr": [14.4, 13.6, 8.47, 5.93, 5.93, 8.47, 8.47, 12.7, 9.32, 6.78, 8.47, 7.63, 20.5, 23.4, 8.48, 8.66, 12.7, 11.0, 10.4, 13.6, 13.6, 9.32, 11.9, 11.0, 4.24, 4.24, 4.24, 5.66, 5.66, 5.66, 5.66, 4.24, 4.24, 4.24, 4.24, 4.24, 2.83, 2.83, 2.83, 2.83, 4.24, 4.24, 4.24, 4.24, 4.24, 4.24, 5.66, 5.66, 7.07, 7.07], "vAcm": [325.07998434461723, 321.2363135778006, 319.55880985127106, 318.2638618331846, 317.2222005236187, 316.75812434440365, 316.82633461826384, 316.39668613223125, 316.0926365561245, 318.47562480386017, 320.740924058319, 322.1110416049244, 323.5995079075968, 326.09497635897253, 327.9839542865319, 328.44111803247506, 328.1966973988948, 326.93118175680354, 325.2349822965619, 324.2112825084473, 323.656523979103, 323.0133328266057, 322.4141321822245, 321.5996570160234, 317.098171043831, 304.56796354240504, 289.5429539187237, 277.59996148242976, 270.5241202385826, 269.16298746212806, 268.3522820597731, 263.6881196535589, 258.2501080309445, 253.8510564905758, 250.45970405019352, 249.41455017998965, 250.8040592105099, 254.1507513673534, 258.7018390021476, 263.415434910496, 267.7831513416909, 268.9921031664448, 267.0809762419877, 262.87950624207446, 256.2543773550352, 252.2804112850553, 252.94759872489186, 260.31449927672946, 271.01081863804785, 277.4912221967223], "vMond": [341.07635755396075, 338.74173558201716, 338.63292799027994, 338.82252809509555, 339.2305024080792, 340.21480716580834, 341.815715569956, 342.9496658678983, 344.1081909724043, 347.8717021197094, 351.44072098875415, 353.9485344809453, 356.49958562337537, 359.9175609800064, 362.70532294588503, 364.0440994087516, 364.60381544196525, 364.21726603042526, 363.481119876499, 363.33715614961017, 363.6775350431553, 363.89561757485257, 364.12689722855634, 364.12399188313094, 361.67487144721696, 351.5113767575837, 340.763359353083, 333.0775150566361, 327.61789795513835, 325.2979198238515, 322.0040971866393, 316.58795208332606, 311.4735434504685, 307.8173990789471, 305.3657795553126, 304.29900710369003, 304.1462373693763, 304.1874800693453, 303.8256267900768, 303.14648923822, 301.8134573067658, 299.8318418596855, 297.7733946908176, 296.3489953053752, 295.9691587197267, 296.721084891695, 297.95073128466123, 299.2670764234055, 300.00871229398183, 300.1389967130876], "vGas": [-0.57, -0.57, -0.43, -0.1, -0.19, -0.28, -0.38, -0.48, -0.53, 3.83, 8.02, 12.15, 16.24, 20.27, 24.66, 27.1, 29.42, 31.74, 34.31, 36.63, 38.95, 41.02, 43.22, 45.42, 52.25, 56.77, 51.89, 48.35, 54.45, 63.61, 66.17, 61.9, 58.85, 57.01, 57.38, 60.43, 64.09, 66.9, 68.61, 68.98, 67.76, 65.19, 62.26, 60.55, 60.55, 62.39, 64.95, 67.27, 68.49, 68.73], "vDisk": [163.4, 171.13, 180.88, 188.37, 194.64, 200.57, 206.64, 211.29, 215.14, 221.84, 227.72, 231.73, 235.48, 239.96, 243.42, 245.15, 245.8, 245.24, 244.14, 243.64, 243.6, 243.38, 243.08, 242.44, 237.3, 222.06, 207.98, 196.87, 185.72, 176.98, 168.93, 161.21, 153.59, 147.56, 141.95, 136.82, 132.38, 128.66, 124.87, 121.52, 118.47, 115.75, 113.11, 110.59, 108.3, 106.31, 104.23, 102.32, 100.51, 98.76], "vBulge": [239.5, 229.25, 219.24, 210.91, 203.54, 196.88, 190.44, 184.57, 179.57, 174.68, 170.15, 166.32, 162.63, 159.08, 155.54, 152.23, 149.38, 146.61, 143.83, 141.42, 139.06, 136.88, 134.8, 132.75, 127.02, 117.64, 110.04, 103.67, 98.26, 93.93, 89.87, 86.28, 83.08, 80.43, 77.82, 75.46, 73.3, 71.45, 69.61, 67.9, 66.31, 64.93, 63.54, 62.24, 61.01, 59.93, 58.83, 57.79, 56.8, 55.86]}