{"id": "NGC2915", "radiusKpc": [0.34, 0.67, 1.0, 1.34, 1.68, 2.01, 2.34, 2.67, 3.01, 3.35, 3.68, 4.02, 4.35, 4.68, 5.02, 5.35, 5.69, 6.03, 6.36, 6.69, 7.02, 7.36, 7.7, 8.03, 8.37, 8.7, 9.03, 9.37, 9.7, 10.04], "vObs": [13.5, 31.3, 35.3, 50.5, 61.0, 66.5, 74.4, 83.0, 86.4, 83.6, 79.8, 82.8, 83.5, 80.4, 80.3, 82.1, 82.4, 80.9, 79.0, 81.4, 79.7, 77.5, 79.9, 81.5, 82.2, 82.0, 84.7, 86.1, 85.3, 86.5], "vObsErr": [10.1, 12.5, 13.4, 9.38, 10.1, 11.9, 11.6, 9.17, 7.66, 8.18, 7.93, 6.95, 7.19, 7.85, 7.57, 7.92, 8.33, 7.88, 6.15, 6.11, 5.59, 6.33, 6.41, 7.86, 7.82, 7.09, 5.74, 5.54, 5.23, 6.45], "vAcm": [44.89717327348974, 50.58398158320203, 50.49969714969235, 49.352570800265156, 47.66560383419694, 46.145158068362264, 44.90839632783117, 43.87173084839445, 42.776763942253154, 41.71034739661465, 40.9822233087471, 40.668433411708136, 40.93406610820408, 41.72096532069635, 42.826003932036684, 43.74844820216984, 44.05589970807768, 43.43943113828482, 42.18254241382272, 41.095072561087655, 41.32314351122465, 42.88362012002517, 44.121467024042914, 44.53515134946977, 44.59432446900533, 44.914296719363335, 45.8449563048343, 47.401882860535665, 49.3326063710027, 51.10715258517448], "vMond": [51.24145751447931, 59.997157471577815, 62.29727624076501, 63.115886403034764, 62.99918589966999, 62.699607503035715, 62.43422389069328, 62.17799213798904, 61.74727588511079, 61.31987216496768, 61.27187594149498, 61.541444203717525, 62.006572868595306, 62.50072396403762, 62.81528863556219, 62.904776841569436, 62.83328499263538, 62.80223661437681, 63.10985219613412, 63.73456688212629, 64.62882845414246, 65.49867629305088, 65.80886942179585, 66.34724469139216, 67.00447857385785, 67.5610228864454, 68.25357810138556, 68.76172356063506, 69.35216005322069, 69.64333824840969], "vGas": [4.08, 7.65, 10.36, 11.92, 12.33, 12.44, 12.54, 12.44, 12.13, 12.02, 12.54, 13.47, 14.61, 15.44, 15.86, 15.86, 15.65, 15.44, 15.65, 16.27, 17.1, 17.83, 17.93, 18.24, 18.65, 18.97, 19.38, 19.59, 19.9, 19.9], "vDisk": [44.78, 48.88, 46.82, 43.88, 40.74, 38.01, 35.66, 33.66, 31.74, 29.95, 28.46, 27.13, 25.93, 24.93, 24.0, 23.2, 22.42, 21.74, 21.15, 20.57, 20.07, 19.59, 19.12, 18.72, 18.33, 17.95, 17.62, 17.3, 16.98, 16.69], "vBulge": [0.0, 0.0, 0.0, 0.0, 0.0, 0.0, 0.0, 0.0, 0.0, 0.0, 0.0, 0.0, 0.0, 0.0, 0.0, 0.0, 0.0, 0.0, 0.0, 0.0, 0.0, 0.0, 0.0, 0.0, 0.0, 0.0, 0.0, 0.0, 0.0, 0.0]}