{"id": "NGC3953", "radiusKpc": [3.5, 5.24, 6.98, 8.72, 10.47, 12.19, 13.94, 15.68], "vObs": [181.0, 203.0, 216.0, 223.0, 224.0, 223.0, 224.0, 215.0], "vObsErr": [7.5, 6.5, 5.6, 6.1, 5.6, 6.1, 6.1, 9.7], "vAcm": [212.15132533786846, 228.4134847135436, 238.77442789208058, 255.77354698455338, 264.15277654704937, 266.3419008941622, 266.27276155589084, 258.93586323824246], "vMond": [232.1147104303728, 254.88206168333778, 272.02032802464123, 293.13686276126566, 302.8117189048226, 304.99173275992547, 302.54680768200603, 294.0373540409685], "vGas": [0.0, 0.0, 0.0, 9.06, 19.18, 28.88, 35.56, 37.5], "vDisk": [204.12, 218.93, 229.11, 244.28, 247.46, 242.84, 233.58, 218.76], "vBulge": [0.0, 0.0, 0.0, 0.0, 0.0, 0.0, 0.0, 0.0]}