{"id": "NGC3769", "radiusKpc": [1.74, 3.5, 5.24, 6.98, 8.72, 10.47, 12.31, 14.52, 17.07, 31.82, 34.61, 37.16], "vObs": [87.5, 106.0, 116.0, 125.0, 126.0, 123.0, 118.0, 115.0, 122.0, 121.0, 118.0, 113.0], "vObsErr": [9.4, 7.1, 5.3, 5.7, 4.4, 4.4, 4.6, 6.4, 15.2, 10.2, 10.4, 10.5], "vAcm": [129.53989443753647, 143.96734716752803, 136.71375302636912, 127.737594984951, 121.01212974975267, 117.17226889654826, 114.5765851408936, 112.71056618389929, 113.53197991627775, 130.7716468761903, 133.75823333966733, 136.25367782086437], "vMond": [142.8946891076938, 164.645705983928, 163.66457429443656, 160.00446152295504, 156.72122156693288, 153.98519961324556, 151.83593770761536, 150.02976731377254, 149.6044221482011, 148.93482867920827, 148.5043999323151, 148.14441491254033], "vGas": [11.85, 22.09, 28.99, 34.81, 36.96, 36.75, 34.7, 34.16, 34.92, 33.73, 32.54, 31.57], "vDisk": [126.23, 136.2, 123.81, 109.91, 98.62, 89.83, 83.14, 76.18, 70.2, 50.64, 48.51, 46.75], "vBulge": [0.0, 0.0, 0.0, 0.0, 0.0, 0.0, 0.0, 0.0, 0.0, 0.0, 0.0, 0.0]}