{"id": "NGC3741", "radiusKpc": [0.23, 0.47, 0.7, 0.93, 1.17, 1.4, 1.64, 1.87, 2.1, 2.33, 2.57, 2.8, 3.26, 3.73, 4.21, 4.67, 5.14, 5.61, 6.07, 6.54, 7.0], "vObs": [13.1, 17.3, 23.6, 26.2, 27.4, 26.9, 27.4, 31.0, 32.5, 33.0, 36.5, 38.9, 41.5, 42.7, 44.7, 46.7, 48.5, 50.0, 50.2, 50.1, 51.6], "vObsErr": [2.19, 2.39, 2.21, 2.21, 2.24, 2.23, 2.21, 2.2, 2.19, 2.19, 2.2, 2.21, 2.21, 2.2, 2.22, 2.24, 2.27, 2.32, 2.4, 2.57, 3.24], "vAcm": [22.666818419528813, 30.79977217303251, 35.05359378138288, 38.10227150151737, 40.22350925342755, 41.86918747168358, 43.68064025770841, 44.57826567086697, 42.95332779714804, 39.27675462946907, 36.09156686556699, 36.29062802140447, 46.26755065887628, 45.98413608104529, 47.19808938502449, 55.33924984724909, 66.671128736768, 77.63971242356715, 85.32803689708265, 91.20597244305876, 94.54899772462133], "vMond": [29.694709550149245, 38.96717591940937, 42.34015239832692, 44.34644252158886, 45.57597413050768, 46.458059429541244, 47.51972927912659, 48.3556584981834, 49.18706096024523, 50.68766862250663, 52.47979236965543, 54.385542275761296, 57.23877829723101, 59.52147430197299, 62.5002711064538, 64.72082576179021, 66.70095720730136, 67.93296065187437, 68.84051551911526, 69.44118663726579, 69.93928670134567], "vGas": [2.45, 4.75, 6.71, 7.8, 8.39, 8.84, 9.23, 9.41, 9.55, 10.05, 10.65, 11.28, 12.0, 12.41, 13.14, 13.55, 13.86, 13.86, 13.76, 13.55, 13.34], "vDisk": [11.6, 13.88, 13.02, 11.93, 10.78, 9.72, 8.89, 8.25, 7.73, 7.3, 6.92, 6.62, 6.11, 5.7, 5.36, 5.09, 4.84, 4.63, 4.45, 4.29, 4.14], "vBulge": [0.0, 0.0, 0.0, 0.0, 0.0, 0.0, 0.0, 0.0, 0.0, 0.0, 0.0, 0.0, 0.0, 0.0, 0.0, 0.0, 0.0, 0.0, 0.0, 0.0, 0.0]}