{"id": "NGC3726", "radiusKpc": [3.5, 5.24, 6.98, 8.72, 10.47, 12.19, 13.94, 16.03, 22.3, 27.52, 30.08, 32.52], "vObs": [102.0, 125.0, 145.0, 164.0, 162.0, 160.0, 156.0, 146.0, 158.0, 168.0, 169.0, 167.0], "vObsErr": [7.0, 6.1, 4.9, 3.9, 4.8, 4.8, 4.8, 4.85, 4.9, 10.6, 10.6, 15.2], "vAcm": [149.86079780325457, 179.24022954065114, 197.98047343364388, 209.25764063940167, 205.89761324068544, 203.0434192996632, 203.33530927927214, 202.68268529408908, 199.68307567205375, 199.85415042052784, 200.28839489333612, 201.53974962787504], "vMond": [178.5483888286941, 213.4209960066398, 235.42926878154813, 248.54684750480624, 247.28547780795319, 247.15688370534824, 247.99815246647643, 244.93597390187978, 234.34679022740858, 226.62765081809448, 223.9164299288177, 222.04606411920238], "vGas": [0.0, 0.0, 8.76, 23.82, 31.14, 37.29, 46.45, 53.13, 48.17, 42.67, 40.52, 39.01], "vDisk": [138.23, 163.99, 177.95, 182.72, 173.68, 166.41, 159.41, 148.01, 124.21, 109.5, 103.96, 99.53], "vBulge": [0.0, 0.0, 0.0, 0.0, 0.0, 0.0, 0.0, 0.0, 0.0, 0.0, 0.0, 0.0]}