{"id": "NGC3109", "radiusKpc": [0.26, 0.52, 0.77, 1.03, 1.29, 1.55, 1.81, 2.06, 2.32, 2.58, 2.84, 3.1, 3.35, 3.61, 3.87, 4.13, 4.38, 4.64, 4.9, 5.16, 5.42, 5.67, 5.93, 6.19, 6.45], "vObs": [6.1, 11.2, 14.9, 19.1, 24.3, 29.8, 34.3, 38.2, 42.5, 42.3, 47.3, 49.3, 50.6, 53.0, 54.7, 55.2, 57.5, 59.1, 61.2, 62.7, 64.4, 66.6, 66.3, 66.2, 67.3], "vObsErr": [1.6, 0.7, 1.5, 2.2, 0.9, 1.9, 1.6, 3.5, 5.6, 3.0, 4.4, 4.0, 3.5, 3.5, 3.3, 3.1, 2.6, 2.4, 1.9, 1.9, 2.9, 3.2, 3.4, 3.2, 3.0], "vAcm": [12.954437328612158, 19.56508438667034, 24.428850018692426, 27.015456121474795, 27.715268967657998, 26.699419838164456, 25.13866677284422, 25.399109061455736, 28.754909197172466, 31.66403376766472, 31.711573382965017, 30.999465090437734, 35.81761697169785, 46.00437044344745, 52.834924567874026, 52.27126310023994, 47.27173250085046, 42.288982331645514, 39.29568459896959, 37.44391757913658, 40.7316982114069, 52.286119697139476, 66.22935439751467, 74.88646492915643, 78.53181319830041], "vMond": [9.213612022882543, 14.596324089729865, 20.616125945703757, 25.346725796361785, 30.06085239791083, 33.82202014854165, 37.142562127856394, 39.94945948955522, 41.99536120834749, 43.63393032794712, 45.13262837558611, 46.81629058823059, 48.62766895881445, 50.16094929369782, 50.54800987951364, 50.83597882808342, 51.73578800119539, 52.83838137887826, 53.99033330681555, 55.07671788027719, 56.32991270271032, 57.541784572124875, 58.155328184938156, 58.214236905201936, 58.35159049115786], "vGas": [1.0, 2.12, 4.53, 6.54, 8.22, 10.06, 11.73, 12.92, 13.76, 14.44, 15.04, 15.37, 15.75, 16.29, 16.37, 16.42, 16.88, 17.22, 17.66, 18.09, 18.73, 19.3, 19.36, 19.43, 19.41], "vDisk": [2.78, 4.73, 7.0, 8.59, 10.63, 11.72, 12.56, 13.39, 13.69, 13.73, 13.74, 14.32, 15.08, 15.34, 14.77, 14.16, 13.87, 13.96, 14.01, 14.01, 13.96, 13.99, 13.93, 13.15, 12.62], "vBulge": [0.0, 0.0, 0.0, 0.0, 0.0, 0.0, 0.0, 0.0, 0.0, 0.0, 0.0, 0.0, 0.0, 0.0, 0.0, 0.0, 0.0, 0.0, 0.0, 0.0, 0.0, 0.0, 0.0, 0.0, 0.0]}