{"id": "NGC3917", "radiusKpc": [0.87, 1.74, 2.61, 3.5, 4.37, 5.24, 6.11, 6.98, 7.85, 8.72, 9.6, 10.47, 11.35, 12.19, 13.12, 13.94, 14.86], "vObs": [24.3, 49.6, 73.6, 101.0, 107.0, 115.0, 123.0, 130.0, 134.0, 136.0, 137.0, 136.0, 137.0, 137.0, 137.0, 138.0, 137.0], "vObsErr": [3.9, 3.9, 5.2, 4.4, 3.5, 3.5, 3.9, 3.9, 3.5, 3.9, 4.0, 3.5, 3.5, 3.5, 5.0, 5.0, 7.5], "vAcm": [36.73213529300412, 49.05917022088649, 63.914767553028604, 78.8695113781645, 90.5408063067496, 100.25793117900558, 109.0777173127885, 117.6138544138848, 125.21956989420646, 128.8487915915053, 133.63539268055683, 138.71101742201645, 144.24142786357666, 149.15358520015573, 152.83677785202795, 156.2156073706749, 159.16233225620783], "vMond": [51.82183254774472, 70.5711968861971, 88.56558967545594, 106.39518371096514, 121.96821620626271, 136.38945497117874, 147.27572740933365, 154.3975945978089, 159.70391920809516, 162.1211715662718, 165.29244685576347, 166.8589891521592, 167.56719827573966, 167.4428220176866, 165.7194246355747, 164.34931290579576, 161.86033461575053], "vGas": [0.0, 0.0, 0.0, 7.38, 13.36, 14.01, 12.18, 18.32, 21.34, 21.77, 27.37, 29.53, 32.11, 32.87, 30.82, 32.01, 31.79], "vDisk": [35.64, 47.54, 60.47, 73.72, 85.03, 96.27, 104.34, 107.5, 109.28, 108.62, 107.75, 106.05, 103.37, 100.58, 96.92, 93.04, 88.38], "vBulge": [0.0, 0.0, 0.0, 0.0, 0.0, 0.0, 0.0, 0.0, 0.0, 0.0, 0.0, 0.0, 0.0, 0.0, 0.0, 0.0, 0.0]}