{"id": "NGC3949", "radiusKpc": [1.74, 2.61, 3.5, 4.37, 5.24, 6.11, 7.07], "vObs": [123.0, 145.0, 152.0, 157.0, 161.0, 165.0, 169.0], "vObsErr": [5.5, 5.5, 6.2, 6.6, 8.8, 11.2, 25.5], "vAcm": [162.2789067930916, 188.14729381268612, 206.53848183309546, 199.08355715222982, 193.0560400043981, 184.86727397806013, 178.9193303124081], "vMond": [176.77447113494904, 206.1589374339932, 225.96333387632424, 221.15249376784604, 217.57490197343722, 211.28180506540068, 206.60239640855465], "vGas": [5.18, 14.22, 24.46, 32.44, 37.39, 41.38, 46.55], "vDisk": [160.38, 184.96, 199.67, 188.3, 178.75, 166.45, 155.24], "vBulge": [0.0, 0.0, 0.0, 0.0, 0.0, 0.0, 0.0]}