{"id": "NGC3972", "radiusKpc": [0.87, 1.74, 2.61, 3.5, 4.37, 5.24, 6.11, 6.98, 7.85, 8.72], "vObs": [39.6, 73.0, 89.4, 102.0, 110.0, 116.0, 123.0, 130.0, 134.0, 134.0], "vObsErr": [4.9, 5.2, 6.6, 5.3, 4.4, 4.4, 4.4, 3.9, 6.1, 4.9], "vAcm": [50.49494270959624, 63.31879924385186, 76.3806998493304, 88.97869449331314, 90.97444284280907, 105.10956128721155, 123.19257970204896, 134.2564367106096, 138.19683954624188, 139.33271389771804], "vMond": [64.34050280330985, 84.77104903691212, 103.16350429510844, 117.83643101950601, 127.12630146881378, 142.2603073604667, 153.28095400589044, 154.05019023221243, 152.7646315742657, 151.16430927647082], "vGas": [0.0, 5.93, 7.31, 13.47, 16.7, 20.91, 24.68, 28.34, 30.6, 30.07], "vDisk": [48.19, 61.19, 74.23, 83.56, 88.18, 99.34, 106.44, 102.6, 97.1, 92.41], "vBulge": [0.0, 0.0, 0.0, 0.0, 0.0, 0.0, 0.0, 0.0, 0.0, 0.0]}