{"id": "NGC3521", "radiusKpc": [0.51, 0.69, 0.86, 1.03, 1.2, 1.38, 1.55, 1.71, 1.89, 2.06, 2.23, 2.41, 2.58, 2.75, 2.92, 3.09, 3.26, 3.43, 3.61, 3.78, 3.95, 4.12, 4.29, 4.46, 4.64, 4.81, 4.98, 5.15, 5.32, 5.49, 5.67, 5.84, 6.01, 6.19, 6.35, 6.64, 8.82, 11.07, 13.32, 15.49, 17.74], "vObs": [143.0, 160.0, 178.0, 188.0, 187.0, 195.0, 199.0, 203.0, 206.0, 211.0, 219.0, 216.0, 214.0, 213.0, 210.0, 214.0, 213.0, 212.0, 215.0, 217.0, 219.0, 220.0, 218.0, 220.0, 220.0, 216.0, 220.0, 218.0, 213.0, 215.0, 216.0, 208.0, 212.0, 213.0, 216.0, 210.0, 210.0, 210.0, 206.0, 206.0, 206.0], "vObsErr": [33.1, 15.0, 7.92, 8.01, 8.03, 5.6, 7.52, 6.87, 9.22, 12.0, 13.3, 9.9, 10.5, 8.39, 13.3, 6.67, 9.98, 11.2, 9.11, 10.1, 8.05, 8.29, 8.42, 9.71, 20.1, 23.5, 14.6, 12.2, 23.1, 21.2, 18.3, 31.7, 25.3, 23.8, 19.6, 25.0, 10.7, 10.7, 6.25, 6.25, 10.7], "vAcm": [213.4443277959048, 232.85287536203202, 249.62324961261072, 264.67571336567636, 267.7844138872829, 271.288573048072, 275.34278269775615, 282.5303809453299, 287.5483825730844, 295.6142425981621, 301.0660199806742, 303.1877689676031, 300.9254713547131, 300.52327698093046, 300.21882818307165, 301.804644795603, 302.92728262515527, 305.1673048058334, 305.71280765040194, 308.02447991778524, 309.31614240359426, 310.8309786852279, 310.0294812596889, 308.80969147764125, 305.4784716829427, 301.8333294342798, 297.6854122665713, 294.11187836526346, 290.3962094260667, 286.9628565206875, 283.5591187428339, 280.64322893737034, 277.8729522314561, 275.36689982016185, 273.1740929863459, 268.98451616287184, 246.34628888063807, 233.4724368632979, 225.3465584086578, 219.98916033933733, 213.8017055573225], "vMond": [217.93963689154663, 238.37460853870772, 255.98122249372943, 271.78483782686664, 275.86131235052915, 280.38498972235385, 285.39908959265523, 293.37515228153507, 299.30481214585933, 308.0170812097138, 314.09618445857967, 316.949917917063, 315.5577938591877, 316.0275048324027, 316.6551034385638, 319.1176650768325, 321.11376173748545, 324.13302847401496, 325.5183465499064, 328.45730534431857, 330.3255730779378, 332.2995265206677, 331.977327087268, 331.209446839287, 328.4532373478691, 325.4218099331691, 321.97916297789953, 319.14811289853697, 316.2173186688889, 313.5836810488041, 311.0227341716627, 308.8790473852632, 306.8527515861618, 305.08158817095557, 303.5078202433695, 300.39020558430474, 282.01978197661714, 270.8004426803353, 263.1256661281875, 256.84989257662005, 249.99725499464347], "vGas": [-3.74, -4.96, -6.2, -7.39, -8.46, -9.15, -9.58, -9.77, -9.95, -9.95, -9.95, -10.14, -10.6, -11.16, -11.53, -11.25, -9.77, -7.06, 2.4, 7.87, 10.51, 12.28, 13.95, 15.63, 17.49, 19.07, 20.0, 20.46, 20.65, 20.74, 21.02, 21.3, 21.67, 22.04, 22.51, 23.63, 34.97, 43.44, 45.95, 45.39, 42.23], "vDisk": [195.66, 213.36, 228.63, 242.31, 244.99, 248.08, 251.75, 258.35, 262.92, 270.25, 275.1, 276.83, 274.55, 274.06, 273.74, 275.23, 276.33, 278.46, 278.97, 280.87, 281.76, 282.78, 281.57, 279.92, 276.26, 272.38, 268.13, 264.51, 260.81, 257.41, 254.02, 251.09, 248.27, 245.66, 243.33, 238.82, 209.65, 188.05, 172.02, 159.31, 147.38], "vBulge": [0.0, 0.0, 0.0, 0.0, 0.0, 0.0, 0.0, 0.0, 0.0, 0.0, 0.0, 0.0, 0.0, 0.0, 0.0, 0.0, 0.0, 0.0, 0.0, 0.0, 0.0, 0.0, 0.0, 0.0, 0.0, 0.0, 0.0, 0.0, 0.0, 0.0, 0.0, 0.0, 0.0, 0.0, 0.0, 0.0, 0.0, 0.0, 0.0, 0.0, 0.0]}