{"id": "NGC3972", "radiusKpc": [0.87, 1.74, 2.61, 3.5, 4.37, 5.24, 6.11, 6.98, 7.85, 8.72], "vObs": [39.6, 73.0, 89.4, 102.0, 110.0, 116.0, 123.0, 130.0, 134.0, 134.0], "vObsErr": [4.9, 5.2, 6.6, 5.3, 4.4, 4.4, 4.4, 3.9, 6.1, 4.9], "vAcm": [50.48595103643729, 63.31199980621571, 76.37434822045975, 88.96362276123008, 90.97136545321413, 105.09743207290867, 123.15780958511448, 134.22418885430537, 138.17842774408237, 139.33443443472154], "vMond": [64.34050280330985, 84.77104903691212, 103.16350429510844, 117.83643101950601, 127.12630146881378, 142.2603073604667, 153.28095400589044, 154.05019023221243, 152.7646315742657, 151.16430927647082], "vGas": [0.0, 5.93, 7.31, 13.47, 16.7, 20.91, 24.68, 28.34, 30.6, 30.07], "vDisk": [48.19, 61.19, 74.23, 83.56, 88.18, 99.34, 106.44, 102.6, 97.1, 92.41], "vBulge": [0.0, 0.0, 0.0, 0.0, 0.0, 0.0, 0.0, 0.0, 0.0, 0.0]}