{"id": "NGC3992", "radiusKpc": [9.19, 13.79, 18.35, 22.94, 27.52, 32.11, 36.7, 41.44, 46.02], "vObs": [248.0, 264.0, 272.0, 271.0, 264.0, 242.0, 244.0, 241.0, 237.0], "vObsErr": [7.0, 6.6, 5.7, 5.7, 5.3, 7.4, 5.3, 6.2, 8.6], "vAcm": [246.7128562560361, 285.2166692299667, 291.2947872651024, 291.26236127990376, 276.3234776328389, 263.5862668133931, 256.24814091591196, 252.65444776085445, 251.93880856651018], "vMond": [290.15364727869377, 334.90341061341286, 346.70653363094095, 349.51975610412745, 336.1009609867262, 324.29895248660625, 317.00161891978667, 311.0529578770011, 306.521116437848], "vGas": [0.0, 6.57, 31.53, 46.25, 52.31, 49.34, 46.74, 45.26, 44.89], "vDisk": [218.11, 246.64, 243.17, 231.91, 206.95, 187.25, 173.25, 161.14, 151.17], "vBulge": [0.0, 0.0, 0.0, 0.0, 0.0, 0.0, 0.0, 0.0, 0.0]}