{"id": "NGC3198", "radiusKpc": [0.32, 0.64, 0.96, 1.28, 1.61, 1.93, 2.24, 2.57, 2.89, 3.21, 3.54, 3.85, 4.17, 4.5, 4.82, 5.15, 5.46, 5.78, 6.1, 6.43, 6.74, 7.06, 8.04, 9.04, 10.04, 11.04, 12.05, 14.05, 16.07, 18.13, 20.05, 22.12, 24.03, 26.1, 28.16, 30.08, 32.14, 34.06, 36.12, 38.19, 40.1, 42.17, 44.08], "vObs": [24.4, 43.3, 45.5, 58.5, 68.8, 76.9, 82.0, 86.9, 97.6, 100.0, 107.0, 113.0, 117.0, 119.0, 127.0, 132.0, 134.0, 137.0, 140.0, 142.0, 144.0, 146.0, 147.0, 148.0, 152.0, 155.0, 156.0, 157.0, 153.0, 153.0, 154.0, 153.0, 150.0, 149.0, 148.0, 146.0, 147.0, 148.0, 148.0, 149.0, 150.0, 150.0, 149.0], "vObsErr": [35.9, 16.3, 16.1, 15.4, 7.61, 10.3, 8.09, 7.6, 3.03, 5.31, 7.51, 7.32, 5.21, 5.67, 5.39, 4.34, 2.36, 0.89, 2.84, 0.88, 1.23, 1.57, 3.0, 3.0, 2.0, 2.0, 2.0, 2.0, 2.0, 2.0, 2.0, 2.0, 2.0, 2.0, 2.0, 2.0, 2.0, 2.0, 2.0, 2.0, 2.0, 3.0, 3.0], "vAcm": [63.95575868552534, 75.0362193775735, 81.03687803538307, 85.38922877807124, 87.5109579652137, 86.99182391304812, 90.90993352573759, 92.80918099642757, 92.9385447988865, 97.60051950563663, 104.73964767130701, 111.6228782657932, 117.8987485238047, 122.07683634522681, 126.33424579331553, 130.08597673201717, 134.0941260174506, 138.22079514926202, 142.5210767835123, 146.6931086419471, 148.93515266138826, 149.4017127465869, 148.9882502496662, 146.62469235482513, 145.5884619662879, 146.7697830957728, 149.57519205588218, 157.81328415833437, 159.79911336440236, 159.04943028124586, 162.1217727857342, 168.52773087133664, 171.8070966634545, 173.89806993517715, 181.0603241234445, 188.23092207479678, 189.6197632488256, 187.25386323096532, 187.75090239824215, 191.5432847487824, 189.98035285655124, 207.71743847746868, 222.8319427185986], "vMond": [69.94074609031678, 84.31432523218432, 92.97809898982594, 99.60487849845613, 103.92739432393778, 105.53127305328957, 111.34927797091379, 115.31332472524805, 117.41517794603966, 123.77071899200406, 132.45949189924104, 140.86527355721137, 148.95834759850501, 155.23977867822836, 161.3460421587946, 166.60316595106414, 171.50807960888403, 176.01217790546008, 180.1724353034218, 183.8687731213061, 185.6539112991408, 185.75697717161503, 184.9812526407828, 184.43197439907388, 185.76814399468682, 188.12186026491972, 190.09828378353097, 190.0778783118856, 186.11036988129456, 184.13795405979053, 184.11098257879428, 183.55330123841185, 182.642859053706, 182.48357398129139, 182.80302223858996, 182.3573414620024, 181.71945772247568, 181.7891560431943, 182.53926655762447, 183.32897401617635, 184.08165348328794, 185.51238731985788, 185.00411534727786], "vGas": [0.0, 0.0, 0.0, 0.35, 0.15, -0.05, -0.47, -0.95, -1.43, -1.14, -0.39, 0.36, 1.52, 3.07, 4.63, 6.02, 7.16, 8.31, 9.46, 10.61, 11.77, 12.87, 16.39, 20.03, 23.68, 27.08, 30.11, 34.48, 36.43, 37.76, 39.83, 40.92, 41.77, 43.71, 45.41, 45.29, 44.56, 44.81, 45.9, 46.75, 47.48, 48.93, 47.84], "vDisk": [63.28, 73.66, 78.98, 82.7, 84.22, 83.17, 87.04, 88.91, 88.98, 93.81, 101.22, 108.53, 115.51, 120.51, 125.42, 129.4, 133.15, 136.45, 139.41, 141.85, 142.32, 140.94, 135.68, 130.79, 128.1, 126.67, 124.98, 118.12, 108.22, 101.1, 96.4, 91.56, 87.03, 82.67, 79.06, 76.07, 73.27, 70.91, 68.62, 66.59, 64.84, 63.1, 61.63], "vBulge": [0.0, 0.0, 0.0, 0.0, 0.0, 0.0, 0.0, 0.0, 0.0, 0.0, 0.0, 0.0, 0.0, 0.0, 0.0, 0.0, 0.0, 0.0, 0.0, 0.0, 0.0, 0.0, 0.0, 0.0, 0.0, 0.0, 0.0, 0.0, 0.0, 0.0, 0.0, 0.0, 0.0, 0.0, 0.0, 0.0, 0.0, 0.0, 0.0, 0.0, 0.0, 0.0, 0.0]}