{"id": "NGC3877", "radiusKpc": [0.87, 1.74, 2.61, 3.5, 4.37, 5.24, 6.11, 6.98, 7.85, 8.72, 9.6, 10.47, 11.35], "vObs": [37.8, 80.1, 121.0, 142.0, 153.0, 160.0, 162.0, 167.0, 169.0, 171.0, 171.0, 170.0, 169.0], "vObsErr": [9.0, 9.0, 8.5, 7.3, 6.2, 5.3, 5.3, 4.5, 5.3, 4.9, 4.9, 5.7, 7.0], "vAcm": [102.18527244156688, 116.33490705223645, 123.50197155368336, 133.34084889483105, 143.45000778993403, 162.03476268192387, 183.26291571572168, 196.29169893099927, 203.9859465223687, 210.24922720103118, 216.96423330470023, 215.65152505377446, 213.05348688703702], "vMond": [111.7763343804058, 131.60464823155363, 144.17208027048102, 159.50556332309003, 174.64457732202374, 193.522023933128, 217.0205514266381, 231.87273309046856, 239.25823499391836, 245.3351184737379, 249.3352337470718, 246.37825061386175, 244.43263030776697], "vGas": [0.0, 0.0, 0.0, 8.66, 14.44, 18.43, 22.09, 25.11, 26.73, 28.23, 29.63, 30.28, 30.28], "vDisk": [101.87, 114.98, 122.0, 132.74, 143.94, 159.88, 181.37, 193.57, 197.84, 200.86, 201.7, 195.05, 189.75], "vBulge": [0.0, 0.0, 0.0, 0.0, 0.0, 0.0, 0.0, 0.0, 0.0, 0.0, 0.0, 0.0, 0.0]}