{"id": "NGC3893", "radiusKpc": [1.74, 3.5, 5.24, 6.98, 8.81, 10.9, 13.12, 15.33, 17.3, 19.05], "vObs": [145.0, 174.0, 194.0, 190.0, 186.0, 188.0, 187.0, 179.0, 176.0, 167.0], "vObsErr": [6.8, 6.8, 6.4, 5.5, 5.8, 7.0, 8.5, 12.6, 11.7, 13.5], "vAcm": [180.04471935824105, 188.5107601974392, 192.32118686372007, 176.60728655082818, 167.28359169289183, 159.50911775708204, 151.75769712238542, 144.78154403833608, 141.25194736975928, 139.55841757674196], "vMond": [189.05318082678423, 205.00557886412767, 214.23021485608038, 204.25108167075575, 199.4590599867577, 196.09191711438362, 191.24048746919482, 185.79538844212067, 182.9511247350849, 180.8676325934924], "vGas": [17.89, 17.67, 27.48, 42.57, 48.28, 45.48, 43.32, 43.11, 43.21, 44.51], "vDisk": [202.16, 210.45, 211.51, 187.95, 172.49, 161.01, 148.11, 134.96, 126.37, 119.3], "vBulge": [0.0, 0.0, 0.0, 0.0, 0.0, 0.0, 0.0, 0.0, 0.0, 0.0]}