{"id": "NGC4157", "radiusKpc": [1.74, 3.5, 5.24, 6.98, 8.72, 10.47, 12.19, 13.94, 15.68, 17.42, 19.16, 20.9, 22.65, 24.39, 26.13, 27.87, 29.61], "vObs": [96.4, 157.0, 192.0, 201.0, 201.0, 194.0, 190.0, 186.0, 184.0, 182.0, 181.0, 183.0, 185.0, 186.0, 186.0, 184.0, 185.0], "vObsErr": [12.1, 10.5, 8.4, 6.9, 7.3, 6.4, 6.0, 6.4, 6.4, 7.3, 6.6, 6.5, 6.5, 9.1, 11.4, 13.6, 13.6], "vAcm": [149.14401251267302, 225.48747406337506, 245.90191179012484, 255.46078878978585, 262.2439929275411, 245.5133699450846, 227.32743493105855, 213.19415517566864, 201.37826967062756, 194.84207423511302, 188.25083561797575, 181.87184950081223, 180.1000150734728, 177.88781290654708, 175.55292802510075, 173.36085678974212, 171.79289285438472], "vMond": [164.63656569414573, 246.14091657182036, 271.8925078288471, 286.5367547039896, 297.60158128121515, 286.5850663513462, 273.9289623871941, 264.5592574360119, 256.6664696200147, 252.86634418712796, 248.14983328117728, 243.31145483505452, 242.14489304968777, 239.135130030077, 236.26362034135767, 233.83383847047745, 231.90375029707116], "vGas": [5.73, 16.49, 21.44, 24.35, 30.5, 41.92, 51.62, 50.11, 48.39, 52.05, 50.54, 48.06, 52.27, 50.33, 47.42, 44.83, 43.0], "vDisk": [129.95, 217.21, 237.63, 246.25, 251.02, 230.73, 208.57, 192.8, 179.28, 169.24, 160.07, 151.49, 145.0, 138.91, 133.62, 128.95, 124.77], "vBulge": [70.64, 49.8, 40.7, 35.27, 31.55, 28.8, 26.69, 24.96, 23.53, 22.32, 21.29, 20.38, 19.58, 18.87, 18.23, 17.65, 17.12]}