{"id": "NGC4085", "radiusKpc": [0.87, 1.74, 2.71, 3.58, 4.45, 5.32, 6.2], "vObs": [42.2, 79.9, 112.0, 127.0, 130.0, 133.0, 136.0], "vObsErr": [7.3, 5.9, 6.2, 4.9, 4.9, 4.5, 7.4], "vAcm": [96.49928447372042, 133.41811109160827, 148.64523334849667, 156.39152807233646, 167.07101881408218, 167.64039201195513, 161.17327617093162], "vMond": [108.63777544404213, 149.65887957918764, 169.1491411079582, 180.73322590584286, 192.06876478467777, 191.48722329215892, 185.76208105685507], "vGas": [0.0, 11.42, 11.32, 18.54, 23.17, 25.76, 25.0], "vDisk": [94.8, 129.33, 142.76, 148.78, 155.31, 149.59, 139.16], "vBulge": [0.0, 0.0, 0.0, 0.0, 0.0, 0.0, 0.0]}