{"id": "NGC4088", "radiusKpc": [1.74, 3.5, 5.24, 6.98, 8.72, 10.47, 12.19, 13.94, 15.68, 17.42, 19.28, 21.48], "vObs": [84.9, 136.0, 162.0, 179.0, 182.0, 179.0, 174.0, 171.0, 168.0, 165.0, 171.0, 174.0], "vObsErr": [11.3, 9.9, 8.0, 6.5, 6.1, 7.0, 6.2, 7.2, 6.1, 5.6, 8.6, 7.6], "vAcm": [138.13136023439563, 181.55146748613342, 242.1947618551868, 271.6943123956955, 256.6432485158896, 246.87440743251454, 240.47668469702097, 226.014989561212, 215.7006052865271, 208.80123130196162, 203.59659687602087, 199.28235426354942], "vMond": [154.29489443603683, 205.67556527244835, 271.08178881562065, 301.0454216257498, 290.2005490340158, 285.4083403811382, 281.88332493289727, 269.55996960351615, 260.9430283014317, 255.02925436656568, 249.74846189297992, 244.4762737696944], "vGas": [0.0, 0.0, 16.92, 31.57, 42.24, 48.71, 53.67, 54.74, 54.64, 53.77, 52.37, 50.22], "vDisk": [137.12, 180.27, 240.94, 264.14, 243.55, 230.28, 219.07, 199.15, 184.18, 172.93, 162.7, 152.44], "vBulge": [0.0, 0.0, 0.0, 0.0, 0.0, 0.0, 0.0, 0.0, 0.0, 0.0, 0.0, 0.0]}