{"id": "NGC4013", "radiusKpc": [5.49, 6.17, 6.92, 7.69, 8.36, 9.12, 9.88, 10.56, 11.31, 12.08, 12.77, 13.47, 14.17, 14.98, 15.68, 16.37, 17.19, 17.88, 18.58, 19.39, 20.09, 20.79, 21.48, 22.3, 22.99, 23.69, 24.39, 25.2, 25.9, 26.59, 27.41, 28.1, 28.8, 29.61, 30.31, 31.01], "vObs": [198.0, 195.0, 194.0, 195.0, 195.0, 195.0, 192.0, 188.0, 186.0, 186.0, 186.0, 185.0, 180.0, 163.0, 162.0, 164.0, 166.0, 166.0, 166.0, 166.0, 168.0, 172.0, 173.0, 171.0, 170.0, 172.0, 173.0, 176.0, 178.0, 180.0, 180.0, 180.0, 180.0, 178.0, 174.0, 170.0], "vObsErr": [10.0, 5.0, 4.0, 3.0, 3.0, 3.0, 7.0, 8.0, 7.0, 6.0, 5.0, 6.0, 10.0, 8.0, 6.0, 5.0, 5.0, 5.0, 5.0, 5.0, 5.0, 5.0, 5.0, 5.0, 5.0, 5.0, 5.0, 5.0, 5.0, 6.0, 8.0, 5.0, 5.0, 5.0, 5.0, 10.0], "vAcm": [227.03886501304365, 235.01434566017465, 239.75094636822539, 242.26531505046205, 242.1643024650631, 239.68061952075496, 233.2136105828589, 224.21997836759527, 215.46603124912207, 207.96192164761518, 202.56186165007134, 198.3128645169392, 194.8546816619716, 191.58658051861562, 189.08722202934592, 186.82126495691168, 184.4864142657289, 182.74054809827643, 181.2107984991864, 179.78395641208914, 178.72842793424073, 177.7946437806086, 177.07100197313756, 176.5478733319346, 176.39684534657204, 176.72803804674243, 177.63999251951847, 179.10582254513088, 180.3052470391139, 181.36028122380242, 182.3239150826152, 182.93392505265754, 183.5468646238909, 184.37270112836575, 185.28331441335965, 186.06632267085652], "vMond": [254.74760055818157, 264.30995912658733, 270.69462871828756, 274.7517919845915, 275.98573012371037, 275.13310040591386, 270.50733897409526, 263.2838867895344, 256.3845279924549, 250.517435770017, 246.24247794461627, 242.8423861904661, 239.89956182966833, 236.9231798223412, 234.49663604018843, 232.20879582350383, 229.80757482133586, 227.95026742800604, 226.2817706216284, 224.64357349202203, 223.3414867505429, 222.10389694067806, 221.05061430979242, 220.0364785580785, 219.31239804877058, 218.72892148508348, 218.45384671679116, 218.0652434536045, 217.44448192354827, 216.82797344715524, 216.1016817998346, 215.46696924987208, 214.91076264373137, 214.32089003163583, 213.9419387227444, 213.19189976571076], "vGas": [0.0, 10.14, 19.07, 24.03, 26.62, 28.67, 29.74, 29.63, 29.42, 29.85, 30.5, 31.57, 32.44, 32.98, 32.44, 31.79, 30.82, 29.63, 28.56, 27.91, 27.26, 26.4, 25.97, 26.08, 26.4, 27.16, 28.88, 30.17, 29.96, 29.63, 29.1, 28.45, 28.02, 27.59, 27.59, 26.19], "vDisk": [186.83, 197.4, 203.18, 205.95, 205.73, 202.75, 195.44, 185.44, 175.66, 166.96, 160.29, 154.56, 149.44, 144.15, 140.03, 136.17, 132.07, 128.95, 126.05, 122.95, 120.47, 118.15, 116.0, 113.61, 111.72, 109.89, 108.16, 106.26, 104.71, 103.24, 101.58, 100.24, 98.94, 97.5, 96.31, 95.16], "vBulge": [108.11, 102.7, 97.43, 92.74, 88.92, 85.21, 81.9, 79.23, 76.58, 74.1, 72.07, 70.18, 68.41, 66.54, 65.04, 63.66, 62.12, 60.91, 59.75, 58.49, 57.46, 56.49, 55.57, 54.54, 53.72, 52.92, 52.15, 51.31, 50.61, 49.95, 49.19, 48.59, 47.99, 47.33, 46.78, 46.25]}