{"id": "NGC4217", "radiusKpc": [0.87, 1.74, 2.61, 3.5, 4.37, 5.24, 6.11, 6.98, 7.85, 8.72, 9.6, 10.47, 11.35, 12.19, 13.12, 13.94, 14.86, 15.79, 16.72], "vObs": [47.8, 98.9, 146.0, 164.0, 174.0, 175.0, 184.0, 185.0, 188.0, 190.0, 191.0, 191.0, 189.0, 186.0, 183.0, 179.0, 177.0, 177.0, 178.0], "vObsErr": [8.2, 8.2, 7.7, 6.4, 5.95, 6.0, 6.4, 6.4, 6.65, 7.35, 6.4, 5.55, 5.95, 6.85, 6.4, 6.85, 7.25, 8.55, 12.0], "vAcm": [160.92294786994566, 230.11946736246063, 276.1898916960984, 294.9165521802816, 280.56914035477445, 265.3147663607182, 254.21719644900253, 244.98055194187702, 239.39648179709047, 227.58890513942538, 216.5053368223892, 208.18995171212381, 201.49535434717612, 195.7766491778965, 190.33717686824625, 185.88538485867295, 181.54543266175654, 178.0391213089006, 175.35388223903666], "vMond": [170.104390727298, 242.80199182357467, 291.36677788307054, 312.89576153123784, 302.7871749224589, 292.04228862994444, 285.1879822148717, 279.9734251255398, 277.9612600192692, 269.93991356315905, 262.26871112109154, 256.7649617149614, 252.5269065410998, 248.91739562825083, 245.49429688139602, 242.62429622689427, 239.85206221385263, 237.62119966343914, 235.95907801942252], "vGas": [3.06, 12.07, 14.22, 13.58, 15.41, 20.15, 23.71, 21.44, 24.46, 27.91, 30.71, 32.87, 33.95, 32.87, 32.44, 31.36, 30.5, 31.36, 33.41], "vDisk": [22.47, 39.91, 54.38, 67.47, 76.15, 86.2, 98.08, 106.18, 114.52, 106.83, 97.81, 91.79, 87.56, 84.33, 81.01, 78.12, 75.23, 72.41, 69.87], "vBulge": [153.43, 217.64, 259.32, 273.94, 256.31, 236.55, 219.32, 205.28, 193.65, 183.73, 175.09, 167.63, 161.03, 155.43, 149.82, 145.35, 140.78, 136.57, 132.72]}