{"id": "NGC4214", "radiusKpc": [0.21, 0.63, 1.04, 1.46, 1.88, 2.3, 2.71, 3.14, 3.55, 3.96, 4.38, 4.8, 5.22, 5.63], "vObs": [55.5, 63.2, 66.6, 70.5, 76.1, 78.8, 80.1, 80.1, 80.1, 80.4, 80.1, 80.4, 80.6, 80.6], "vObsErr": [7.21, 5.22, 7.97, 4.62, 4.69, 4.52, 6.65, 6.28, 5.09, 5.4, 7.58, 8.9, 9.37, 9.37], "vAcm": [14.276994054101797, 23.988051328071784, 27.164890773333195, 27.93180668858027, 27.479008973371084, 26.343077795185327, 25.676031738651826, 25.223061575595015, 24.94029780616689, 24.89083786919955, 25.02186128153156, 25.2103915138715, 25.124033971996013, 25.244008276345497], "vMond": [17.183520306265837, 28.701580856333585, 32.974757083467146, 34.60841293675779, 34.77989026590994, 34.00523920024682, 33.539563650818295, 32.94127415371348, 32.41730832831565, 32.076201926638426, 31.819760505584537, 31.642605182145502, 31.51068767252887, 31.587467593296907], "vGas": [5.41, 13.09, 16.91, 16.91, 16.7, 15.77, 14.85, 13.92, 13.09, 12.99, 12.99, 13.09, 13.09, 13.92], "vDisk": [32.3, 52.43, 57.12, 56.92, 53.72, 48.94, 45.52, 42.09, 39.26, 36.87, 34.8, 33.03, 31.53, 30.23], "vBulge": [0.0, 0.0, 0.0, 0.0, 0.0, 0.0, 0.0, 0.0, 0.0, 0.0, 0.0, 0.0, 0.0, 0.0]}