{"id": "NGC4010", "radiusKpc": [0.87, 1.74, 2.61, 3.5, 4.37, 5.24, 6.11, 6.98, 7.85, 8.72, 9.6, 10.47], "vObs": [39.3, 54.6, 65.5, 83.9, 94.3, 104.0, 115.0, 127.0, 129.0, 127.0, 124.0, 122.0], "vObsErr": [6.6, 5.6, 6.7, 5.2, 6.3, 5.7, 5.1, 5.1, 5.1, 5.1, 5.1, 3.9], "vAcm": [40.51212281473516, 69.40686989314028, 86.03297439257199, 99.70340751194132, 108.01303595995661, 111.6030594749362, 114.15767934908853, 117.48627848782486, 123.93593304977219, 130.71777566565297, 133.69646973071303, 134.04503183998804], "vMond": [49.700711402531965, 87.00100849737748, 111.99484237013426, 127.45635457301464, 136.16506266503035, 141.29530510622828, 146.18297162184172, 151.00385456410737, 155.3734618422152, 156.9985657541467, 156.45109628089207, 155.41979951019528], "vGas": [0.0, 11.53, 13.36, 15.73, 19.72, 22.31, 25.86, 29.63, 33.19, 36.53, 35.56, 33.73], "vDisk": [32.75, 62.91, 83.12, 93.77, 97.55, 98.14, 98.57, 99.07, 99.28, 96.65, 93.39, 90.22], "vBulge": [0.0, 0.0, 0.0, 0.0, 0.0, 0.0, 0.0, 0.0, 0.0, 0.0, 0.0, 0.0]}