{"id": "NGC4051", "radiusKpc": [1.74, 3.5, 5.24, 6.98, 8.72, 10.47, 12.19], "vObs": [121.0, 116.0, 140.0, 160.0, 161.0, 154.0, 153.0], "vObsErr": [14.8, 7.8, 7.0, 6.6, 5.2, 7.4, 9.8], "vAcm": [223.0464702871833, 187.20856214134406, 195.61464880742622, 234.30027852218657, 271.86317575956457, 270.9575459643638, 266.4865989992773], "vMond": [236.26362562243207, 214.93801436763343, 241.35511787497157, 287.25842033888875, 314.2916882738358, 306.8061733514142, 300.30515585166194], "vGas": [0.0, 0.0, 9.08, 18.43, 29.1, 34.92, 38.79], "vDisk": [169.0, 138.74, 151.11, 181.17, 195.63, 181.53, 169.17], "vBulge": [0.0, 0.0, 0.0, 0.0, 0.0, 0.0, 0.0]}