{"id": "NGC4068", "radiusKpc": [0.21, 0.64, 1.06, 1.48, 1.91, 2.33], "vObs": [4.68, 13.1, 22.5, 30.4, 36.0, 41.9], "vObsErr": [3.65, 3.44, 2.45, 1.71, 1.7, 4.97], "vAcm": [10.533783287347394, 17.63139208263125, 19.490660600659673, 24.66390982955342, 34.68462961603588, 42.34849326763045], "vMond": [12.27945460128883, 26.269058968586236, 34.43808395208475, 40.284634238420985, 45.23678824269531, 47.69220405537758], "vGas": [0.92, 4.01, 7.7, 12.5, 17.24, 19.86], "vDisk": [6.84, 16.7, 21.47, 23.36, 23.95, 22.61], "vBulge": [0.0, 0.0, 0.0, 0.0, 0.0, 0.0]}