{"id": "NGC4100", "radiusKpc": [2.61, 3.5, 4.37, 5.24, 6.11, 6.98, 7.85, 8.72, 9.6, 10.47, 11.35, 12.19, 13.12, 13.94, 14.86, 15.68, 16.61, 17.42, 18.35, 19.16, 20.09, 21.02, 21.95, 22.76], "vObs": [120.0, 148.0, 168.0, 182.0, 190.0, 194.0, 195.0, 193.0, 192.0, 192.0, 191.0, 189.0, 185.0, 182.0, 179.0, 176.0, 174.0, 178.0, 177.0, 169.0, 158.0, 158.0, 158.0, 159.0], "vObsErr": [10.5, 7.5, 6.2, 6.1, 5.2, 5.7, 6.1, 4.8, 3.9, 3.5, 4.4, 4.8, 5.3, 4.5, 6.6, 6.2, 6.6, 8.7, 6.2, 5.9, 6.3, 7.6, 8.9, 9.0], "vAcm": [128.13736204294628, 137.62606852402652, 155.45809948524808, 180.89694361244054, 200.36794476062767, 212.92908469083628, 208.56251139492747, 203.73045005470547, 194.8974371989984, 186.07339134534897, 180.03189968274611, 177.04785988504443, 174.62456851128934, 172.21790699868626, 170.16404343565947, 168.85982712336943, 168.14151925070394, 167.97282674575425, 167.9900059107392, 167.74728826736532, 167.35179901675394, 167.0997406010145, 167.1520886995039, 167.21245497211692], "vMond": [149.29959928045648, 163.05492271517272, 183.76627967388006, 211.32911678088087, 232.58122799817167, 245.6138123111439, 241.8243089770152, 238.26506598119653, 231.48909210302742, 224.85595416760867, 220.852069039607, 219.2822964743047, 217.60966304598352, 215.16200471625928, 212.75951133329949, 210.95137029236412, 209.34319293588325, 208.0544812347301, 206.48516543883375, 204.824124888106, 203.02043871825117, 201.46057900131163, 200.10495531800566, 198.81122850552404], "vGas": [5.71, 9.28, 13.15, 16.38, 19.18, 21.66, 23.38, 24.46, 25.0, 25.65, 26.73, 28.34, 30.6, 32.54, 34.38, 36.42, 38.36, 38.9, 37.93, 36.96, 36.1, 34.92, 33.73, 32.65], "vDisk": [126.18, 135.14, 152.52, 177.98, 196.88, 207.03, 198.89, 191.25, 180.26, 169.65, 162.03, 157.28, 152.13, 146.63, 141.01, 136.34, 131.69, 128.17, 124.63, 121.38, 117.8, 114.69, 111.9, 109.45], "vBulge": [0.0, 0.0, 0.0, 0.0, 0.0, 0.0, 0.0, 0.0, 0.0, 0.0, 0.0, 0.0, 0.0, 0.0, 0.0, 0.0, 0.0, 0.0, 0.0, 0.0, 0.0, 0.0, 0.0, 0.0]}