{"id": "NGC4138", "radiusKpc": [2.61, 5.24, 7.85, 10.65, 13.47, 16.03, 18.58], "vObs": [179.0, 195.0, 181.0, 162.0, 145.0, 147.0, 150.0], "vObsErr": [14.7, 6.8, 9.8, 20.4, 9.6, 17.9, 21.0], "vAcm": [227.16603681537555, 197.80346788836763, 170.46986291033508, 150.42645480175054, 139.72341409608606, 136.33575893919107, 134.9592714017959], "vMond": [237.64741953433835, 220.90286649486373, 203.0793021375272, 190.73475264693192, 182.99402279735114, 178.68125375153585, 175.81150456148785], "vGas": [8.52, 19.72, 23.38, 20.04, 20.8, 22.85, 23.38], "vDisk": [197.55, 177.52, 148.4, 126.45, 110.59, 100.09, 92.33], "vBulge": [118.24, 83.47, 68.2, 58.55, 52.06, 47.73, 44.33]}