{"id": "NGC4559", "radiusKpc": [0.67, 1.32, 1.97, 2.62, 3.28, 3.93, 4.58, 5.22, 5.9, 6.54, 7.19, 7.87, 8.51, 9.16, 9.84, 10.48, 11.13, 11.78, 12.43, 13.08, 13.73, 14.38, 15.03, 15.68, 16.33, 16.98, 17.72, 18.28, 19.02, 19.67, 20.32, 20.97], "vObs": [43.8, 64.2, 73.3, 84.2, 96.2, 102.0, 104.0, 106.0, 106.0, 108.0, 111.0, 114.0, 116.0, 117.0, 118.0, 120.0, 121.0, 122.0, 122.0, 122.0, 123.0, 124.0, 124.0, 123.0, 123.0, 123.0, 121.0, 122.0, 122.0, 121.0, 120.0, 119.0], "vObsErr": [10.9, 7.71, 8.62, 8.4, 5.67, 4.79, 5.67, 5.37, 5.24, 5.22, 4.68, 4.61, 4.47, 5.22, 5.22, 4.5, 3.62, 3.17, 2.74, 3.18, 3.56, 4.31, 4.76, 5.23, 5.66, 5.62, 5.67, 6.32, 6.35, 5.86, 5.94, 6.13], "vAcm": [60.122179404447905, 78.0231845864456, 90.69029316701769, 98.96471724814322, 109.28568047545077, 119.1160473465085, 123.5576151294705, 124.76397783728291, 125.5239131921545, 124.22032327587158, 122.41494900053917, 122.91326129208889, 123.90618363862973, 123.68959705370278, 121.95091345744086, 119.97382899749948, 118.42640253329837, 116.71242260875829, 115.06824110831124, 113.87235992486025, 113.22141055217976, 112.51878771953797, 111.57064398099764, 110.97872892318341, 110.8216643184568, 110.9442150196888, 111.44395058167676, 112.28272554368192, 113.88314898280618, 115.47463363151756, 116.78612695680341, 117.63600220176349], "vMond": [71.69621939620545, 94.69922399174186, 111.44100179063521, 123.35749638047263, 136.45696775249712, 147.99060250448176, 153.63699395508547, 156.02782346695108, 158.43096281822045, 159.010728013718, 159.4954306914207, 162.32498235665255, 164.85609623883053, 165.548896133289, 164.5476516524801, 163.33096983894916, 162.62942140808576, 161.6959034209855, 160.84419086282188, 160.44691503148636, 160.45584056992715, 160.27330361076844, 159.9618244035247, 160.3079437022081, 160.95079386781262, 161.50711902057182, 162.0587442706592, 162.67311742380633, 163.2362854466332, 163.5586319878748, 163.67322294706312, 163.55294253560322], "vGas": [-1.86, -3.8, -4.48, 7.23, 12.91, 15.03, 16.47, 19.07, 21.96, 24.08, 26.59, 28.42, 29.67, 30.73, 33.62, 36.6, 38.63, 39.4, 39.69, 40.46, 42.0, 43.44, 44.21, 45.27, 46.72, 48.07, 49.41, 50.57, 51.53, 52.02, 52.11, 51.82], "vDisk": [59.04, 76.34, 88.63, 96.45, 105.73, 114.11, 116.44, 115.33, 114.16, 111.48, 108.69, 108.61, 108.62, 106.75, 102.47, 98.04, 94.48, 91.23, 88.36, 85.84, 83.43, 80.87, 78.55, 76.81, 75.17, 73.49, 71.61, 70.3, 68.7, 67.38, 66.16, 65.01], "vBulge": [0.0, 0.0, 0.0, 0.0, 0.0, 0.0, 0.0, 0.0, 0.0, 0.0, 0.0, 0.0, 0.0, 0.0, 0.0, 0.0, 0.0, 0.0, 0.0, 0.0, 0.0, 0.0, 0.0, 0.0, 0.0, 0.0, 0.0, 0.0, 0.0, 0.0, 0.0, 0.0]}