{"id": "NGC4183", "radiusKpc": [0.87, 1.74, 2.61, 3.5, 4.37, 5.24, 6.11, 6.98, 7.85, 8.72, 9.6, 10.47, 11.35, 12.31, 13.12, 14.05, 14.98, 16.03, 16.95, 17.88, 18.93, 19.97, 21.02], "vObs": [47.1, 65.9, 76.1, 85.7, 96.6, 99.3, 103.0, 107.0, 111.0, 114.0, 115.0, 111.0, 110.0, 111.0, 109.0, 108.0, 109.0, 111.0, 110.0, 109.0, 110.0, 112.0, 113.0], "vObsErr": [8.2, 6.6, 5.6, 5.6, 5.2, 5.2, 5.2, 5.2, 5.2, 6.1, 6.1, 5.6, 5.6, 5.2, 4.8, 4.4, 5.2, 5.3, 4.9, 4.9, 5.3, 10.2, 11.5], "vAcm": [41.78987701580198, 52.99526721565659, 62.812519563117206, 66.27556983196342, 72.3443399567393, 76.97835636804417, 81.38382979037549, 85.82244448315936, 92.52895823353124, 103.21585890258794, 111.01068813523632, 114.80149402881085, 118.97385020811424, 121.4937792194507, 121.42060517340836, 120.12601070689252, 121.33722556520603, 124.3543182836445, 124.68113797500365, 125.88381481473884, 129.42620668741642, 131.2058418489524, 131.78485145403303], "vMond": [55.36960936700249, 72.29460802665496, 86.49071163861682, 94.29398711502841, 104.93367357702743, 112.97984622286323, 120.46992014310672, 127.58484883719963, 134.233178172338, 140.4185859923826, 141.9388750202522, 141.33487561399892, 142.096520846259, 140.22019530310016, 138.74903142731702, 138.12770263726173, 138.52152384469375, 138.15979447610835, 137.2034484957909, 137.7079576433941, 137.34487278968905, 136.71471478053525, 136.5860108963386], "vGas": [2.5, 5.78, 11.64, 13.9, 17.89, 23.49, 25.97, 27.48, 31.47, 35.45, 36.42, 37.82, 41.81, 40.2, 38.58, 38.15, 39.01, 38.26, 36.53, 37.39, 36.86, 35.67, 35.35], "vDisk": [39.16, 48.78, 56.83, 59.49, 65.42, 68.37, 71.96, 75.74, 78.27, 80.37, 78.73, 74.74, 70.87, 67.15, 64.51, 61.97, 59.84, 57.82, 56.23, 54.53, 52.76, 51.32, 49.87], "vBulge": [0.0, 0.0, 0.0, 0.0, 0.0, 0.0, 0.0, 0.0, 0.0, 0.0, 0.0, 0.0, 0.0, 0.0, 0.0, 0.0, 0.0, 0.0, 0.0, 0.0, 0.0, 0.0, 0.0]}