{"id": "NGC4389", "radiusKpc": [0.87, 1.74, 2.71, 3.58, 4.45, 5.32], "vObs": [27.3, 52.7, 69.2, 83.5, 95.9, 110.0], "vObsErr": [5.8, 6.7, 6.7, 6.4, 6.3, 7.6], "vAcm": [86.60835782908495, 118.24600162753322, 134.63320698621905, 145.85751747489203, 164.13895202766895, 159.7072105844003], "vMond": [98.94526013897898, 135.19792250218364, 155.97021639951592, 171.28408349030823, 185.78230717945382, 178.63760057184697], "vGas": [3.85, 8.29, 12.5, 15.95, 20.91, 21.98], "vDisk": [86.56, 117.08, 131.94, 142.69, 152.97, 140.24], "vBulge": [0.0, 0.0, 0.0, 0.0, 0.0, 0.0]}