{"id": "NGC5585", "radiusKpc": [0.09, 0.26, 0.43, 0.6, 0.77, 0.94, 1.11, 1.28, 1.46, 1.63, 2.05, 2.74, 3.42, 4.11, 4.79, 5.48, 6.16, 6.85, 7.53, 8.21, 8.9, 9.57, 10.31, 10.96], "vObs": [11.2, 26.5, 33.7, 32.7, 33.7, 35.7, 37.8, 41.8, 43.9, 44.9, 53.2, 64.3, 73.1, 76.2, 78.4, 83.1, 88.0, 89.9, 90.6, 91.6, 92.3, 90.9, 89.6, 89.4], "vObsErr": [2.02, 1.03, 1.03, 1.12, 1.03, 2.24, 3.35, 3.35, 2.14, 1.25, 1.6, 0.9, 2.4, 4.4, 3.8, 3.1, 3.0, 2.4, 2.8, 2.6, 1.4, 1.0, 2.7, 2.7], "vAcm": [13.026433817559953, 26.850870295850765, 35.074949513083084, 39.89807021175874, 43.48842301377803, 46.55299711287506, 49.25599676039568, 50.685151025986116, 52.29703894961715, 53.64371229613856, 56.68634170731794, 62.651678429974616, 65.20083980089915, 70.84502713401308, 80.17839808632148, 87.00144448771061, 93.8960358496624, 99.28276599646823, 100.51381991668501, 102.2490549523782, 107.8187994871318, 111.29344212473313, 116.42292115970208, 120.74560349581797], "vMond": [17.394956468471705, 34.35552329736213, 44.81315566737188, 51.42506797384336, 56.41284064105666, 60.61100616581217, 64.29886789994471, 66.68501359719885, 69.32801465469838, 71.68592823433443, 77.09008115917406, 84.18857879587244, 88.30203147243277, 93.47690978002072, 96.3887724509593, 97.34751449777285, 98.08010226334993, 97.8014429778197, 97.58800338041058, 98.39149049405803, 99.05588567752427, 99.38021956190582, 99.933995772752, 99.9974983590122], "vGas": [0.32, 0.96, 1.6, 2.25, 2.89, 3.55, 4.2, 4.86, 5.23, 5.36, 5.65, 9.45, 11.66, 15.23, 19.76, 23.04, 26.02, 27.47, 29.11, 31.03, 32.1, 32.38, 32.77, 32.48], "vDisk": [12.72, 26.94, 35.34, 40.03, 43.26, 45.85, 48.05, 48.94, 50.17, 51.3, 53.95, 56.61, 56.83, 58.16, 56.9, 53.88, 50.76, 47.3, 43.89, 41.41, 39.37, 37.7, 36.11, 34.88], "vBulge": [0.0, 0.0, 0.0, 0.0, 0.0, 0.0, 0.0, 0.0, 0.0, 0.0, 0.0, 0.0, 0.0, 0.0, 0.0, 0.0, 0.0, 0.0, 0.0, 0.0, 0.0, 0.0, 0.0, 0.0]}