{"id": "NGC5055", "radiusKpc": [0.72, 1.43, 2.16, 2.87, 3.59, 4.3, 5.03, 5.75, 6.46, 7.18, 7.91, 8.62, 11.49, 14.3, 17.19, 20.07, 22.96, 25.85, 28.74, 31.62, 34.51, 37.4, 40.29, 43.17, 45.92, 48.81, 51.7, 54.59], "vObs": [125.0, 162.0, 178.0, 193.0, 192.0, 190.0, 195.0, 201.0, 204.0, 204.0, 206.0, 206.0, 206.0, 206.0, 203.0, 200.0, 194.0, 188.0, 184.0, 182.0, 180.0, 181.0, 180.0, 179.0, 179.0, 179.0, 174.0, 172.0], "vObsErr": [17.6, 8.5, 5.22, 1.88, 3.59, 0.97, 0.99, 0.45, 0.81, 0.65, 0.66, 1.54, 1.9, 0.42, 4.19, 1.23, 4.09, 5.2, 1.16, 2.47, 3.85, 8.43, 4.55, 0.44, 1.96, 2.99, 3.39, 4.84], "vAcm": [205.3118823549673, 245.05017486333927, 269.01915792518037, 287.21370084149834, 280.27001802632975, 279.5143776216252, 281.47862089406726, 284.55739586070075, 288.7833628387054, 285.49373557235697, 282.20451357397553, 278.7470563518547, 260.6008374617988, 246.85312907990684, 235.92561170313778, 222.54077576865132, 211.33292892309987, 203.0052428556262, 198.67684461550405, 196.64060809411012, 197.46005347959462, 195.55016461909918, 195.40065743231315, 196.1506868132549, 199.18766315085867, 202.49220757577268, 205.18767645390616, 206.34940534018364], "vMond": [210.82911262512684, 253.97112171976303, 280.9768095473685, 301.78315896851433, 298.2242729288828, 300.5018704055204, 305.3737165385529, 311.06865865140054, 317.5970948888872, 316.82904529158424, 315.96639099674684, 314.79362285565827, 305.17411585911066, 296.76650530918437, 289.77916630546525, 279.48020869092085, 271.2473116268496, 265.1632414574314, 261.0183789544135, 258.15998250703575, 256.3727009834618, 253.8144293446439, 252.69346221550327, 251.86620977426006, 251.64697614911304, 250.83158050727758, 249.8813968188395, 248.5185503255065], "vGas": [2.2, 3.72, 4.09, 5.34, 6.03, 5.11, 8.42, 14.42, 19.11, 22.51, 25.8, 28.49, 33.07, 45.73, 47.26, 44.56, 40.45, 37.41, 38.46, 40.22, 42.57, 40.57, 41.86, 42.92, 44.68, 44.56, 43.74, 41.74], "vDisk": [201.48, 240.13, 263.27, 280.74, 273.32, 272.18, 273.73, 276.2, 279.72, 275.62, 271.43, 267.09, 245.58, 225.03, 208.52, 190.41, 175.86, 164.23, 154.38, 146.2, 139.3, 133.34, 128.12, 123.52, 119.59, 115.83, 112.43, 109.32], "vBulge": [0.0, 0.0, 0.0, 0.0, 0.0, 0.0, 0.0, 0.0, 0.0, 0.0, 0.0, 0.0, 0.0, 0.0, 0.0, 0.0, 0.0, 0.0, 0.0, 0.0, 0.0, 0.0, 0.0, 0.0, 0.0, 0.0, 0.0, 0.0]}