{"id": "NGC5985", "radiusKpc": [3.54, 4.23, 4.97, 5.74, 6.47, 7.22, 8.02, 8.79, 9.5, 10.27, 11.08, 11.82, 12.56, 13.39, 14.1, 14.93, 15.64, 16.35, 17.18, 17.89, 18.72, 19.44, 20.26, 20.98, 21.69, 22.52, 23.23, 24.06, 24.77, 25.95, 28.92, 31.76, 34.72], "vObs": [223.0, 230.0, 248.0, 258.0, 263.0, 272.0, 287.0, 289.0, 292.0, 302.0, 302.0, 304.0, 303.0, 305.0, 300.0, 295.0, 294.0, 290.0, 291.0, 286.0, 287.0, 294.0, 290.0, 288.0, 290.0, 294.0, 297.0, 293.0, 291.0, 297.0, 292.0, 288.0, 285.0], "vObsErr": [8.0, 6.13, 5.1, 6.6, 7.0, 6.25, 4.01, 7.25, 6.93, 10.4, 10.3, 10.4, 10.4, 10.1, 8.78, 9.72, 5.32, 5.32, 4.03, 3.25, 3.61, 3.35, 3.75, 3.04, 6.4, 4.19, 4.12, 5.15, 6.21, 4.0, 4.0, 4.0, 4.0], "vAcm": [167.81439004659697, 167.57076610086597, 168.11618939221393, 172.32168223856257, 177.34083943065016, 184.73246618115894, 191.2773574118269, 197.2638587616267, 203.85084609851862, 213.2653383746698, 222.65412815169591, 228.2742701648867, 232.75005550729563, 237.48395661018537, 241.23912198921042, 243.3506735440152, 244.18704698483157, 245.76431863430926, 247.89490020036718, 248.21475478422167, 246.94296870943705, 245.9628142236561, 245.72792571034464, 245.62764266136602, 245.4373916075564, 245.15842722212685, 244.76308909858497, 244.4849430624639, 244.3098151001218, 244.62402967869144, 249.12437774183866, 248.31946959468743, 247.06000305741603], "vMond": [188.3068285933171, 191.2507468299738, 195.48414151980455, 203.73738700115368, 212.55886024947003, 223.37120445836578, 233.19545586675176, 242.01832300474877, 250.7011190170583, 261.3986041714276, 271.1675441162553, 276.83262717273396, 281.37440651731833, 286.2296377210645, 290.0484383204092, 292.2805062502591, 293.29520354146786, 294.97492146353636, 296.93361734153046, 296.9447491525577, 295.56602131941304, 294.86175265318855, 295.1622393498742, 295.36729542748463, 295.2678404277572, 295.1131295275945, 294.9975543243138, 295.2911477965796, 295.6408959560462, 296.5917582358369, 297.3802659797153, 294.5703852073748, 295.47973324144067], "vGas": [-9.23, -10.88, -12.52, -13.93, -14.91, -15.46, -16.0, -16.33, -16.22, -15.46, -13.5, -9.2, 5.72, 13.39, 17.64, 21.66, 24.38, 26.24, 27.98, 29.72, 31.57, 33.2, 35.16, 37.01, 38.65, 40.5, 41.91, 43.22, 44.2, 45.18, 43.33, 45.72, 47.57], "vDisk": [117.85, 124.82, 131.42, 141.81, 151.83, 163.57, 173.43, 181.85, 190.1, 200.43, 209.52, 214.14, 217.36, 220.24, 222.33, 222.27, 221.26, 221.1, 220.98, 218.99, 215.15, 212.39, 210.49, 208.75, 206.74, 204.38, 202.43, 200.72, 199.42, 197.86, 193.43, 184.74, 180.34], "vBulge": [111.1, 101.71, 93.86, 87.33, 82.27, 77.87, 73.88, 70.57, 67.89, 65.29, 62.86, 60.86, 59.04, 57.18, 55.72, 54.15, 52.91, 51.75, 50.48, 49.47, 48.36, 47.46, 46.49, 45.68, 44.93, 44.09, 43.41, 42.66, 42.04, 41.07, 38.91, 37.13, 35.51]}