{"id": "NGC5907", "radiusKpc": [5.03, 7.55, 10.07, 12.58, 15.1, 17.61, 20.13, 22.65, 25.16, 27.68, 30.2, 32.71, 35.23, 37.75, 40.26, 42.78, 45.29, 47.81, 50.33], "vObs": [214.0, 220.0, 235.0, 235.0, 230.0, 231.0, 232.0, 225.0, 224.0, 229.0, 218.0, 214.0, 213.0, 211.0, 217.0, 216.0, 215.0, 217.0, 214.0], "vObsErr": [6.0, 6.0, 4.0, 4.0, 2.0, 2.0, 2.0, 7.0, 7.0, 2.0, 2.0, 2.0, 2.0, 2.0, 2.0, 3.0, 3.0, 5.0, 5.0], "vAcm": [182.30953616775673, 212.5466915970939, 235.27815491809187, 245.86948579197966, 242.3445119816511, 238.37634408748042, 234.4805070912415, 229.90150953402, 221.5722217220673, 216.08074787420082, 214.80248653729655, 211.84311736816443, 211.3699097954808, 209.40507115377306, 209.1734416152482, 207.87703163235253, 206.45045526473154, 204.049572006253, 203.04436928164813], "vMond": [212.41525505645484, 249.48283092437637, 276.67022525588334, 290.5417363931398, 290.9290570364468, 291.50581863774545, 291.6997385798579, 290.11504678836866, 284.43444289550445, 281.51030614411894, 281.298592584141, 277.84842594781696, 276.8094873917675, 273.58593465188335, 272.30086904755336, 269.755585446709, 268.4008120876194, 267.1568249599517, 267.49322511177274], "vGas": [0.0, 0.0, 0.0, 16.93, 24.45, 31.1, 42.26, 53.67, 49.79, 54.3, 64.08, 61.58, 64.96, 61.95, 63.21, 60.7, 60.57, 60.07, 62.33], "vDisk": [178.85, 207.41, 227.06, 232.81, 224.63, 217.25, 208.93, 198.38, 187.6, 177.97, 169.55, 162.23, 155.53, 149.39, 143.82, 138.81, 134.25, 130.16, 126.52], "vBulge": [0.0, 0.0, 0.0, 0.0, 0.0, 0.0, 0.0, 0.0, 0.0, 0.0, 0.0, 0.0, 0.0, 0.0, 0.0, 0.0, 0.0, 0.0, 0.0]}