{"id": "NGC5033", "radiusKpc": [0.76, 2.28, 3.8, 5.33, 6.85, 8.0, 10.28, 12.56, 14.91, 17.15, 19.39, 21.64, 24.01, 26.25, 28.5, 30.87, 33.12, 35.36, 37.73, 39.98, 42.22, 44.59], "vObs": [206.0, 214.0, 222.0, 224.0, 225.0, 222.0, 220.0, 218.0, 219.0, 217.0, 218.0, 220.0, 222.0, 218.0, 217.0, 207.0, 199.0, 191.0, 193.0, 192.0, 194.0, 196.0], "vObsErr": [16.0, 10.0, 8.0, 8.0, 8.0, 6.0, 3.0, 2.0, 2.0, 2.0, 2.0, 2.0, 2.0, 3.0, 3.0, 3.0, 3.0, 3.0, 3.0, 3.0, 4.0, 5.0], "vAcm": [292.6989339211367, 306.29321520603287, 293.163840800137, 267.6081710408264, 246.0199792328323, 229.93661176856787, 212.60471986339664, 200.9799705392735, 189.82225809124887, 181.7319624274535, 176.15608487322967, 174.99834676771619, 173.297219545107, 170.48996991055486, 167.08011336272145, 163.387121693797, 160.69711952865515, 158.10420243450307, 155.80815722364667, 154.12440741073516, 152.88798830720978, 151.97089572542382], "vMond": [296.39067723107564, 316.53580494770847, 310.37249487937765, 292.36393634841, 277.8584846849671, 266.8138066297579, 257.90634798202774, 253.41575733031897, 248.42453647421846, 245.19413641920465, 243.8951829081431, 245.980811795233, 245.88348762879798, 243.85322731339622, 241.2400317888458, 238.52566704475856, 236.57089577241322, 234.4484431756908, 232.68712168721237, 231.3074099672858, 230.1425643932111, 229.04209826678715], "vGas": [2.44, 5.15, 8.48, 16.65, 22.4, 24.58, 28.49, 30.21, 36.41, 41.69, 45.72, 51.92, 56.74, 58.35, 56.74, 53.3, 51.34, 48.7, 46.75, 45.26, 43.99, 42.84], "vDisk": [95.41, 214.07, 237.47, 222.81, 206.17, 191.74, 177.55, 168.02, 156.39, 147.04, 140.32, 136.88, 130.88, 124.11, 118.34, 113.45, 109.2, 105.32, 101.61, 98.44, 95.58, 92.77], "vBulge": [277.3, 218.08, 168.95, 142.66, 125.84, 116.44, 102.72, 92.93, 85.29, 79.53, 74.79, 70.8, 67.21, 64.28, 61.69, 59.28, 57.23, 55.39, 53.62, 52.09, 50.69, 49.32]}