{"id": "NGC5371", "radiusKpc": [1.45, 2.88, 4.33, 5.78, 7.22, 8.66, 11.55, 14.48, 17.28, 20.2, 23.12, 26.04, 28.84, 31.76, 34.68, 37.48, 40.4, 43.32, 46.24], "vObs": [216.0, 215.0, 215.0, 214.0, 215.0, 221.0, 233.0, 237.0, 242.0, 241.0, 240.0, 234.0, 226.0, 213.0, 207.0, 208.0, 209.0, 207.0, 213.0], "vObsErr": [10.0, 7.0, 5.0, 4.0, 4.0, 3.0, 3.0, 3.0, 3.0, 3.0, 3.0, 3.0, 3.0, 3.0, 3.0, 4.0, 4.0, 4.0, 6.0], "vAcm": [255.82342840535534, 248.84041941544322, 253.0038211357038, 262.19774051951146, 264.20433200065213, 272.0979746151547, 301.3229422460259, 325.3742563753352, 326.4698551485944, 331.3311566503228, 331.8367126108785, 321.65228089585344, 309.2447352542797, 299.0291953082587, 293.1973118274631, 285.2795430076084, 278.38781828214826, 273.2547195906731, 270.3202026580153], "vMond": [264.1379312364019, 264.61704795389255, 275.41012195501327, 290.3963372699372, 298.1328885532357, 311.29171493349827, 349.43869759576967, 377.24803243942, 382.1847591320181, 389.7943043615147, 389.89118746041936, 379.6132797093561, 368.3183945060673, 359.59236190124307, 353.2495753799383, 344.18779081392984, 337.9018963229693, 333.03656206123975, 329.2689836982125], "vGas": [0.0, 0.0, 0.0, 0.0, 0.0, 0.0, 11.24, 27.45, 40.74, 51.22, 57.81, 56.95, 55.22, 52.84, 50.68, 48.19, 45.17, 42.57, 40.95], "vDisk": [240.9, 232.56, 235.54, 243.76, 245.32, 253.0, 281.58, 299.81, 295.15, 293.48, 284.89, 267.33, 249.73, 235.27, 223.76, 210.28, 200.01, 191.48, 184.17], "vBulge": [0.0, 0.0, 0.0, 0.0, 0.0, 0.0, 0.0, 0.0, 0.0, 0.0, 0.0, 0.0, 0.0, 0.0, 0.0, 0.0, 0.0, 0.0, 0.0]}