{"id": "NGC5005", "radiusKpc": [0.49, 0.98, 1.47, 1.97, 2.46, 2.95, 3.44, 3.93, 4.42, 4.92, 5.74, 6.56, 7.37, 8.19, 9.01, 9.83, 10.65, 11.47], "vObs": [211.0, 233.0, 227.0, 234.0, 245.0, 244.0, 261.0, 259.0, 258.0, 258.0, 261.0, 263.0, 264.0, 265.0, 265.0, 264.0, 264.0, 265.0], "vObsErr": [40.1, 17.4, 14.4, 10.8, 7.67, 23.3, 23.3, 22.7, 22.7, 22.5, 22.4, 22.4, 22.3, 22.2, 22.2, 22.0, 21.9, 22.0], "vAcm": [251.55858117072052, 309.910023901333, 309.29641376051694, 306.79009699020065, 314.5326401032754, 321.1108514596049, 325.808078305654, 323.20078283851063, 318.73448733660007, 316.923886294594, 315.3026629280664, 314.1714061439818, 309.359091446052, 305.7712228314439, 303.31517864335797, 298.35909014792776, 290.2336498482794, 280.71585213665225], "vMond": [254.59715251337607, 314.7079296624278, 316.30647770854983, 316.1977720082532, 326.0087072974954, 334.4264197123988, 340.7327033762177, 339.92304456506446, 337.47513341725715, 337.68389710221726, 339.22088894461507, 340.83036024638676, 338.8328826554796, 338.0653369752236, 337.9597883232446, 335.0767164567263, 329.2648353082826, 322.39669881164673], "vGas": [64.37, 75.6, 68.11, 61.94, 60.52, 69.43, 75.4, 73.37, 68.82, 65.78, 61.84, 59.41, 58.09, 58.09, 58.19, 57.28, 55.06, 51.82], "vDisk": [73.17, 130.38, 176.13, 213.49, 244.17, 261.9, 273.58, 276.37, 276.54, 278.71, 282.13, 284.24, 281.24, 279.02, 277.3, 272.35, 264.11, 254.75], "vBulge": [233.76, 272.92, 246.78, 213.16, 190.74, 174.18, 161.3, 150.91, 142.3, 134.88, 124.87, 116.81, 110.2, 104.54, 99.67, 95.42, 91.67, 88.34]}