{"id": "NGC5907", "radiusKpc": [5.03, 7.55, 10.07, 12.58, 15.1, 17.61, 20.13, 22.65, 25.16, 27.68, 30.2, 32.71, 35.23, 37.75, 40.26, 42.78, 45.29, 47.81, 50.33], "vObs": [214.0, 220.0, 235.0, 235.0, 230.0, 231.0, 232.0, 225.0, 224.0, 229.0, 218.0, 214.0, 213.0, 211.0, 217.0, 216.0, 215.0, 217.0, 214.0], "vObsErr": [6.0, 6.0, 4.0, 4.0, 2.0, 2.0, 2.0, 7.0, 7.0, 2.0, 2.0, 2.0, 2.0, 2.0, 2.0, 3.0, 3.0, 5.0, 5.0], "vAcm": [182.2940448037646, 212.5242999662376, 235.24464773554158, 245.82445498665413, 242.29455087028302, 238.332395012734, 234.45224808404797, 229.8922135402329, 221.59619524779825, 216.1310662951215, 214.88194344014747, 211.96214927044582, 211.531891325527, 209.61366802406064, 209.42621014556485, 208.16997591940088, 206.76611794482636, 204.36748565035387, 203.35796048018906], "vMond": [212.41525505645484, 249.48283092437637, 276.67022525588334, 290.5417363931398, 290.9290570364468, 291.50581863774545, 291.6997385798579, 290.11504678836866, 284.43444289550445, 281.51030614411894, 281.298592584141, 277.84842594781696, 276.8094873917675, 273.58593465188335, 272.30086904755336, 269.755585446709, 268.4008120876194, 267.1568249599517, 267.49322511177274], "vGas": [0.0, 0.0, 0.0, 16.93, 24.45, 31.1, 42.26, 53.67, 49.79, 54.3, 64.08, 61.58, 64.96, 61.95, 63.21, 60.7, 60.57, 60.07, 62.33], "vDisk": [178.85, 207.41, 227.06, 232.81, 224.63, 217.25, 208.93, 198.38, 187.6, 177.97, 169.55, 162.23, 155.53, 149.39, 143.82, 138.81, 134.25, 130.16, 126.52], "vBulge": [0.0, 0.0, 0.0, 0.0, 0.0, 0.0, 0.0, 0.0, 0.0, 0.0, 0.0, 0.0, 0.0, 0.0, 0.0, 0.0, 0.0, 0.0, 0.0]}