{"id": "NGC5985", "radiusKpc": [3.54, 4.23, 4.97, 5.74, 6.47, 7.22, 8.02, 8.79, 9.5, 10.27, 11.08, 11.82, 12.56, 13.39, 14.1, 14.93, 15.64, 16.35, 17.18, 17.89, 18.72, 19.44, 20.26, 20.98, 21.69, 22.52, 23.23, 24.06, 24.77, 25.95, 28.92, 31.76, 34.72], "vObs": [223.0, 230.0, 248.0, 258.0, 263.0, 272.0, 287.0, 289.0, 292.0, 302.0, 302.0, 304.0, 303.0, 305.0, 300.0, 295.0, 294.0, 290.0, 291.0, 286.0, 287.0, 294.0, 290.0, 288.0, 290.0, 294.0, 297.0, 293.0, 291.0, 297.0, 292.0, 288.0, 285.0], "vObsErr": [8.0, 6.13, 5.1, 6.6, 7.0, 6.25, 4.01, 7.25, 6.93, 10.4, 10.3, 10.4, 10.4, 10.1, 8.78, 9.72, 5.32, 5.32, 4.03, 3.25, 3.61, 3.35, 3.75, 3.04, 6.4, 4.19, 4.12, 5.15, 6.21, 4.0, 4.0, 4.0, 4.0], "vAcm": [167.78579226662276, 167.53971843043888, 168.08543612597387, 172.29482182409697, 177.3189290397234, 184.715147058371, 191.26360078761178, 197.25265468978793, 203.84046905967162, 213.2524942880799, 222.6345311934657, 228.2467295484952, 232.71510240183548, 237.44184930471215, 241.19151412154224, 243.29698176644808, 244.12889676718183, 245.7025336810186, 247.82921605311356, 248.14555664036374, 246.86991117369686, 245.88727443979056, 245.65004249164642, 245.5476163559973, 245.35504408004428, 245.0734290954635, 244.67585060618748, 244.39538367221314, 244.21838273296694, 244.5300053606171, 249.04000069111004, 248.23694065783886, 246.97388592700315], "vMond": [188.3068285933171, 191.2507468299738, 195.48414151980455, 203.73738700115368, 212.55886024947003, 223.37120445836578, 233.19545586675176, 242.01832300474877, 250.7011190170583, 261.3986041714276, 271.1675441162553, 276.83262717273396, 281.37440651731833, 286.2296377210645, 290.0484383204092, 292.2805062502591, 293.29520354146786, 294.97492146353636, 296.93361734153046, 296.9447491525577, 295.56602131941304, 294.86175265318855, 295.1622393498742, 295.36729542748463, 295.2678404277572, 295.1131295275945, 294.9975543243138, 295.2911477965796, 295.6408959560462, 296.5917582358369, 297.3802659797153, 294.5703852073748, 295.47973324144067], "vGas": [-9.23, -10.88, -12.52, -13.93, -14.91, -15.46, -16.0, -16.33, -16.22, -15.46, -13.5, -9.2, 5.72, 13.39, 17.64, 21.66, 24.38, 26.24, 27.98, 29.72, 31.57, 33.2, 35.16, 37.01, 38.65, 40.5, 41.91, 43.22, 44.2, 45.18, 43.33, 45.72, 47.57], "vDisk": [117.85, 124.82, 131.42, 141.81, 151.83, 163.57, 173.43, 181.85, 190.1, 200.43, 209.52, 214.14, 217.36, 220.24, 222.33, 222.27, 221.26, 221.1, 220.98, 218.99, 215.15, 212.39, 210.49, 208.75, 206.74, 204.38, 202.43, 200.72, 199.42, 197.86, 193.43, 184.74, 180.34], "vBulge": [111.1, 101.71, 93.86, 87.33, 82.27, 77.87, 73.88, 70.57, 67.89, 65.29, 62.86, 60.86, 59.04, 57.18, 55.72, 54.15, 52.91, 51.75, 50.48, 49.47, 48.36, 47.46, 46.49, 45.68, 44.93, 44.09, 43.41, 42.66, 42.04, 41.07, 38.91, 37.13, 35.51]}