{"id": "NGC6195", "radiusKpc": [1.33, 2.34, 3.33, 4.34, 5.35, 6.34, 7.34, 8.32, 9.34, 10.38, 11.36, 12.34, 13.32, 14.3, 15.47, 16.35, 17.92, 19.1, 22.52, 26.05, 29.48, 33.0, 36.43], "vObs": [175.0, 237.0, 247.0, 242.0, 240.0, 233.0, 233.0, 247.0, 248.0, 242.0, 252.0, 245.0, 247.0, 238.0, 249.0, 250.0, 253.0, 258.0, 254.0, 256.0, 255.0, 244.0, 246.0], "vObsErr": [13.6, 3.65, 3.81, 3.56, 4.2, 4.59, 4.63, 6.41, 7.64, 9.05, 12.5, 8.72, 4.44, 9.29, 9.98, 6.15, 6.96, 15.4, 6.51, 7.73, 8.5, 5.75, 4.24], "vAcm": [280.148186390928, 314.66548069364654, 326.17618864595795, 334.34813382510424, 338.20151422006677, 343.86944508663066, 347.41161514722705, 347.3371725313295, 344.4520544266715, 344.43861696153533, 343.1330254158318, 340.42470744814887, 339.98831355921817, 342.06272966213817, 346.75816541190096, 348.1286001063111, 349.4173641407596, 350.9610548894409, 349.8260957069234, 335.6120514053385, 319.697222107899, 306.2423109936388, 300.57609135591775], "vMond": [289.1979182881757, 328.4167448648225, 344.4884465685778, 357.07227207555394, 365.27667748649867, 374.8202000591366, 382.0074365226864, 385.43158232050376, 386.22365406376525, 389.607776395908, 391.38143371909155, 391.925081350406, 394.85179273740493, 399.9374234204378, 407.1942390592374, 410.27140176839913, 414.6269159573171, 418.4899550218822, 420.13713752131275, 409.4979564822142, 397.79605193661484, 388.7242303855329, 385.01228523352773], "vGas": [0.0, 0.0, 0.0, 0.0, 0.11, 0.0, 0.0, 1.96, 15.34, 25.14, 33.65, 41.56, 48.79, 54.63, 60.46, 63.83, 68.08, 69.27, 67.69, 66.4, 63.14, 61.55, 65.91], "vDisk": [53.18, 84.9, 110.89, 133.39, 152.34, 168.35, 182.51, 192.78, 198.8, 207.14, 211.69, 213.57, 217.57, 223.69, 231.69, 234.56, 238.09, 241.54, 240.74, 225.1, 208.87, 195.11, 185.57], "vBulge": [236.8, 258.48, 258.69, 255.32, 247.96, 242.98, 235.83, 226.67, 216.7, 206.98, 198.54, 190.81, 183.83, 177.48, 170.69, 166.06, 158.63, 153.66, 141.52, 131.58, 123.68, 116.89, 111.25]}