{"id": "NGC6674", "radiusKpc": [2.5, 7.49, 12.54, 17.45, 22.47, 27.48, 32.5, 37.51, 42.42, 47.44, 52.45, 57.47, 62.48, 67.4, 72.41], "vObs": [206.0, 285.0, 291.0, 274.0, 266.0, 255.0, 250.0, 242.0, 237.0, 235.0, 236.0, 242.0, 246.0, 242.0, 242.0], "vObsErr": [75.0, 8.0, 7.0, 5.0, 4.0, 2.0, 2.0, 2.0, 2.0, 2.0, 2.0, 2.0, 2.0, 4.0, 5.0], "vAcm": [200.93340282333628, 232.44740341529234, 242.56716135431816, 231.90661376093541, 219.7084770141774, 209.47970943426853, 199.4491915779788, 191.92484982112904, 187.99267677106866, 185.8814430411369, 183.1407287333036, 183.08493830476223, 185.37621376687582, 187.0156448894319, 187.5402564928261], "vMond": [214.13587567568487, 261.2131567945218, 283.01737549081435, 282.45781431264896, 279.0681504908658, 275.99081242203874, 270.86238816315927, 266.3744761762344, 263.3351522526243, 260.5013655742815, 257.30735852277024, 256.2358287154364, 255.05506609271686, 253.0214082635444, 250.76742112934087], "vGas": [0.0, 0.0, 0.0, 0.0, 23.41, 35.47, 42.22, 45.59, 49.68, 50.91, 48.66, 50.7, 51.01, 48.35, 44.77], "vDisk": [122.77, 218.15, 234.07, 221.55, 205.25, 190.15, 174.2, 160.68, 149.48, 139.94, 131.98, 125.25, 119.5, 114.62, 110.24], "vBulge": [171.6, 99.53, 76.92, 65.21, 57.46, 51.96, 47.78, 44.48, 41.82, 39.55, 37.61, 35.93, 34.46, 33.18, 32.01]}