{"id": "NGC6946", "radiusKpc": [0.19, 0.56, 0.94, 1.22, 1.59, 1.96, 2.34, 2.71, 2.99, 3.37, 3.74, 4.12, 4.4, 4.77, 5.15, 5.52, 5.89, 6.17, 6.55, 6.92, 7.3, 7.58, 7.95, 8.33, 8.7, 9.08, 9.36, 9.73, 10.1, 10.48, 10.76, 11.13, 11.51, 11.88, 12.26, 12.54, 12.91, 13.29, 13.66, 14.03, 14.31, 14.69, 15.06, 15.44, 15.72, 16.09, 16.47, 16.84, 17.21, 17.5, 17.87, 18.24, 18.62, 18.9, 19.27, 19.65, 20.02, 20.4], "vObs": [153.0, 130.0, 128.0, 134.0, 129.0, 131.0, 138.0, 139.0, 143.0, 146.0, 154.0, 161.0, 167.0, 173.0, 176.0, 178.0, 180.0, 179.0, 180.0, 181.0, 179.0, 179.0, 179.0, 178.0, 177.0, 176.0, 173.0, 172.0, 172.0, 170.0, 171.0, 174.0, 174.0, 175.0, 174.0, 173.0, 173.0, 173.0, 175.0, 174.0, 171.0, 167.0, 165.0, 163.0, 162.0, 161.0, 159.0, 158.0, 157.0, 157.0, 157.0, 160.0, 159.0, 160.0, 158.0, 155.0, 157.0, 154.0], "vObsErr": [8.0, 9.0, 3.0, 3.0, 4.0, 7.0, 8.0, 5.0, 3.0, 2.0, 2.0, 1.0, 2.0, 2.0, 4.0, 5.0, 3.0, 4.0, 5.0, 4.0, 4.0, 2.0, 1.0, 1.0, 2.0, 2.0, 3.0, 2.0, 2.0, 2.0, 2.0, 2.0, 2.0, 2.0, 2.0, 6.0, 6.0, 8.0, 9.0, 9.0, 9.0, 8.0, 7.0, 8.0, 8.0, 9.0, 10.0, 10.0, 10.0, 10.0, 9.0, 11.0, 12.0, 14.0, 16.0, 18.0, 19.0, 21.0], "vAcm": [394.3523831649629, 303.7032933105371, 279.96149175778737, 276.6248109012592, 281.9421842868938, 285.60085322859953, 296.524121879357, 314.4753878585638, 317.85320567549195, 325.26963400294375, 329.09028663048184, 332.92376052429415, 337.86542746300705, 345.1558304451136, 352.5123264708195, 363.1152832880065, 364.34252453868646, 359.5609678263988, 359.20773103598646, 361.0235922606764, 357.2940662731551, 352.41105859926944, 344.95811346208706, 337.67216865774634, 334.79220225360416, 332.51727942541515, 330.2741159208118, 326.14365713974155, 322.4934123167762, 318.5746185204724, 315.83487199200994, 311.8673185718585, 308.37207819920167, 305.0332675418579, 302.01727494181483, 300.0445782868607, 297.6410340441365, 295.6031616338672, 294.04163020294584, 292.60168407526805, 291.68835370049084, 289.58844332030037, 287.20987553369554, 285.07054822940904, 283.5557808291993, 277.07147806480185, 274.4029866734169, 271.9493176656292, 269.7223156009236, 268.1751125993979, 266.51433024152817, 265.1340750082574, 263.93815460104196, 263.146625604622, 262.4948943343967, 262.1591698700142, 261.19957429841526, 260.3019452660179], "vMond": [396.34213164482736, 311.01939112197783, 292.7569754242822, 293.11416032741414, 302.8041340700516, 310.7009652681679, 325.2871736307306, 346.0186170982438, 351.8577254183958, 362.25267583620126, 369.0470684336104, 375.85607325887713, 382.77391524045186, 392.42832107721136, 401.8890012346153, 413.9974957576393, 417.0950784227405, 414.00487863613785, 415.52569798738955, 419.0235557708501, 417.34371872794856, 414.10641910421765, 408.92349101991124, 404.0059627161634, 403.23081958295194, 402.9993988766872, 402.1958044481951, 399.8909000737166, 397.9438600078204, 395.7103683170554, 394.1765311851514, 391.76586262277175, 389.79039129619605, 387.8366417892352, 386.1282442946135, 385.0186289182776, 383.5946386281418, 382.34765070266417, 381.3304857553643, 380.22750574418217, 379.4670628212671, 377.4716458120563, 375.2208325758831, 373.4335481359529, 372.42164387723, 366.52548731291307, 365.0481820459149, 363.74826858804664, 362.46445025214757, 361.4469979501565, 360.2514536991381, 359.1682549534756, 358.0907719671801, 357.2872620048585, 356.47800773311997, 355.845790246532, 354.36943378962224, 353.0389971027422], "vGas": [0.96, 2.86, 4.5, 5.34, 6.46, 6.51, 6.51, 6.44, 6.38, 7.55, 10.54, 12.86, 13.54, 14.41, 17.51, 20.8, 23.41, 25.15, 27.66, 31.15, 34.05, 34.92, 35.89, 37.34, 38.88, 39.08, 38.4, 37.72, 37.43, 37.14, 36.66, 35.89, 36.08, 36.76, 37.82, 38.79, 40.14, 42.08, 44.01, 45.46, 46.53, 45.94, 44.59, 44.01, 44.2, 33.85, 33.85, 33.85, 33.85, 33.85, 33.85, 33.85, 33.85, 33.85, 33.85, 33.85, 33.85, 33.85], "vDisk": [24.4, 62.52, 91.94, 109.48, 127.82, 138.39, 151.17, 166.55, 170.5, 177.07, 180.71, 184.13, 187.91, 193.15, 197.95, 204.45, 204.89, 201.57, 200.86, 201.34, 198.33, 194.96, 189.92, 184.93, 182.77, 181.24, 179.87, 177.19, 174.69, 171.99, 170.15, 167.51, 164.95, 162.35, 159.81, 158.0, 155.62, 153.17, 150.89, 148.68, 147.06, 144.87, 142.8, 140.8, 139.35, 137.46, 135.59, 133.88, 132.2, 130.89, 129.3, 127.8, 126.3, 125.2, 123.92, 122.75, 121.08, 119.5], "vBulge": [233.17, 168.53, 137.01, 120.39, 105.47, 94.99, 86.94, 80.79, 76.91, 72.44, 68.77, 65.52, 63.4, 60.89, 58.6, 56.6, 54.8, 53.54, 51.96, 50.55, 49.22, 48.3, 47.17, 46.08, 45.09, 44.13, 43.47, 42.63, 41.85, 41.08, 40.54, 39.86, 39.2, 38.58, 37.98, 37.55, 37.01, 36.48, 35.98, 35.5, 35.16, 34.7, 34.27, 33.84, 33.54, 33.15, 32.77, 32.41, 32.06, 31.79, 31.46, 31.14, 30.82, 30.59, 30.3, 30.0, 29.72, 29.44]}