{"id": "NGC6503", "radiusKpc": [0.76, 1.52, 2.28, 3.04, 3.79, 4.55, 5.31, 6.07, 6.83, 7.59, 8.35, 9.11, 9.86, 10.64, 11.38, 12.12, 12.86, 13.7, 14.44, 15.18, 15.91, 16.65, 17.49, 18.23, 18.97, 19.71, 20.45, 21.29, 22.03, 22.76, 23.5], "vObs": [77.0, 100.0, 110.0, 118.0, 121.0, 121.0, 117.0, 116.0, 116.0, 116.0, 115.0, 115.0, 116.0, 117.0, 117.0, 118.0, 117.0, 116.0, 115.0, 117.0, 116.0, 115.0, 115.0, 115.0, 114.0, 115.0, 114.0, 116.0, 115.0, 118.0, 115.0], "vObsErr": [10.0, 5.0, 2.0, 2.0, 2.0, 2.0, 2.0, 2.0, 2.0, 2.0, 1.0, 1.0, 1.0, 1.0, 1.0, 1.0, 1.0, 1.0, 1.0, 1.0, 1.0, 2.0, 2.0, 2.0, 2.0, 2.0, 2.0, 2.0, 3.0, 4.0, 10.0], "vAcm": [72.57585009601824, 125.32008126774849, 145.8582558442314, 139.72894931316662, 129.37491175704295, 120.80729542881483, 114.54106910654555, 110.04688832122753, 107.48856038146461, 105.56035862900177, 103.79506674006927, 102.74403248188112, 102.48258260922945, 102.50755505239579, 102.58393944741852, 103.01255086331093, 103.89396463367244, 105.45768099864989, 106.76046549781569, 107.66835056694933, 108.38749391242897, 109.5103902384771, 111.34491473609312, 112.90383329801072, 113.86169227355464, 114.45269598593418, 115.15805708268323, 116.43199699595723, 117.86132384654333, 119.35403208405668, 120.78452594510684], "vMond": [83.7072748421735, 139.80492802497054, 163.66825210711968, 161.281075347295, 154.36232176205925, 148.93067838216848, 145.23893127635156, 142.6416774608193, 141.4132155739727, 140.30798520259233, 138.91327580083788, 138.00521052238983, 137.72841022757316, 137.43732339596423, 136.97325780343095, 136.73733552189705, 136.64768590276438, 136.5009544158221, 136.14640880968287, 135.73651321233385, 135.4322614699026, 135.3589741308857, 135.1413171606279, 134.83597812696107, 134.4150633825126, 134.18463715201216, 134.02828420836323, 133.88951249467152, 133.69576367843075, 133.53518228519968, 133.2956666233136], "vGas": [4.04, 7.62, 9.72, 12.42, 13.35, 14.78, 17.55, 19.2, 20.33, 21.66, 22.79, 23.92, 24.84, 25.46, 26.38, 27.2, 28.13, 28.74, 28.64, 28.33, 28.13, 28.33, 28.23, 27.82, 27.2, 26.9, 26.69, 26.49, 26.18, 25.87, 25.46], "vDisk": [70.72, 123.17, 142.64, 134.42, 121.97, 111.53, 103.23, 96.65, 91.96, 87.62, 83.25, 79.58, 76.81, 74.18, 71.5, 69.18, 67.04, 64.84, 63.05, 61.39, 59.88, 58.45, 56.93, 55.71, 54.55, 53.46, 52.44, 51.35, 50.44, 49.61, 48.79], "vBulge": [0.0, 0.0, 0.0, 0.0, 0.0, 0.0, 0.0, 0.0, 0.0, 0.0, 0.0, 0.0, 0.0, 0.0, 0.0, 0.0, 0.0, 0.0, 0.0, 0.0, 0.0, 0.0, 0.0, 0.0, 0.0, 0.0, 0.0, 0.0, 0.0, 0.0, 0.0]}