{"id": "NGC6946", "radiusKpc": [0.19, 0.56, 0.94, 1.22, 1.59, 1.96, 2.34, 2.71, 2.99, 3.37, 3.74, 4.12, 4.4, 4.77, 5.15, 5.52, 5.89, 6.17, 6.55, 6.92, 7.3, 7.58, 7.95, 8.33, 8.7, 9.08, 9.36, 9.73, 10.1, 10.48, 10.76, 11.13, 11.51, 11.88, 12.26, 12.54, 12.91, 13.29, 13.66, 14.03, 14.31, 14.69, 15.06, 15.44, 15.72, 16.09, 16.47, 16.84, 17.21, 17.5, 17.87, 18.24, 18.62, 18.9, 19.27, 19.65, 20.02, 20.4], "vObs": [153.0, 130.0, 128.0, 134.0, 129.0, 131.0, 138.0, 139.0, 143.0, 146.0, 154.0, 161.0, 167.0, 173.0, 176.0, 178.0, 180.0, 179.0, 180.0, 181.0, 179.0, 179.0, 179.0, 178.0, 177.0, 176.0, 173.0, 172.0, 172.0, 170.0, 171.0, 174.0, 174.0, 175.0, 174.0, 173.0, 173.0, 173.0, 175.0, 174.0, 171.0, 167.0, 165.0, 163.0, 162.0, 161.0, 159.0, 158.0, 157.0, 157.0, 157.0, 160.0, 159.0, 160.0, 158.0, 155.0, 157.0, 154.0], "vObsErr": [8.0, 9.0, 3.0, 3.0, 4.0, 7.0, 8.0, 5.0, 3.0, 2.0, 2.0, 1.0, 2.0, 2.0, 4.0, 5.0, 3.0, 4.0, 5.0, 4.0, 4.0, 2.0, 1.0, 1.0, 2.0, 2.0, 3.0, 2.0, 2.0, 2.0, 2.0, 2.0, 2.0, 2.0, 2.0, 6.0, 6.0, 8.0, 9.0, 9.0, 9.0, 8.0, 7.0, 8.0, 8.0, 9.0, 10.0, 10.0, 10.0, 10.0, 9.0, 11.0, 12.0, 14.0, 16.0, 18.0, 19.0, 21.0], "vAcm": [394.3547441013016, 303.7113016933602, 279.9739831944694, 276.6391975356225, 281.95738223426935, 285.61607249569903, 296.5388397346388, 314.48963174826395, 317.8678455411269, 325.2847904429818, 329.1059220136068, 332.9395681604248, 337.8811644271578, 345.17166112232593, 352.52890799067353, 363.13305939554886, 364.36221797615383, 359.5822690014728, 359.2302684492972, 361.04637636488775, 357.31672172126434, 352.4333484927907, 344.9798028660243, 337.6927382757951, 334.8110617925995, 332.53383987917374, 330.28854622839754, 326.1546800933894, 322.50023432756643, 318.5764674141853, 315.8327576156557, 311.8602962754849, 308.35962454075167, 305.0183360833343, 301.9951192052186, 300.0188518234395, 297.61043871525146, 295.56664788940896, 293.99767084242245, 292.54771713247277, 291.62462674871904, 289.50777945339416, 287.1095568133916, 284.9483774964725, 283.418392580067, 276.914867628961, 274.23331148158474, 271.77067889848655, 269.5354426792172, 267.98138735252417, 266.3106128957206, 264.91803209231153, 263.70903107945077, 262.9054130458182, 262.23713774200394, 261.88294787531163, 260.9043650533113, 259.9985014134693], "vMond": [396.34213164482736, 311.01939112197783, 292.7569754242822, 293.11416032741414, 302.8041340700516, 310.7009652681679, 325.2871736307306, 346.0186170982438, 351.8577254183958, 362.25267583620126, 369.0470684336104, 375.85607325887713, 382.77391524045186, 392.42832107721136, 401.8890012346153, 413.9974957576393, 417.0950784227405, 414.00487863613785, 415.52569798738955, 419.0235557708501, 417.34371872794856, 414.10641910421765, 408.92349101991124, 404.0059627161634, 403.23081958295194, 402.9993988766872, 402.1958044481951, 399.8909000737166, 397.9438600078204, 395.7103683170554, 394.1765311851514, 391.76586262277175, 389.79039129619605, 387.8366417892352, 386.1282442946135, 385.0186289182776, 383.5946386281418, 382.34765070266417, 381.3304857553643, 380.22750574418217, 379.4670628212671, 377.4716458120563, 375.2208325758831, 373.4335481359529, 372.42164387723, 366.52548731291307, 365.0481820459149, 363.74826858804664, 362.46445025214757, 361.4469979501565, 360.2514536991381, 359.1682549534756, 358.0907719671801, 357.2872620048585, 356.47800773311997, 355.845790246532, 354.36943378962224, 353.0389971027422], "vGas": [0.96, 2.86, 4.5, 5.34, 6.46, 6.51, 6.51, 6.44, 6.38, 7.55, 10.54, 12.86, 13.54, 14.41, 17.51, 20.8, 23.41, 25.15, 27.66, 31.15, 34.05, 34.92, 35.89, 37.34, 38.88, 39.08, 38.4, 37.72, 37.43, 37.14, 36.66, 35.89, 36.08, 36.76, 37.82, 38.79, 40.14, 42.08, 44.01, 45.46, 46.53, 45.94, 44.59, 44.01, 44.2, 33.85, 33.85, 33.85, 33.85, 33.85, 33.85, 33.85, 33.85, 33.85, 33.85, 33.85, 33.85, 33.85], "vDisk": [24.4, 62.52, 91.94, 109.48, 127.82, 138.39, 151.17, 166.55, 170.5, 177.07, 180.71, 184.13, 187.91, 193.15, 197.95, 204.45, 204.89, 201.57, 200.86, 201.34, 198.33, 194.96, 189.92, 184.93, 182.77, 181.24, 179.87, 177.19, 174.69, 171.99, 170.15, 167.51, 164.95, 162.35, 159.81, 158.0, 155.62, 153.17, 150.89, 148.68, 147.06, 144.87, 142.8, 140.8, 139.35, 137.46, 135.59, 133.88, 132.2, 130.89, 129.3, 127.8, 126.3, 125.2, 123.92, 122.75, 121.08, 119.5], "vBulge": [233.17, 168.53, 137.01, 120.39, 105.47, 94.99, 86.94, 80.79, 76.91, 72.44, 68.77, 65.52, 63.4, 60.89, 58.6, 56.6, 54.8, 53.54, 51.96, 50.55, 49.22, 48.3, 47.17, 46.08, 45.09, 44.13, 43.47, 42.63, 41.85, 41.08, 40.54, 39.86, 39.2, 38.58, 37.98, 37.55, 37.01, 36.48, 35.98, 35.5, 35.16, 34.7, 34.27, 33.84, 33.54, 33.15, 32.77, 32.41, 32.06, 31.79, 31.46, 31.14, 30.82, 30.59, 30.3, 30.0, 29.72, 29.44]}