{"id": "NGC6015", "radiusKpc": [0.34, 0.67, 1.0, 1.32, 1.65, 1.98, 2.31, 2.63, 2.96, 3.28, 3.61, 3.94, 4.27, 4.6, 4.94, 5.3, 5.63, 5.96, 6.27, 8.24, 10.3, 11.13, 11.95, 12.72, 13.58, 14.43, 15.29, 16.02, 16.88, 17.73, 18.59, 19.32, 20.18, 21.04, 21.89, 22.63, 23.48, 24.34, 25.19, 25.93, 26.78, 27.64, 28.37, 29.23], "vObs": [35.5, 62.4, 90.7, 104.0, 105.0, 108.0, 116.0, 130.0, 141.0, 146.0, 150.0, 152.0, 155.0, 152.0, 150.0, 147.0, 145.0, 152.0, 149.0, 149.0, 146.0, 149.0, 152.0, 153.0, 156.0, 158.0, 158.0, 159.0, 161.0, 163.0, 162.0, 164.0, 165.0, 166.0, 163.0, 159.0, 155.0, 154.0, 149.0, 153.0, 156.0, 151.0, 158.0, 152.0], "vObsErr": [2.1, 4.2, 3.8, 2.0, 2.4, 2.0, 2.3, 3.3, 2.2, 1.6, 1.4, 1.1, 1.3, 1.8, 2.4, 5.5, 3.8, 4.1, 1.4, 4.0, 4.0, 3.2, 2.8, 2.4, 2.2, 2.8, 3.1, 3.8, 3.6, 4.0, 4.8, 5.7, 7.0, 6.3, 7.0, 8.5, 9.1, 8.0, 5.4, 3.1, 3.0, 9.4, 7.7, 3.4], "vAcm": [39.931601615694206, 59.153404066056886, 76.26962948026568, 82.44229626626984, 87.67691353576153, 93.22770318690456, 99.83653770565844, 106.71934023991659, 114.88919869253418, 122.87596854964778, 130.56461408700832, 136.90968554983402, 141.7185573345204, 144.14167914452634, 144.97084971306103, 144.15384926070345, 143.2717900223856, 143.821537803734, 143.99022849715578, 140.23931402669226, 133.30119856810282, 132.06519199037567, 131.69307466626788, 131.13228670636957, 130.5316489889679, 130.16670424569102, 129.980964385354, 129.9416945744907, 129.87406464153804, 129.77535577837074, 129.4978495607188, 129.3824488607378, 129.60718002969048, 129.9502724519606, 130.11822606634985, 130.26035574398253, 130.1447047562167, 129.25689748002338, 130.15218558018606, 135.20131944335805, 139.80326025853736, 141.0206295803333, 140.09088739378407, 139.29971929434342], "vMond": [47.77154649768623, 69.95147213626376, 89.2014009664798, 97.67911322941752, 105.07342642633955, 112.5577903232124, 120.85904699053224, 129.1883273798444, 138.5916084942133, 147.58278472533274, 156.13803112540157, 163.23152280011848, 168.7048174412505, 171.80636365680613, 173.36631415232057, 173.41920618575404, 173.37399270443, 174.7826480403768, 175.81446484497133, 177.2050654881571, 174.4337004018035, 174.33172796739765, 174.59895811369722, 174.09023856799683, 173.2185406765928, 172.45725213112783, 171.6654797682387, 170.92827156769886, 169.88051276600208, 168.9294601130425, 168.00053501349956, 167.39564973844006, 166.87435977865815, 166.28345351605202, 165.6804525424088, 165.3392402882917, 165.00980258083868, 164.60739271041015, 164.4152676367109, 165.436529309443, 163.1529606292335, 162.05290142155977, 161.22337515692092, 160.60532264693398], "vGas": [-2.27, -3.73, -5.02, -6.13, -7.07, -7.85, -8.46, -8.8, -8.85, -8.55, -7.82, -6.39, -3.64, 4.74, 8.31, 11.17, 13.71, 15.93, 18.03, 27.98, 36.61, 39.92, 43.13, 45.67, 47.33, 48.11, 48.44, 48.44, 48.11, 47.66, 47.0, 46.67, 46.56, 46.12, 45.56, 45.34, 45.12, 44.68, 44.57, 46.56, 42.58, 40.7, 39.26, 38.26], "vDisk": [41.97, 62.26, 80.4, 86.74, 92.13, 97.94, 104.95, 112.27, 120.94, 129.34, 137.29, 143.65, 148.22, 149.97, 149.81, 147.82, 145.9, 145.72, 145.22, 136.77, 123.8, 119.88, 116.47, 112.55, 108.33, 104.74, 101.4, 98.71, 95.6, 92.8, 90.22, 88.2, 85.97, 83.92, 82.02, 80.48, 78.82, 77.25, 75.79, 74.58, 73.28, 72.03, 71.03, 69.88], "vBulge": [0.0, 0.0, 0.0, 0.0, 0.0, 0.0, 0.0, 0.0, 0.0, 0.0, 0.0, 0.0, 0.0, 0.0, 0.0, 0.0, 0.0, 0.0, 0.0, 0.0, 0.0, 0.0, 0.0, 0.0, 0.0, 0.0, 0.0, 0.0, 0.0, 0.0, 0.0, 0.0, 0.0, 0.0, 0.0, 0.0, 0.0, 0.0, 0.0, 0.0, 0.0, 0.0, 0.0, 0.0]}