{"id": "NGC6015", "radiusKpc": [0.34, 0.67, 1.0, 1.32, 1.65, 1.98, 2.31, 2.63, 2.96, 3.28, 3.61, 3.94, 4.27, 4.6, 4.94, 5.3, 5.63, 5.96, 6.27, 8.24, 10.3, 11.13, 11.95, 12.72, 13.58, 14.43, 15.29, 16.02, 16.88, 17.73, 18.59, 19.32, 20.18, 21.04, 21.89, 22.63, 23.48, 24.34, 25.19, 25.93, 26.78, 27.64, 28.37, 29.23], "vObs": [35.5, 62.4, 90.7, 104.0, 105.0, 108.0, 116.0, 130.0, 141.0, 146.0, 150.0, 152.0, 155.0, 152.0, 150.0, 147.0, 145.0, 152.0, 149.0, 149.0, 146.0, 149.0, 152.0, 153.0, 156.0, 158.0, 158.0, 159.0, 161.0, 163.0, 162.0, 164.0, 165.0, 166.0, 163.0, 159.0, 155.0, 154.0, 149.0, 153.0, 156.0, 151.0, 158.0, 152.0], "vObsErr": [2.1, 4.2, 3.8, 2.0, 2.4, 2.0, 2.3, 3.3, 2.2, 1.6, 1.4, 1.1, 1.3, 1.8, 2.4, 5.5, 3.8, 4.1, 1.4, 4.0, 4.0, 3.2, 2.8, 2.4, 2.2, 2.8, 3.1, 3.8, 3.6, 4.0, 4.8, 5.7, 7.0, 6.3, 7.0, 8.5, 9.1, 8.0, 5.4, 3.1, 3.0, 9.4, 7.7, 3.4], "vAcm": [39.928773088687265, 59.149646108735425, 76.26533689640894, 82.43723180254135, 87.67128437311293, 93.22179234426517, 99.83055088952972, 106.71327558425635, 114.88291914211099, 122.86921997611678, 130.55702702118623, 136.90087751596428, 141.70823330507187, 144.12964756794594, 144.9571212185972, 144.1384606050893, 143.255343032181, 143.80454145474053, 143.97316893787243, 140.24334759661383, 133.34048004618822, 132.1151992986768, 131.76014758285075, 131.2206393456273, 130.64693531403614, 130.3096870983676, 130.1535062527528, 130.14070505244925, 130.10580595376615, 130.03732002115296, 129.784975911067, 129.68863349558205, 129.9372091870981, 130.30581876165508, 130.49451359414437, 130.65092874865178, 130.5472050850096, 129.6600946771532, 130.58283303142156, 135.71257818177423, 140.42605256366224, 141.68455288248802, 140.75425707712236, 139.96182203864817], "vMond": [47.77154649768623, 69.95147213626376, 89.2014009664798, 97.67911322941752, 105.07342642633955, 112.5577903232124, 120.85904699053224, 129.1883273798444, 138.5916084942133, 147.58278472533274, 156.13803112540157, 163.23152280011848, 168.7048174412505, 171.80636365680613, 173.36631415232057, 173.41920618575404, 173.37399270443, 174.7826480403768, 175.81446484497133, 177.2050654881571, 174.4337004018035, 174.33172796739765, 174.59895811369722, 174.09023856799683, 173.2185406765928, 172.45725213112783, 171.6654797682387, 170.92827156769886, 169.88051276600208, 168.9294601130425, 168.00053501349956, 167.39564973844006, 166.87435977865815, 166.28345351605202, 165.6804525424088, 165.3392402882917, 165.00980258083868, 164.60739271041015, 164.4152676367109, 165.436529309443, 163.1529606292335, 162.05290142155977, 161.22337515692092, 160.60532264693398], "vGas": [-2.27, -3.73, -5.02, -6.13, -7.07, -7.85, -8.46, -8.8, -8.85, -8.55, -7.82, -6.39, -3.64, 4.74, 8.31, 11.17, 13.71, 15.93, 18.03, 27.98, 36.61, 39.92, 43.13, 45.67, 47.33, 48.11, 48.44, 48.44, 48.11, 47.66, 47.0, 46.67, 46.56, 46.12, 45.56, 45.34, 45.12, 44.68, 44.57, 46.56, 42.58, 40.7, 39.26, 38.26], "vDisk": [41.97, 62.26, 80.4, 86.74, 92.13, 97.94, 104.95, 112.27, 120.94, 129.34, 137.29, 143.65, 148.22, 149.97, 149.81, 147.82, 145.9, 145.72, 145.22, 136.77, 123.8, 119.88, 116.47, 112.55, 108.33, 104.74, 101.4, 98.71, 95.6, 92.8, 90.22, 88.2, 85.97, 83.92, 82.02, 80.48, 78.82, 77.25, 75.79, 74.58, 73.28, 72.03, 71.03, 69.88], "vBulge": [0.0, 0.0, 0.0, 0.0, 0.0, 0.0, 0.0, 0.0, 0.0, 0.0, 0.0, 0.0, 0.0, 0.0, 0.0, 0.0, 0.0, 0.0, 0.0, 0.0, 0.0, 0.0, 0.0, 0.0, 0.0, 0.0, 0.0, 0.0, 0.0, 0.0, 0.0, 0.0, 0.0, 0.0, 0.0, 0.0, 0.0, 0.0, 0.0, 0.0, 0.0, 0.0, 0.0, 0.0]}