{"id": "NGC7331", "radiusKpc": [2.67, 3.21, 3.74, 4.27, 4.81, 5.35, 5.88, 6.41, 7.48, 8.55, 9.62, 10.66, 11.74, 12.83, 13.91, 15.0, 16.08, 17.07, 18.15, 19.24, 20.32, 21.41, 22.49, 23.48, 24.57, 25.65, 26.74, 27.82, 28.91, 29.89, 30.98, 32.06, 33.15, 34.23, 35.32, 36.31], "vObs": [221.0, 237.0, 249.0, 250.0, 253.0, 257.0, 257.0, 257.0, 257.0, 255.0, 248.0, 247.0, 246.0, 244.0, 242.0, 238.0, 236.0, 233.0, 234.0, 236.0, 237.0, 238.0, 240.0, 238.0, 237.0, 236.0, 238.0, 239.0, 239.0, 241.0, 236.0, 236.0, 239.0, 237.0, 241.0, 238.0], "vObsErr": [20.0, 13.0, 8.0, 5.0, 5.0, 5.0, 5.0, 5.0, 5.0, 5.0, 6.0, 6.0, 6.0, 6.0, 4.0, 3.0, 3.0, 3.0, 3.0, 3.0, 3.0, 3.0, 3.0, 3.0, 3.0, 3.0, 3.0, 3.0, 3.0, 4.0, 4.0, 5.0, 5.0, 5.0, 7.0, 9.0], "vAcm": [363.66082220608615, 384.7626805528631, 403.2765774327255, 404.8306828194694, 402.3575475222218, 404.795510482563, 397.79515632804174, 392.2137473517494, 376.77316169677636, 354.70329204239596, 341.3505708570488, 329.95057072642317, 318.9419562758852, 311.2639785306642, 303.6962174445243, 295.8729003360643, 289.0883151213166, 284.1291928964504, 280.40102755409885, 278.0747687862723, 275.4136971319822, 270.72175748179575, 266.0176800920356, 262.4145157763243, 257.87038499359403, 253.83397924660574, 250.16442248859286, 246.5722148371315, 242.9020922798328, 239.5752824749872, 235.99467370082868, 232.90140215564244, 230.46011944756688, 228.58484156758703, 227.10613849454944, 224.91475655662592], "vMond": [375.6210877325463, 398.17052792233716, 417.98451343195956, 421.216148566435, 420.52435003670723, 424.54331467512054, 419.42618368054684, 415.69798464236203, 404.3275570013749, 386.873024812103, 377.76424982912533, 370.28451225851904, 363.1323627933459, 358.9587688297513, 354.6665477177651, 350.01930453273314, 346.2512369076591, 343.9030450682044, 342.7031360942976, 342.43991702548965, 341.38929617181554, 338.16522190042264, 334.9213231764478, 332.69393504500016, 329.67936617418195, 327.12470830257126, 324.8393382734445, 322.5002043017691, 320.05814319057436, 317.8843010083501, 315.64213449163935, 313.80732102034904, 312.3511277559799, 311.02849391322485, 309.752721373265, 307.48696079568083], "vGas": [-12.02, -12.52, -12.91, -12.71, -11.52, -9.56, -6.26, 4.8, 12.22, 16.59, 22.45, 28.21, 33.77, 38.94, 43.31, 45.59, 47.38, 49.66, 53.93, 57.71, 60.09, 61.78, 63.67, 64.56, 62.97, 61.48, 60.79, 59.4, 57.31, 55.13, 52.84, 51.55, 51.35, 50.86, 49.27, 47.97], "vDisk": [317.9, 344.05, 365.51, 368.89, 367.77, 371.23, 365.05, 360.1, 345.54, 324.23, 311.29, 299.93, 288.64, 280.42, 272.13, 263.74, 256.44, 250.86, 245.89, 242.0, 237.62, 231.06, 224.49, 219.56, 214.35, 209.72, 205.21, 200.95, 196.85, 193.34, 189.65, 186.2, 182.89, 179.88, 177.27, 173.78], "vBulge": [136.84, 124.77, 115.63, 108.22, 101.96, 96.68, 92.22, 88.33, 81.76, 76.48, 72.1, 68.49, 65.26, 62.43, 59.96, 57.74, 55.77, 54.12, 52.49, 50.98, 49.61, 48.33, 47.15, 46.15, 45.11, 44.15, 43.24, 42.4, 41.59, 40.9, 40.18, 39.49, 38.84, 38.22, 37.63, 37.11]}