{"id": "NGC7814", "radiusKpc": [0.63, 1.72, 2.79, 3.91, 5.03, 6.14, 7.26, 8.37, 9.5, 10.65, 11.74, 12.82, 14.01, 15.09, 16.18, 17.36, 18.44, 19.53], "vObs": [265.0, 250.0, 233.0, 230.0, 228.0, 228.0, 227.0, 226.0, 223.0, 219.0, 216.0, 214.0, 214.0, 214.0, 214.0, 214.0, 214.0, 214.0], "vObsErr": [15.0, 15.0, 7.29, 6.45, 5.37, 5.16, 5.94, 3.0, 3.92, 2.9, 2.55, 2.55, 3.07, 3.61, 4.46, 5.07, 4.78, 4.87], "vAcm": [386.5104545282841, 345.97996884733266, 308.9511462886669, 286.1010363525575, 267.64928057127185, 250.27589806801004, 235.22891616243837, 223.9656028348691, 214.03016395376648, 205.58741477787058, 198.56724384477639, 191.9469026386491, 185.07986325638464, 180.58385125487587, 177.32109528488365, 173.71986694805958, 170.5690224140744, 167.7173459918538], "vMond": [389.2274539896745, 354.48813618024695, 324.2042947119052, 308.15769059484074, 296.237619180651, 285.1047958932496, 275.9314628151317, 269.7942743239295, 264.39952982032764, 259.797607498712, 255.88480514323317, 252.091138106917, 248.07343009300735, 245.32051187007335, 243.1206205701222, 240.6336203466087, 238.62726923808574, 236.90752714405062], "vGas": [-0.69, -2.33, -3.94, -5.06, -3.48, 1.4, -1.38, 5.96, 11.22, 16.09, 18.57, 19.07, 17.78, 20.16, 23.24, 23.44, 23.34, 22.64], "vDisk": [39.69, 81.63, 104.82, 118.95, 122.96, 120.03, 115.88, 113.5, 109.97, 105.99, 102.02, 97.84, 93.27, 89.43, 85.93, 82.48, 79.67, 77.35], "vBulge": [345.22, 298.99, 255.24, 225.3, 203.41, 186.27, 172.25, 160.83, 151.12, 142.79, 136.04, 130.19, 124.54, 120.01, 115.89, 111.88, 108.55, 105.49]}