{"id": "NGC7331", "radiusKpc": [2.67, 3.21, 3.74, 4.27, 4.81, 5.35, 5.88, 6.41, 7.48, 8.55, 9.62, 10.66, 11.74, 12.83, 13.91, 15.0, 16.08, 17.07, 18.15, 19.24, 20.32, 21.41, 22.49, 23.48, 24.57, 25.65, 26.74, 27.82, 28.91, 29.89, 30.98, 32.06, 33.15, 34.23, 35.32, 36.31], "vObs": [221.0, 237.0, 249.0, 250.0, 253.0, 257.0, 257.0, 257.0, 257.0, 255.0, 248.0, 247.0, 246.0, 244.0, 242.0, 238.0, 236.0, 233.0, 234.0, 236.0, 237.0, 238.0, 240.0, 238.0, 237.0, 236.0, 238.0, 239.0, 239.0, 241.0, 236.0, 236.0, 239.0, 237.0, 241.0, 238.0], "vObsErr": [20.0, 13.0, 8.0, 5.0, 5.0, 5.0, 5.0, 5.0, 5.0, 5.0, 6.0, 6.0, 6.0, 6.0, 4.0, 3.0, 3.0, 3.0, 3.0, 3.0, 3.0, 3.0, 3.0, 3.0, 3.0, 3.0, 3.0, 3.0, 3.0, 4.0, 4.0, 5.0, 5.0, 5.0, 7.0, 9.0], "vAcm": [363.65307024702724, 384.7534096021413, 403.265722214234, 404.81774338999367, 402.3423209248822, 404.7782568480282, 397.77566353471826, 392.1922735073201, 376.7484551808479, 354.6761814244636, 341.3221396978555, 329.92084993194266, 318.9107398464378, 311.23133140477995, 303.66194735990916, 295.8369411833282, 289.05086787983583, 284.0904785509483, 280.3608576797823, 278.03281591577047, 275.3697434651666, 270.67580217068894, 265.9703683899901, 262.3667727686036, 257.8229181727882, 253.78789085581215, 250.120514673963, 246.53114960292808, 242.86507028890196, 239.54206689571015, 235.96563087216347, 232.8762493933934, 230.4395043936084, 228.57024752695685, 227.09921903242977, 224.91401347556624], "vMond": [375.6210877325463, 398.17052792233716, 417.98451343195956, 421.216148566435, 420.52435003670723, 424.54331467512054, 419.42618368054684, 415.69798464236203, 404.3275570013749, 386.873024812103, 377.76424982912533, 370.28451225851904, 363.1323627933459, 358.9587688297513, 354.6665477177651, 350.01930453273314, 346.2512369076591, 343.9030450682044, 342.7031360942976, 342.43991702548965, 341.38929617181554, 338.16522190042264, 334.9213231764478, 332.69393504500016, 329.67936617418195, 327.12470830257126, 324.8393382734445, 322.5002043017691, 320.05814319057436, 317.8843010083501, 315.64213449163935, 313.80732102034904, 312.3511277559799, 311.02849391322485, 309.752721373265, 307.48696079568083], "vGas": [-12.02, -12.52, -12.91, -12.71, -11.52, -9.56, -6.26, 4.8, 12.22, 16.59, 22.45, 28.21, 33.77, 38.94, 43.31, 45.59, 47.38, 49.66, 53.93, 57.71, 60.09, 61.78, 63.67, 64.56, 62.97, 61.48, 60.79, 59.4, 57.31, 55.13, 52.84, 51.55, 51.35, 50.86, 49.27, 47.97], "vDisk": [317.9, 344.05, 365.51, 368.89, 367.77, 371.23, 365.05, 360.1, 345.54, 324.23, 311.29, 299.93, 288.64, 280.42, 272.13, 263.74, 256.44, 250.86, 245.89, 242.0, 237.62, 231.06, 224.49, 219.56, 214.35, 209.72, 205.21, 200.95, 196.85, 193.34, 189.65, 186.2, 182.89, 179.88, 177.27, 173.78], "vBulge": [136.84, 124.77, 115.63, 108.22, 101.96, 96.68, 92.22, 88.33, 81.76, 76.48, 72.1, 68.49, 65.26, 62.43, 59.96, 57.74, 55.77, 54.12, 52.49, 50.98, 49.61, 48.33, 47.15, 46.15, 45.11, 44.15, 43.24, 42.4, 41.59, 40.9, 40.18, 39.49, 38.84, 38.22, 37.63, 37.11]}