{"id": "NGC7793", "radiusKpc": [0.11, 0.14, 0.17, 0.21, 0.24, 0.28, 0.32, 0.35, 0.39, 0.42, 0.46, 0.49, 0.53, 0.56, 0.6, 0.63, 0.66, 0.7, 0.87, 1.05, 1.22, 1.4, 1.57, 1.75, 1.92, 2.1, 2.27, 2.45, 2.62, 2.79, 2.97, 3.16, 3.33, 3.51, 3.68, 3.85, 4.03, 4.2, 4.38, 4.73, 5.25, 5.78, 6.3, 6.82, 7.35, 7.87], "vObs": [9.1, 17.6, 19.3, 24.8, 30.0, 35.0, 38.3, 42.7, 47.0, 49.8, 52.2, 53.4, 54.6, 55.5, 55.9, 58.3, 59.3, 59.5, 59.1, 62.6, 65.6, 70.7, 73.9, 78.5, 82.4, 87.1, 89.6, 94.9, 98.1, 99.3, 98.6, 101.0, 103.0, 107.0, 114.0, 112.0, 114.0, 116.0, 114.0, 114.0, 109.0, 107.0, 105.0, 101.0, 94.5, 90.8], "vObsErr": [8.5, 7.4, 7.4, 6.4, 7.2, 7.3, 7.6, 8.8, 5.3, 5.6, 6.2, 6.3, 5.9, 6.9, 7.5, 7.4, 6.3, 6.7, 5.1, 5.5, 4.8, 4.6, 4.0, 4.2, 4.6, 4.9, 5.4, 5.7, 5.0, 5.7, 7.2, 8.7, 9.4, 9.1, 7.4, 8.1, 7.6, 7.2, 7.8, 11.4, 9.9, 12.6, 12.5, 5.2, 4.6, 6.1], "vAcm": [24.543989782842853, 26.95939226904891, 29.126916846679148, 32.0833418957779, 34.195153496043744, 36.60382845111383, 38.86819548293409, 40.51887985776885, 42.57863693370236, 43.98944003310473, 45.90545174307711, 47.36664872423011, 49.38054198092299, 50.701308004567835, 51.96258890776402, 52.87258682254589, 53.87127678366755, 55.268608718414065, 60.14646680384423, 63.824808600248026, 66.39200397324511, 68.98262259204131, 71.87957700312363, 75.32811466609007, 80.08961257296953, 84.8634573796253, 89.7664332236619, 92.99757177901375, 93.99826998063776, 94.9465502009751, 96.8497097180457, 99.63394837410816, 101.32702885024183, 102.67368232674379, 104.07270724657737, 105.1452154137653, 106.2448201772413, 106.95126885267153, 107.24276875520542, 107.28807360616466, 110.94482302145788, 113.8357593861756, 114.10423990078579, 116.76928262653321, 119.15637210962896, 119.55012472218624], "vMond": [28.72031053027394, 31.734138230502527, 34.44323056316859, 38.03268511514608, 40.57776067890249, 43.540876361869664, 46.32062243811023, 48.3310246926981, 50.844312185807006, 52.580345748819184, 54.893830695268115, 56.62835604460417, 58.974972376471705, 60.54167622489352, 62.14812500107627, 63.306410357859455, 64.53814716277597, 66.22959251866334, 72.20336112054622, 76.92029434190626, 80.73966782014914, 84.90013106389536, 89.21506806267159, 93.77161303689662, 99.06825047894826, 104.38254017818403, 108.59928097733972, 110.33194602507865, 111.22373523489398, 112.75955720752366, 114.46287713230515, 115.76056142163738, 116.26587806928725, 116.67680022574805, 117.08316668781924, 117.11988395509846, 117.12416596735247, 116.87274414290579, 116.51550373944342, 116.23263951462967, 116.30899620137055, 114.88814399672236, 114.04685788495188, 113.67285088131915, 112.49449329095559, 111.5380900298532], "vGas": [0.65, 0.65, 0.65, 0.65, 0.74, 0.9, 1.05, 1.21, 1.36, 1.52, 1.67, 1.83, 1.99, 2.12, 2.23, 2.35, 2.47, 2.59, 3.18, 3.96, 5.5, 7.05, 8.58, 10.09, 11.55, 13.06, 14.78, 16.4, 18.13, 20.29, 22.34, 24.5, 26.22, 27.95, 29.68, 29.78, 30.0, 30.11, 30.65, 31.83, 33.35, 34.64, 34.75, 33.99, 32.7, 30.97], "vDisk": [27.23, 29.91, 32.32, 35.62, 37.98, 40.67, 43.2, 45.04, 47.33, 48.89, 51.0, 52.6, 54.8, 56.23, 57.57, 58.53, 59.59, 61.08, 66.09, 69.65, 72.34, 75.45, 78.94, 82.71, 87.55, 92.38, 95.96, 96.45, 95.98, 96.23, 96.64, 96.45, 95.51, 94.38, 93.3, 92.28, 91.15, 89.82, 88.18, 85.52, 82.4, 77.56, 74.17, 71.94, 69.09, 66.92], "vBulge": [0.0, 0.0, 0.0, 0.0, 0.0, 0.0, 0.0, 0.0, 0.0, 0.0, 0.0, 0.0, 0.0, 0.0, 0.0, 0.0, 0.0, 0.0, 0.0, 0.0, 0.0, 0.0, 0.0, 0.0, 0.0, 0.0, 0.0, 0.0, 0.0, 0.0, 0.0, 0.0, 0.0, 0.0, 0.0, 0.0, 0.0, 0.0, 0.0, 0.0, 0.0, 0.0, 0.0, 0.0, 0.0, 0.0]}