{"id": "NGC7793", "radiusKpc": [0.11, 0.14, 0.17, 0.21, 0.24, 0.28, 0.32, 0.35, 0.39, 0.42, 0.46, 0.49, 0.53, 0.56, 0.6, 0.63, 0.66, 0.7, 0.87, 1.05, 1.22, 1.4, 1.57, 1.75, 1.92, 2.1, 2.27, 2.45, 2.62, 2.79, 2.97, 3.16, 3.33, 3.51, 3.68, 3.85, 4.03, 4.2, 4.38, 4.73, 5.25, 5.78, 6.3, 6.82, 7.35, 7.87], "vObs": [9.1, 17.6, 19.3, 24.8, 30.0, 35.0, 38.3, 42.7, 47.0, 49.8, 52.2, 53.4, 54.6, 55.5, 55.9, 58.3, 59.3, 59.5, 59.1, 62.6, 65.6, 70.7, 73.9, 78.5, 82.4, 87.1, 89.6, 94.9, 98.1, 99.3, 98.6, 101.0, 103.0, 107.0, 114.0, 112.0, 114.0, 116.0, 114.0, 114.0, 109.0, 107.0, 105.0, 101.0, 94.5, 90.8], "vObsErr": [8.5, 7.4, 7.4, 6.4, 7.2, 7.3, 7.6, 8.8, 5.3, 5.6, 6.2, 6.3, 5.9, 6.9, 7.5, 7.4, 6.3, 6.7, 5.1, 5.5, 4.8, 4.6, 4.0, 4.2, 4.6, 4.9, 5.4, 5.7, 5.0, 5.7, 7.2, 8.7, 9.4, 9.1, 7.4, 8.1, 7.6, 7.2, 7.8, 11.4, 9.9, 12.6, 12.5, 5.2, 4.6, 6.1], "vAcm": [24.543100448588028, 26.95841916611223, 29.125890433659297, 32.08229207711157, 34.194105127883645, 36.602783747099444, 38.867160473306605, 40.5178405797452, 42.57756513330433, 43.98832020479702, 45.90422326807566, 47.36530624107834, 49.37901094747505, 50.69960774936426, 51.96062904947535, 52.87042010788016, 53.868905705004344, 55.265971964823805, 60.142303714572286, 63.81896459556408, 66.38588346960896, 68.97757801739904, 71.87591148682115, 75.32465597627377, 80.08481163762146, 84.85740911115509, 89.75481145652648, 92.9774271260686, 93.97415936104116, 94.92069670539627, 96.81992051746293, 99.59711844526903, 101.28451408626042, 102.62606717932142, 104.02087098643572, 105.090156146573, 106.18724918383313, 106.89200262686415, 107.18177698987573, 107.22482148126443, 110.87778214418385, 113.76947200414584, 114.04024516180641, 116.7135947075927, 119.11739610153018, 119.52518738860402], "vMond": [28.72031053027394, 31.734138230502527, 34.44323056316859, 38.03268511514608, 40.57776067890249, 43.540876361869664, 46.32062243811023, 48.3310246926981, 50.844312185807006, 52.580345748819184, 54.893830695268115, 56.62835604460417, 58.974972376471705, 60.54167622489352, 62.14812500107627, 63.306410357859455, 64.53814716277597, 66.22959251866334, 72.20336112054622, 76.92029434190626, 80.73966782014914, 84.90013106389536, 89.21506806267159, 93.77161303689662, 99.06825047894826, 104.38254017818403, 108.59928097733972, 110.33194602507865, 111.22373523489398, 112.75955720752366, 114.46287713230515, 115.76056142163738, 116.26587806928725, 116.67680022574805, 117.08316668781924, 117.11988395509846, 117.12416596735247, 116.87274414290579, 116.51550373944342, 116.23263951462967, 116.30899620137055, 114.88814399672236, 114.04685788495188, 113.67285088131915, 112.49449329095559, 111.5380900298532], "vGas": [0.65, 0.65, 0.65, 0.65, 0.74, 0.9, 1.05, 1.21, 1.36, 1.52, 1.67, 1.83, 1.99, 2.12, 2.23, 2.35, 2.47, 2.59, 3.18, 3.96, 5.5, 7.05, 8.58, 10.09, 11.55, 13.06, 14.78, 16.4, 18.13, 20.29, 22.34, 24.5, 26.22, 27.95, 29.68, 29.78, 30.0, 30.11, 30.65, 31.83, 33.35, 34.64, 34.75, 33.99, 32.7, 30.97], "vDisk": [27.23, 29.91, 32.32, 35.62, 37.98, 40.67, 43.2, 45.04, 47.33, 48.89, 51.0, 52.6, 54.8, 56.23, 57.57, 58.53, 59.59, 61.08, 66.09, 69.65, 72.34, 75.45, 78.94, 82.71, 87.55, 92.38, 95.96, 96.45, 95.98, 96.23, 96.64, 96.45, 95.51, 94.38, 93.3, 92.28, 91.15, 89.82, 88.18, 85.52, 82.4, 77.56, 74.17, 71.94, 69.09, 66.92], "vBulge": [0.0, 0.0, 0.0, 0.0, 0.0, 0.0, 0.0, 0.0, 0.0, 0.0, 0.0, 0.0, 0.0, 0.0, 0.0, 0.0, 0.0, 0.0, 0.0, 0.0, 0.0, 0.0, 0.0, 0.0, 0.0, 0.0, 0.0, 0.0, 0.0, 0.0, 0.0, 0.0, 0.0, 0.0, 0.0, 0.0, 0.0, 0.0, 0.0, 0.0, 0.0, 0.0, 0.0, 0.0, 0.0, 0.0]}