{"id": "PGC51017", "radiusKpc": [0.33, 0.99, 1.65, 2.31, 2.97, 3.63], "vObs": [20.5, 19.9, 19.3, 18.8, 18.2, 18.3], "vObsErr": [4.17, 1.82, 1.69, 1.9, 1.74, 2.22], "vAcm": [12.961127571030083, 27.266799206844198, 37.35147140394041, 43.041775900677635, 46.446194530528096, 49.777616004643924], "vMond": [20.33595162364511, 37.147167266632266, 42.37162168736806, 44.060887699290255, 45.116055754417964, 46.38156904501469], "vGas": [5.04, 10.8, 12.3, 12.7, 13.3, 14.2], "vDisk": [10.8, 19.85, 20.13, 18.24, 16.21, 14.5], "vBulge": [0.0, 0.0, 0.0, 0.0, 0.0, 0.0]}