{"id": "UGC06917", "radiusKpc": [1.74, 2.61, 3.5, 4.37, 5.24, 6.11, 6.98, 7.85, 8.72, 9.6, 10.47], "vObs": [59.2, 71.2, 84.5, 93.5, 97.5, 100.0, 101.0, 103.0, 105.0, 110.0, 111.0], "vObsErr": [3.5, 4.0, 4.4, 4.5, 3.5, 3.5, 4.0, 3.5, 4.0, 4.9, 6.0], "vAcm": [64.18411104514819, 68.82587944556248, 72.03815983997275, 77.35883138229288, 81.8072601057214, 84.91168131476165, 89.73085099844839, 94.34178853353873, 95.01534445212621, 92.14818151707999, 91.04832692571256], "vMond": [79.24226626648912, 87.77727514221729, 95.50155789232231, 102.86278668937356, 107.90187861107368, 111.96531449872857, 116.2000935426377, 118.81891531431368, 121.07545320497594, 124.02335452779722, 127.99388174212862], "vGas": [0.0, 0.0, 6.4, 14.66, 17.89, 20.91, 24.79, 27.59, 29.1, 32.76, 36.86], "vDisk": [56.25, 59.09, 61.72, 63.73, 64.38, 64.3, 64.23, 62.94, 61.95, 60.68, 60.19], "vBulge": [0.0, 0.0, 0.0, 0.0, 0.0, 0.0, 0.0, 0.0, 0.0, 0.0, 0.0]}