{"id": "UGC07690", "radiusKpc": [0.59, 1.18, 1.77, 2.36, 2.95, 3.54, 4.13], "vObs": [45.3, 59.8, 60.7, 58.8, 57.9, 56.9, 55.9], "vObsErr": [4.31, 4.31, 4.31, 4.31, 4.31, 4.31, 4.31], "vAcm": [70.23616432624016, 79.6088765605458, 80.4807446199182, 83.13853378988028, 86.11727854138246, 89.81462740648382, 93.30126168586972], "vMond": [82.26589996829074, 97.19473665872368, 100.89917851795441, 104.03544895007215, 104.75920267236388, 104.77219851311811, 104.23461143875541], "vGas": [4.24, 11.75, 15.81, 19.15, 20.97, 21.99, 22.39], "vDisk": [45.76, 48.85, 45.2, 42.05, 38.14, 34.5, 31.16], "vBulge": [0.0, 0.0, 0.0, 0.0, 0.0, 0.0, 0.0]}