{"id": "UGC06667", "radiusKpc": [0.87, 1.74, 2.61, 3.5, 4.37, 5.24, 6.11, 6.98, 7.85], "vObs": [26.6, 45.2, 57.0, 69.3, 77.3, 80.7, 84.0, 85.0, 85.7], "vObsErr": [4.4, 2.7, 3.9, 3.0, 3.4, 3.9, 3.0, 3.0, 3.4], "vAcm": [18.299633955751748, 36.66100121151322, 52.400554931052234, 47.51206442929081, 44.51187517342318, 39.70017632345671, 39.65803475196129, 64.57649225579429, 88.06391452168681], "vMond": [20.957142352964745, 31.47936809676, 43.41602349908208, 55.50053154949968, 62.105563822280835, 70.03309371738554, 74.71780470525292, 80.25531534006058, 82.4361328775102], "vGas": [0.0, 0.0, 8.65, 16.06, 18.32, 22.41, 23.49, 25.65, 24.46], "vDisk": [6.92, 10.96, 14.33, 16.78, 18.48, 20.02, 21.36, 22.68, 24.0], "vBulge": [0.0, 0.0, 0.0, 0.0, 0.0, 0.0, 0.0, 0.0, 0.0]}