{"id": "UGC07261", "radiusKpc": [0.95, 1.9, 2.86, 3.81, 4.76, 5.72, 6.67], "vObs": [46.8, 63.0, 66.8, 69.6, 73.4, 74.7, 76.1], "vObsErr": [5.66, 5.66, 5.66, 5.66, 5.66, 5.66, 5.66], "vAcm": [37.45644580953185, 55.277192004386876, 65.47401974152271, 75.4375607027378, 84.77885443099125, 86.9745051285455, 89.43657824637872], "vMond": [45.14106113833799, 75.09952436448678, 81.16376000350515, 85.3184688754917, 85.78997524369288, 86.98189042475566, 90.14671698635308], "vGas": [3.86, 4.52, 4.73, 12.72, 18.24, 23.64, 29.52], "vDisk": [27.74, 51.06, 51.26, 49.4, 44.13, 39.21, 35.32], "vBulge": [0.0, 0.0, 0.0, 0.0, 0.0, 0.0, 0.0]}