{"id": "UGC05764", "radiusKpc": [0.36, 0.73, 1.09, 1.45, 1.81, 2.17, 2.54, 2.9, 3.26, 3.62], "vObs": [21.45, 31.3, 41.7, 48.35, 50.6, 54.05, 55.8, 54.55, 50.0, 49.9], "vObsErr": [1.99, 1.58, 1.16, 0.44, 0.37, 0.59, 0.76, 0.71, 2.65, 2.77], "vAcm": [16.08508307110657, 18.05436596763495, 15.399909084638477, 19.244068357471907, 22.206296066821206, 23.353495961539117, 32.070844052621084, 42.865144826607676, 49.475989378191, 51.86012613202541], "vMond": [14.078507733988499, 23.944702443242235, 29.58812965149564, 34.08676464529367, 38.81974139878361, 42.65669813869349, 45.664915091887714, 47.67928994639425, 48.369385374562356, 48.86812192253726], "vGas": [2.75, 6.05, 9.4, 12.81, 16.05, 18.46, 20.04, 20.71, 20.29, 19.63], "vDisk": [5.37, 10.22, 11.44, 11.24, 11.43, 11.43, 11.39, 11.38, 11.12, 11.17], "vBulge": [0.0, 0.0, 0.0, 0.0, 0.0, 0.0, 0.0, 0.0, 0.0, 0.0]}