{"id": "UGC00191", "radiusKpc": [0.62, 0.87, 1.12, 1.37, 1.62, 2.3, 4.97, 7.45, 9.98], "vObs": [29.9, 34.4, 46.3, 49.8, 57.6, 71.3, 76.65, 81.0, 83.85], "vObsErr": [1.42, 2.31, 2.05, 1.87, 2.76, 7.5, 1.09, 0.63, 1.04], "vAcm": [29.53578528139012, 34.28582801771953, 37.86740747145193, 43.381115649663315, 46.80106285949515, 54.36724746764371, 93.77859618489818, 139.55138132826028, 169.51712850355915], "vMond": [39.37204824257658, 49.46070218644727, 55.94202021263503, 60.90438016370999, 64.56140859200569, 74.51191314905577, 95.65526644586859, 106.24840336557233, 108.99133103662349], "vGas": [1.81, 2.95, 4.13, 5.34, 6.6, 10.14, 23.98, 33.08, 33.72], "vDisk": [21.8, 28.35, 31.91, 34.28, 35.59, 39.66, 41.54, 37.03, 31.94], "vBulge": [0.0, 0.0, 0.0, 0.0, 0.0, 0.0, 0.0, 0.0, 0.0]}