{"id": "UGC06818", "radiusKpc": [0.87, 1.74, 2.61, 3.5, 4.37, 5.24, 6.11, 6.98], "vObs": [23.4, 28.0, 36.7, 47.6, 63.3, 71.2, 68.1, 74.4], "vObsErr": [5.55, 5.2, 4.25, 4.25, 4.75, 5.25, 6.0, 6.0], "vAcm": [28.13307855266411, 45.637155755147184, 53.96404689257116, 60.943957820503584, 64.7163533300958, 72.92113902823718, 82.6398484735248, 88.67768523266058], "vMond": [44.67645893591026, 63.05766558071451, 70.90965302731071, 76.60737843159691, 79.79822670236685, 83.50822446264229, 85.05045318938468, 86.01792649306053], "vGas": [3.13, 4.07, 7.08, 10.56, 13.36, 17.35, 19.51, 20.91], "vDisk": [27.44, 38.72, 40.85, 41.42, 40.22, 39.25, 37.01, 34.75], "vBulge": [0.0, 0.0, 0.0, 0.0, 0.0, 0.0, 0.0, 0.0]}