{"id": "UGC08699", "radiusKpc": [0.22, 0.43, 0.65, 0.87, 1.08, 1.31, 1.52, 1.73, 1.96, 2.17, 2.39, 2.6, 2.83, 3.04, 5.87, 6.08, 6.3, 6.52, 6.74, 6.95, 7.16, 7.39, 7.6, 7.82, 8.03, 8.26, 8.47, 8.68, 8.91, 9.53, 9.78, 9.99, 10.21, 11.46, 13.39, 15.21, 17.13, 19.06, 20.99, 22.92, 25.7], "vObs": [152.0, 167.0, 179.0, 188.0, 195.0, 199.0, 202.0, 202.0, 202.0, 200.0, 196.0, 193.0, 189.0, 184.0, 170.0, 172.0, 174.0, 176.0, 178.0, 180.0, 182.0, 183.0, 184.0, 185.0, 186.0, 187.0, 187.0, 188.0, 188.0, 187.0, 187.0, 186.0, 186.0, 182.0, 177.0, 175.0, 177.0, 180.0, 181.0, 182.0, 183.0], "vObsErr": [39.4, 32.9, 20.9, 15.7, 10.6, 8.88, 4.4, 2.3, 3.38, 4.47, 2.88, 3.32, 2.21, 14.0, 5.45, 6.66, 3.96, 5.18, 3.04, 2.75, 2.34, 3.39, 7.58, 6.08, 6.73, 6.83, 6.11, 4.78, 4.14, 5.93, 7.63, 7.89, 9.86, 2.51, 3.62, 6.71, 6.13, 3.95, 4.46, 7.09, 7.49], "vAcm": [160.1471941233985, 236.444740451409, 258.98947840731296, 257.22306185238784, 249.82966316942915, 241.8025023427433, 234.0836485659347, 227.29783253698494, 221.83759340809053, 218.25895386224246, 214.73604791024658, 211.29019001190596, 206.56555308451036, 201.8334162251016, 165.96526984692662, 165.688530868871, 165.4990074835144, 165.3994266021385, 165.27935830417323, 165.1483531330216, 165.1555593889038, 165.36338548297238, 165.917808855406, 166.64305983593903, 167.48277711019995, 168.51151165014159, 169.4907583165317, 170.35911067222565, 171.10660575778087, 171.20372006308318, 170.56214168616876, 169.67209254323578, 168.45746517160552, 161.80582657697786, 154.08290123830366, 149.3548143105504, 145.61188597871055, 142.99669288034843, 141.4087566308546, 140.42817527066452, 138.7937943014427], "vMond": [162.38351247337053, 239.39994268557263, 263.00881403309853, 262.5376774479934, 256.4905471052142, 249.98373407945724, 243.7134369029948, 238.38947817890448, 234.48565692664886, 232.2729383004377, 230.1580614832878, 228.04208642701, 224.80368908004021, 221.43450728915403, 201.4162440229519, 201.99535502068838, 202.69241696516755, 203.4786818105491, 204.2532325699447, 204.9924103849605, 205.87597000107996, 207.03358010874004, 208.41230395213296, 209.9426166134984, 211.47083801532284, 213.1561991908833, 214.6264160455783, 215.86679048167542, 216.85637835592618, 217.08999472182836, 216.65843980220967, 216.0666872409094, 215.23107327388468, 210.1865863632708, 204.56543214720972, 201.31143836212826, 198.45063777574876, 196.2692635513428, 194.62700471985647, 193.19992753868078, 190.6967825523527], "vGas": [0.62, 1.83, 2.76, 3.59, 4.38, 5.12, 5.84, 6.53, 7.2, 7.85, 8.49, 9.1, 9.69, 10.26, 16.97, 17.59, 18.32, 18.94, 19.56, 20.18, 20.9, 21.52, 22.25, 22.97, 23.7, 24.42, 25.15, 25.77, 26.49, 28.25, 28.97, 29.6, 30.11, 33.53, 37.77, 39.12, 39.12, 39.01, 38.7, 37.05, 34.05], "vDisk": [26.39, 47.21, 65.47, 80.81, 93.2, 104.66, 113.51, 120.8, 127.95, 133.72, 138.13, 140.07, 139.86, 138.24, 124.36, 125.28, 126.27, 127.31, 128.27, 129.11, 130.08, 131.37, 132.89, 134.56, 136.18, 137.94, 139.4, 140.55, 141.3, 140.15, 138.99, 137.71, 136.12, 126.5, 114.46, 106.58, 99.72, 94.0, 89.28, 85.64, 80.57], "vBulge": [158.03, 231.8, 250.59, 244.02, 231.39, 217.32, 203.82, 191.4, 179.83, 170.88, 162.54, 156.06, 149.58, 144.32, 103.86, 102.05, 100.25, 98.55, 96.92, 95.45, 94.04, 92.56, 91.28, 89.98, 88.8, 87.55, 86.46, 85.41, 84.3, 81.51, 80.46, 79.61, 78.75, 74.33, 68.77, 64.52, 60.8, 57.64, 54.92, 52.56, 49.64]}