{"id": "UGC07524", "radiusKpc": [0.35, 0.69, 1.03, 1.38, 1.72, 2.07, 2.41, 2.76, 3.1, 3.45, 3.79, 4.14, 4.48, 4.82, 5.17, 5.51, 5.86, 6.2, 6.55, 6.89, 7.25, 7.58, 7.94, 8.27, 8.63, 8.97, 9.3, 9.66, 9.99, 10.35, 10.69], "vObs": [14.4, 24.4, 29.2, 32.9, 37.8, 42.0, 45.1, 47.6, 52.3, 57.3, 61.4, 64.5, 66.4, 66.9, 69.4, 70.2, 70.9, 72.3, 73.9, 75.0, 75.5, 77.1, 77.0, 77.0, 78.2, 79.6, 80.3, 81.2, 82.3, 83.8, 79.0], "vObsErr": [2.82, 3.97, 3.26, 3.73, 3.41, 3.12, 2.92, 2.79, 2.78, 2.78, 2.93, 3.42, 4.53, 5.46, 4.77, 4.44, 4.24, 4.38, 3.51, 3.22, 3.23, 2.98, 2.79, 2.82, 2.93, 3.14, 3.39, 3.66, 3.9, 4.1, 2.78], "vAcm": [14.743667661596014, 18.282677630823954, 20.785226396313956, 21.666139612982217, 21.777358663184508, 22.332930188825927, 23.24469052611257, 25.066195994970503, 26.093325142471592, 27.02002868350944, 28.16862719735164, 30.932974089179485, 34.71054335217113, 38.82261730784808, 43.15381967652423, 45.77776826677274, 45.31878282970842, 42.21917907936524, 38.45509536972384, 36.79050528133012, 38.01466050543473, 40.71324932869516, 43.27198126109629, 44.09056223659363, 43.47819912044856, 43.324490784225674, 45.2285834796059, 49.62542502198565, 55.99840998107796, 64.66937277060616, 71.45075808532019], "vMond": [19.689770639362685, 24.717126844983426, 28.82085662804153, 31.69705027384482, 34.60391657558095, 38.025459964186446, 40.800866391428016, 44.30097414238517, 46.887054192833546, 49.388603330738306, 51.54274495277599, 54.057566627092804, 56.07511323032878, 57.59850008840938, 59.30244231094141, 60.40625643678109, 61.14911771557996, 62.37638225675976, 63.92804157273784, 65.51435227330052, 67.19840177482132, 68.87663867632183, 70.71467600492502, 72.44504204705204, 74.26615390064156, 75.71888029528333, 77.05543060735573, 78.31985741261289, 79.43900642221966, 80.73864466500056, 81.09061301579796], "vGas": [-0.61, -1.22, -2.04, -1.72, 3.47, 3.53, 4.13, 6.88, 9.39, 11.99, 14.78, 16.87, 18.27, 19.32, 19.78, 19.55, 19.78, 20.48, 21.53, 22.81, 24.09, 25.37, 26.77, 28.28, 29.91, 31.07, 32.12, 33.05, 33.75, 34.21, 34.56], "vDisk": [15.45, 17.95, 20.19, 21.43, 22.82, 25.15, 26.82, 28.98, 30.06, 30.89, 31.14, 32.08, 32.77, 33.02, 33.86, 34.37, 34.15, 34.36, 34.78, 35.14, 35.58, 36.1, 36.68, 37.11, 37.49, 37.76, 37.98, 38.12, 38.33, 38.96, 38.32], "vBulge": [0.0, 0.0, 0.0, 0.0, 0.0, 0.0, 0.0, 0.0, 0.0, 0.0, 0.0, 0.0, 0.0, 0.0, 0.0, 0.0, 0.0, 0.0, 0.0, 0.0, 0.0, 0.0, 0.0, 0.0, 0.0, 0.0, 0.0, 0.0, 0.0, 0.0, 0.0]}