{"id": "UGC04325", "radiusKpc": [0.7, 1.4, 2.09, 2.79, 3.49, 4.19, 4.89, 5.59], "vObs": [41.3, 68.7, 83.8, 88.7, 90.1, 91.6, 92.7, 91.5], "vObsErr": [3.05, 3.07, 3.05, 3.05, 3.05, 3.05, 3.05, 3.05], "vAcm": [19.20973356226867, 29.381790862344793, 36.43674780210544, 40.65548552786552, 51.90380919267485, 59.98090360620324, 65.60913202288735, 69.69760714028115], "vMond": [27.95844615086427, 41.88739571227885, 53.543523887733556, 62.55877265153992, 68.92420902941221, 71.80662149907238, 73.59081150723061, 74.38474822954437], "vGas": [2.87, 6.75, 14.14, 20.18, 24.08, 26.71, 28.08, 29.25], "vDisk": [20.97, 32.22, 40.91, 46.75, 50.1, 49.34, 47.94, 45.47], "vBulge": [0.0, 0.0, 0.0, 0.0, 0.0, 0.0, 0.0, 0.0]}