{"id": "UGC08286", "radiusKpc": [0.47, 0.95, 1.42, 1.9, 2.37, 2.84, 3.3, 3.78, 4.25, 4.73, 5.2, 5.67, 6.15, 6.62, 7.1, 7.57, 8.04], "vObs": [22.2, 43.4, 60.2, 69.6, 72.5, 74.3, 75.8, 77.2, 79.3, 81.3, 81.6, 82.1, 82.9, 83.2, 83.5, 83.8, 84.3], "vObsErr": [2.81, 3.47, 3.04, 2.05, 2.0, 2.02, 2.01, 2.05, 2.08, 2.08, 2.03, 2.02, 2.0, 2.0, 2.02, 2.0, 2.0], "vAcm": [17.84529485011713, 25.897757356727848, 32.178225904827016, 39.1295286043623, 46.926866901206246, 51.502537015692724, 54.539078686408224, 56.659188910480154, 61.035616613554694, 69.74386683075815, 75.56236244774801, 78.73445668291652, 76.42892430023838, 68.47504671774186, 71.83565341126041, 78.77200909618297, 79.91853456812271], "vMond": [29.041743193429838, 42.14181600243969, 51.7029638197041, 60.825776066431, 68.23205365844875, 71.55842659839078, 75.24365434614464, 78.10069908285541, 80.95235959703142, 83.07872296987465, 82.63125027640127, 82.72232440521974, 81.9216713736206, 82.18760354668365, 84.93735695665734, 84.79845903361381, 85.55714154867495], "vGas": [-3.85, -1.38, -0.63, 8.67, 11.4, 11.54, 12.92, 16.18, 18.85, 23.39, 23.16, 23.39, 22.11, 22.46, 26.07, 25.72, 26.3], "vDisk": [16.14, 24.37, 30.01, 34.64, 38.52, 39.29, 40.32, 39.87, 39.64, 37.47, 35.37, 33.69, 32.23, 30.9, 29.56, 28.4, 27.44], "vBulge": [0.0, 0.0, 0.0, 0.0, 0.0, 0.0, 0.0, 0.0, 0.0, 0.0, 0.0, 0.0, 0.0, 0.0, 0.0, 0.0, 0.0]}