{"id": "UGC02885", "radiusKpc": [1.7, 3.41, 6.82, 13.67, 19.49, 23.36, 27.24, 31.22, 35.1, 38.97, 42.85, 46.73, 50.71, 54.58, 58.46, 62.34, 66.21, 70.19, 74.07], "vObs": [305.0, 257.0, 256.0, 271.0, 282.0, 287.0, 283.0, 280.0, 280.0, 281.0, 282.0, 287.0, 292.0, 298.0, 298.0, 298.0, 298.0, 298.0, 298.0], "vObsErr": [10.0, 10.0, 10.0, 10.0, 10.0, 10.0, 10.0, 10.0, 10.0, 10.0, 10.0, 10.0, 10.0, 10.0, 10.0, 10.0, 10.0, 10.0, 10.0], "vAcm": [287.89848091343924, 289.8462575617822, 293.28222266494845, 288.2488522885587, 277.6701050395745, 276.2064106436832, 272.1106876551204, 264.6535365158065, 257.971222380063, 254.54596319023617, 251.64482944556804, 243.52700884837134, 240.64434450498456, 243.16776664303583, 246.41330458583482, 245.6887281298051, 243.36379284716395, 244.0500451259793, 244.58131626667802], "vMond": [296.1719798565302, 305.18386896615243, 320.7262919937486, 336.80605810833526, 340.7720426486693, 346.6308721866014, 348.8048688119073, 347.26398355856384, 345.70740031882553, 346.06852406463514, 345.6497178272143, 340.9719507782513, 343.1112813408034, 346.7867877194557, 347.49594188112474, 345.24118140754695, 343.852383548042, 344.68621341120803, 343.4932989567807], "vGas": [0.0, 0.0, 0.0, 0.0, 0.0, 28.79, 40.2, 45.05, 50.3, 59.7, 67.17, 65.05, 71.21, 79.19, 83.33, 83.33, 82.83, 85.86, 86.26], "vDisk": [92.31, 152.76, 220.93, 244.9, 240.52, 238.85, 232.97, 223.71, 214.74, 206.96, 198.69, 189.07, 184.25, 180.41, 174.83, 168.07, 162.78, 158.17, 152.97], "vBulge": [265.84, 236.42, 175.44, 123.9, 103.77, 94.78, 87.77, 81.99, 77.32, 73.38, 69.98, 67.02, 64.33, 62.01, 59.92, 58.02, 56.3, 54.68, 53.23]}