{"id": "UGC06667", "radiusKpc": [0.87, 1.74, 2.61, 3.5, 4.37, 5.24, 6.11, 6.98, 7.85], "vObs": [26.6, 45.2, 57.0, 69.3, 77.3, 80.7, 84.0, 85.0, 85.7], "vObsErr": [4.4, 2.7, 3.9, 3.0, 3.4, 3.9, 3.0, 3.0, 3.4], "vAcm": [18.31407227271185, 36.643378303954506, 52.33873408719542, 47.516024059192915, 44.5369853548511, 39.7244869270827, 39.67622343244004, 64.59704295134848, 87.9982779784721], "vMond": [20.957142352964745, 31.47936809676, 43.41602349908208, 55.50053154949968, 62.105563822280835, 70.03309371738554, 74.71780470525292, 80.25531534006058, 82.4361328775102], "vGas": [0.0, 0.0, 8.65, 16.06, 18.32, 22.41, 23.49, 25.65, 24.46], "vDisk": [6.92, 10.96, 14.33, 16.78, 18.48, 20.02, 21.36, 22.68, 24.0], "vBulge": [0.0, 0.0, 0.0, 0.0, 0.0, 0.0, 0.0, 0.0, 0.0]}