{"id": "UGC05750", "radiusKpc": [0.31, 1.47, 2.52, 3.35, 4.09, 4.82, 6.6, 7.86, 9.43, 11.43, 22.85], "vObs": [3.1, 15.7, 28.0, 36.0, 43.6, 49.8, 61.5, 68.1, 73.4, 77.6, 78.9], "vObsErr": [4.5, 8.5, 10.0, 11.0, 4.5, 4.5, 4.5, 12.2, 12.2, 11.0, 11.0], "vAcm": [15.37678982334203, 24.351195046896933, 26.20659217158297, 40.01575774042088, 40.59668180026153, 45.98596670532309, 59.65298103384786, 55.207914271040686, 87.3019221905775, 122.59407529793484, 170.47157236465418], "vMond": [12.428146125405267, 38.41911544776973, 50.37276995876429, 58.22399190962463, 61.994209695456824, 67.66234063287695, 83.85565450687315, 92.31172555154863, 101.72209482770954, 103.89390840800553, 121.28738545011369], "vGas": [1.0, 4.69, 7.69, 9.58, 11.47, 13.0, 16.38, 18.53, 20.89, 23.34, 36.96], "vDisk": [4.05, 16.67, 21.39, 24.52, 24.68, 26.85, 35.05, 38.67, 42.63, 39.29, 26.56], "vBulge": [0.0, 0.0, 0.0, 0.0, 0.0, 0.0, 0.0, 0.0, 0.0, 0.0, 0.0]}