{"id": "UGC07089", "radiusKpc": [0.87, 1.74, 2.61, 3.5, 4.37, 5.24, 6.11, 6.55, 6.98, 7.85, 8.72, 9.16], "vObs": [20.9, 36.4, 43.4, 51.2, 59.7, 64.5, 67.9, 72.8, 70.3, 73.7, 77.6, 79.1], "vObsErr": [4.7, 3.9, 3.9, 4.7, 3.9, 4.4, 3.9, 7.3, 6.1, 6.1, 6.1, 7.3], "vAcm": [27.799355974463218, 40.56931431670764, 46.56035861777595, 55.69914167390325, 63.52568682293528, 71.74958380342021, 78.18785146395815, 80.27941861086056, 82.2903874356306, 88.34794215370258, 96.20875846665139, 98.40675637736213], "vMond": [35.88002849027507, 57.22100233765244, 72.40824892496917, 81.61671694731525, 88.79268312570747, 93.9824742751297, 97.16778115468496, 98.5729078680655, 99.86083893976078, 102.05635409306845, 103.68840827723635, 104.08220363859363], "vGas": [4.05, 8.89, 12.07, 13.47, 14.33, 18.1, 21.23, 22.41, 23.49, 25.32, 26.4, 26.4], "vDisk": [19.26, 32.89, 42.35, 46.88, 50.13, 50.81, 49.78, 49.26, 48.73, 47.5, 46.22, 45.5], "vBulge": [0.0, 0.0, 0.0, 0.0, 0.0, 0.0, 0.0, 0.0, 0.0, 0.0, 0.0, 0.0]}