{"id": "UGC07125", "radiusKpc": [1.44, 2.88, 4.33, 5.76, 7.2, 8.64, 10.08, 11.47, 13.0, 14.42, 15.84, 17.26, 18.68], "vObs": [26.1, 43.0, 48.5, 52.5, 56.4, 58.5, 61.5, 64.6, 65.6, 65.4, 65.5, 65.1, 64.9], "vObsErr": [3.3, 3.47, 2.35, 2.0, 2.05, 2.21, 2.1, 2.01, 2.12, 2.65, 3.05, 3.22, 3.48], "vAcm": [32.434580319463954, 52.46174480916512, 63.7145932698138, 71.32750873232133, 70.76027055054604, 68.45487239880177, 67.39093586996442, 57.70539323818932, 77.8098032680235, 108.34573948818874, 118.4460821907826, 134.5537170788414, 141.46785711415546], "vMond": [52.47058065325477, 73.67626554815998, 82.3940973224084, 88.27018717799402, 90.6352266895473, 96.02435201049359, 101.23299581248656, 105.85302239491773, 114.48513681538181, 117.07662595429608, 116.83056566529571, 118.87665212333305, 114.72349959294883], "vGas": [9.09, 16.12, 15.32, 18.34, 17.63, 22.27, 25.8, 29.52, 36.98, 38.39, 37.89, 39.0, 34.46], "vDisk": [27.58, 37.24, 39.71, 39.12, 37.66, 36.69, 36.12, 34.86, 33.7, 31.99, 29.33, 27.53, 26.15], "vBulge": [0.0, 0.0, 0.0, 0.0, 0.0, 0.0, 0.0, 0.0, 0.0, 0.0, 0.0, 0.0, 0.0]}