{"id": "UGC07559", "radiusKpc": [0.36, 0.72, 1.08, 1.45, 1.8, 2.17, 2.53], "vObs": [9.31, 15.9, 21.4, 26.1, 29.7, 31.1, 32.1], "vObsErr": [3.23, 3.23, 3.23, 3.23, 3.23, 3.23, 3.23], "vAcm": [16.09994793466644, 19.066949108969933, 27.64500282269337, 33.478438570131075, 37.39143307331542, 35.70904444326717, 33.038237046935734], "vMond": [21.92845793326793, 33.43263680409647, 39.349184992834005, 43.80014809174984, 46.8492928797372, 49.78549704444813, 53.301386851025555], "vGas": [2.82, 5.91, 7.85, 9.57, 11.59, 14.33, 16.45], "vDisk": [9.53, 14.9, 16.55, 17.31, 16.91, 15.67, 15.47], "vBulge": [0.0, 0.0, 0.0, 0.0, 0.0, 0.0, 0.0]}