{"id": "UGC04483", "radiusKpc": [0.08, 0.24, 0.4, 0.57, 0.73, 0.89, 1.05, 1.21], "vObs": [5.11, 10.8, 17.3, 20.8, 20.8, 22.9, 24.3, 24.2], "vObsErr": [2.79, 1.94, 1.56, 1.25, 1.62, 1.76, 2.23, 1.23], "vAcm": [7.90394076154758, 10.884320385185788, 15.494351362114374, 19.18201478453028, 22.223336373908218, 24.36005938065678, 26.139201727516387, 27.863261008316137], "vMond": [9.044208260612418, 18.814222613880425, 23.685351354072186, 26.895233435092766, 28.98238456484518, 30.41231666454074, 31.701868789525584, 32.78112500194189], "vGas": [1.47, 4.46, 7.28, 9.38, 10.63, 11.34, 11.95, 12.36], "vDisk": [3.91, 8.92, 9.95, 9.7, 9.13, 8.44, 7.79, 7.22], "vBulge": [0.0, 0.0, 0.0, 0.0, 0.0, 0.0, 0.0, 0.0]}