{"id": "UGC07608", "radiusKpc": [0.6, 1.19, 1.79, 2.38, 2.99, 3.59, 4.18, 4.78], "vObs": [14.6, 31.5, 44.8, 50.6, 55.6, 61.4, 66.0, 69.3], "vObsErr": [6.69, 6.69, 6.69, 6.69, 6.69, 6.69, 6.69, 6.69], "vAcm": [12.109522848643605, 15.519599696070719, 20.146450867673625, 23.379438334548286, 28.89638801865239, 25.802595755055837, 33.6516101724524, 36.69012681973964], "vMond": [21.44421066838225, 29.62590017648336, 36.121852057440805, 42.48994522930846, 46.4255084412136, 50.5568684350015, 55.02781384070555, 59.27783140517761], "vGas": [4.56, 6.39, 9.63, 13.15, 14.93, 18.09, 21.26, 24.12], "vDisk": [9.68, 13.08, 14.81, 16.52, 16.97, 16.51, 16.39, 16.26], "vBulge": [0.0, 0.0, 0.0, 0.0, 0.0, 0.0, 0.0, 0.0]}