{"id": "UGC06923", "radiusKpc": [0.93, 1.94, 2.87, 3.72, 4.47, 5.16], "vObs": [40.5, 53.9, 73.0, 78.4, 79.3, 81.1], "vObsErr": [7.35, 5.9, 4.7, 3.9, 5.3, 5.1], "vAcm": [62.238664921397486, 71.75694611181238, 78.08251381963387, 83.5087727261197, 87.31416973005587, 90.36287015653707], "vMond": [74.76882792262022, 90.74232672222466, 100.06165340605261, 105.97173690532856, 109.27839849775238, 111.90803220902974], "vGas": [9.26, 16.49, 21.98, 25.0, 28.23, 30.82], "vDisk": [50.64, 55.16, 56.07, 55.82, 53.8, 51.88], "vBulge": [0.0, 0.0, 0.0, 0.0, 0.0, 0.0]}