{"id": "UGC01230", "radiusKpc": [0.78, 2.35, 3.91, 5.48, 7.03, 8.6, 13.27, 14.85, 25.8, 32.01, 36.54], "vObs": [19.8, 55.4, 88.5, 105.0, 106.0, 103.0, 109.0, 113.0, 105.0, 103.0, 103.0], "vObsErr": [10.7, 10.7, 10.7, 10.7, 10.7, 10.7, 15.8, 14.7, 10.4, 10.0, 10.0], "vAcm": [19.891834982534185, 37.5244661691783, 45.08401108324898, 52.78385249522576, 60.60207055693641, 66.50520139768527, 78.27593987377887, 82.87775526079932, 132.21643348413528, 154.47034362058002, 162.726341728338], "vMond": [29.841034270692212, 55.6383098786759, 66.77223449287584, 76.85538967414578, 83.57676192305239, 88.45915231745408, 98.88929078388006, 102.08956919856817, 114.614646513332, 114.79228659988715, 112.71480775008727], "vGas": [2.9, 8.06, 12.62, 16.73, 20.63, 24.32, 34.07, 36.74, 46.59, 43.71, 39.61], "vDisk": [21.08, 40.8, 45.89, 51.07, 52.93, 52.95, 49.67, 48.73, 38.25, 33.76, 31.2], "vBulge": [0.0, 0.0, 0.0, 0.0, 0.0, 0.0, 0.0, 0.0, 0.0, 0.0, 0.0]}