{"id": "UGC06399", "radiusKpc": [0.87, 1.74, 2.61, 3.5, 4.37, 5.24, 6.11, 6.98, 7.85], "vObs": [24.8, 46.2, 60.5, 69.6, 77.5, 82.9, 84.1, 85.6, 87.6], "vObsErr": [6.5, 5.6, 5.8, 3.9, 3.7, 4.5, 4.9, 4.9, 4.9], "vAcm": [25.8844233610624, 33.802178812086325, 39.59091592933338, 50.36121757564327, 61.45832248810973, 70.1999258163859, 79.13502935639914, 90.50872685400512, 99.28347723129477], "vMond": [36.299755805724395, 55.46355330560502, 65.54303919883841, 76.40275756855041, 82.58975161136925, 87.37895306999322, 90.92518902263224, 93.50591305345515, 94.40309233836004], "vGas": [2.79, 5.75, 9.11, 13.36, 16.6, 20.91, 23.38, 23.92, 25.86], "vDisk": [20.37, 32.61, 37.1, 42.69, 44.26, 44.12, 43.61, 43.31, 40.62], "vBulge": [0.0, 0.0, 0.0, 0.0, 0.0, 0.0, 0.0, 0.0, 0.0]}