{"id": "UGC03580", "radiusKpc": [0.11, 0.23, 0.34, 0.46, 0.57, 0.69, 0.8, 0.92, 1.03, 1.14, 1.26, 1.37, 1.49, 1.61, 1.71, 1.83, 1.94, 2.06, 2.18, 2.29, 2.4, 2.52, 2.63, 2.75, 2.86, 2.98, 3.09, 3.2, 4.52, 4.69, 6.03, 7.53, 8.58, 8.7, 8.82, 9.03, 9.05, 10.53, 12.07, 13.58, 15.09, 16.6, 18.11, 19.62, 21.02, 24.04, 27.06], "vObs": [56.2, 64.6, 70.2, 71.6, 71.0, 69.0, 67.7, 66.9, 66.6, 66.8, 67.4, 68.3, 69.6, 71.2, 72.9, 74.9, 77.0, 79.2, 81.4, 83.6, 85.7, 87.8, 89.7, 91.4, 92.8, 94.1, 95.2, 96.1, 97.4, 96.9, 96.8, 105.0, 110.0, 110.0, 110.0, 111.0, 111.0, 112.0, 112.0, 114.0, 118.0, 122.0, 125.0, 128.0, 131.0, 127.0, 124.0], "vObsErr": [28.5, 22.7, 17.2, 11.7, 11.3, 9.37, 6.23, 4.0, 3.1, 3.02, 3.09, 2.71, 2.75, 2.61, 4.09, 6.17, 7.74, 5.36, 6.34, 2.03, 1.94, 1.7, 2.16, 1.88, 3.36, 1.4, 5.51, 6.23, 2.3, 11.7, 2.3, 1.02, 7.12, 5.26, 5.16, 0.82, 7.81, 1.43, 1.21, 1.35, 1.36, 1.44, 1.64, 1.97, 1.81, 1.93, 1.92], "vAcm": [47.875996795320546, 82.54855552512863, 99.5152402936399, 109.48311998729051, 113.25954367181514, 117.05666744429523, 120.66237221506135, 123.82522692487359, 126.79927731633805, 128.53221628668456, 129.7746612659181, 130.23315691064852, 130.06462270122577, 129.81617073217885, 129.56213810336033, 129.10889570162618, 128.45021668789528, 127.70757659663907, 127.13067476356316, 126.9986543770775, 127.09292569157137, 127.25784136730343, 127.34530496294381, 127.19644706666566, 126.92378086588663, 126.52251487760739, 126.02187435803035, 125.4626851035312, 119.84525200988732, 119.16205087479321, 115.8098831094241, 115.78504859337353, 116.2544857893854, 116.50091740337297, 116.83494449543623, 117.47929325811474, 117.52240569659594, 119.27623256200131, 123.42233768227565, 127.9866531265497, 131.848847339334, 135.13899014139812, 138.5824647850683, 142.74058144661245, 147.75523323011612, 154.25847753655037, 157.9346290812753], "vMond": [51.41459432394869, 87.0850452598872, 105.05743259254218, 116.16032269355952, 121.04400218403792, 125.9600716566504, 130.52462591124208, 134.70712059160147, 138.5442104051331, 141.14274983437215, 143.30525094675428, 144.6077563510626, 145.37275775997617, 146.04180315066571, 146.54166856114335, 146.98719772746614, 147.15986613684757, 147.32576460443516, 147.64460944799197, 148.2890640684651, 149.10276374351233, 149.98402271722946, 150.66574043303393, 151.11820679162557, 151.36792096567112, 151.52396550374536, 151.53736885610525, 151.49595425238093, 149.83061179658586, 149.66611932159134, 148.46786930092995, 148.79924675970437, 148.6668605117439, 148.72684692284068, 148.7662091561861, 148.81836975450443, 148.81058407563927, 149.5046112853619, 150.47630966049803, 150.84469864762224, 151.00344337162335, 151.1631878360868, 151.40809777582976, 151.60417992341354, 151.57983443184384, 150.06711201540762, 148.90437603638318], "vGas": [-1.03, -1.23, -1.32, -1.38, -1.41, -1.36, -1.23, -0.91, 0.49, 1.27, 1.89, 2.47, 2.98, 3.52, 4.06, 4.62, 5.19, 5.77, 6.34, 6.95, 7.56, 8.2, 8.89, 9.58, 10.31, 11.11, 11.94, 12.77, 19.31, 19.73, 22.95, 26.37, 28.87, 29.07, 29.38, 29.9, 29.9, 33.33, 36.03, 37.9, 39.04, 39.66, 40.08, 40.18, 39.87, 37.17, 34.89], "vDisk": [10.27, 20.21, 28.3, 36.17, 42.64, 48.95, 54.16, 59.24, 63.4, 67.15, 70.78, 73.73, 76.63, 79.45, 81.6, 83.69, 85.04, 86.25, 87.49, 88.91, 90.4, 91.9, 92.95, 93.65, 93.97, 94.1, 93.98, 93.74, 88.08, 87.36, 81.5, 76.78, 73.0, 72.69, 72.31, 71.64, 71.58, 67.3, 63.57, 59.74, 56.25, 53.26, 50.67, 48.42, 46.57, 43.23, 40.56], "vBulge": [44.15, 75.69, 90.09, 97.29, 98.4, 99.3, 100.36, 100.84, 101.52, 100.91, 99.65, 97.83, 95.14, 92.26, 89.85, 87.09, 84.69, 82.25, 79.96, 78.04, 76.26, 74.41, 72.86, 71.23, 69.85, 68.43, 67.21, 66.06, 55.57, 54.55, 48.11, 43.05, 40.33, 40.05, 39.78, 39.31, 39.27, 36.41, 34.0, 32.06, 30.41, 29.0, 27.76, 26.67, 25.77, 24.09, 22.71]}