{"id": "UGC01230", "radiusKpc": [0.78, 2.35, 3.91, 5.48, 7.03, 8.6, 13.27, 14.85, 25.8, 32.01, 36.54], "vObs": [19.8, 55.4, 88.5, 105.0, 106.0, 103.0, 109.0, 113.0, 105.0, 103.0, 103.0], "vObsErr": [10.7, 10.7, 10.7, 10.7, 10.7, 10.7, 15.8, 14.7, 10.4, 10.0, 10.0], "vAcm": [19.90264997654484, 37.540055732842944, 45.10596616253881, 52.810240707651616, 60.63050247247873, 66.53371045823394, 78.31665973153716, 82.92209998183095, 132.24156081005233, 154.43128172912893, 162.6361692716892], "vMond": [29.841034270692212, 55.6383098786759, 66.77223449287584, 76.85538967414578, 83.57676192305239, 88.45915231745408, 98.88929078388006, 102.08956919856817, 114.614646513332, 114.79228659988715, 112.71480775008727], "vGas": [2.9, 8.06, 12.62, 16.73, 20.63, 24.32, 34.07, 36.74, 46.59, 43.71, 39.61], "vDisk": [21.08, 40.8, 45.89, 51.07, 52.93, 52.95, 49.67, 48.73, 38.25, 33.76, 31.2], "vBulge": [0.0, 0.0, 0.0, 0.0, 0.0, 0.0, 0.0, 0.0, 0.0, 0.0, 0.0]}