{"id": "UGC06973", "radiusKpc": [1.74, 2.61, 3.5, 4.37, 5.32, 6.28, 6.81, 7.33, 7.85], "vObs": [170.0, 174.0, 170.0, 170.0, 171.0, 174.0, 177.0, 178.0, 180.0], "vObsErr": [4.7, 4.2, 4.2, 4.3, 4.8, 4.9, 10.1, 6.3, 7.7], "vAcm": [380.3461691207853, 324.74876445580895, 288.13795592746425, 257.88366524082375, 236.94770260384533, 220.3798216592679, 212.15888284391627, 204.79965989937938, 198.58373236520964], "vMond": [386.04480152918427, 336.14796652865266, 305.56269605462984, 280.8412793294708, 265.06828340309295, 252.81784601117667, 246.75857581761602, 241.37893858434128, 236.98184322729796], "vGas": [2.96, 15.3, 20.26, 23.49, 28.67, 33.19, 32.98, 32.11, 30.71], "vDisk": [330.95, 283.41, 251.38, 223.34, 203.29, 186.33, 178.04, 170.62, 164.4], "vBulge": [134.59, 109.85, 94.86, 84.89, 76.94, 70.82, 68.0, 65.55, 63.34]}