{"id": "UGC08490", "radiusKpc": [0.34, 0.68, 1.02, 1.36, 1.69, 2.03, 2.37, 2.7, 3.05, 3.38, 3.72, 4.06, 4.39, 4.74, 5.08, 5.41, 5.75, 6.09, 6.42, 6.77, 7.11, 7.44, 7.78, 8.12, 8.46, 8.8, 9.13, 9.47, 9.77, 10.15], "vObs": [38.8, 50.1, 60.2, 68.2, 72.8, 75.3, 76.6, 77.6, 78.5, 78.2, 78.8, 79.2, 79.2, 79.2, 78.8, 78.5, 80.1, 80.1, 80.1, 80.1, 79.8, 79.8, 79.5, 79.5, 78.8, 77.9, 77.2, 77.6, 76.6, 77.6], "vObsErr": [3.69, 3.69, 3.69, 3.69, 3.69, 3.69, 3.69, 3.69, 3.69, 3.69, 3.69, 3.69, 3.69, 3.69, 3.69, 3.69, 3.69, 3.69, 3.69, 3.69, 3.69, 3.69, 3.69, 3.69, 3.69, 3.69, 3.69, 3.69, 3.69, 3.69], "vAcm": [26.387018711859728, 38.460138194503074, 44.86981077478824, 48.45225210258014, 50.04596585654203, 50.82883994009511, 51.15943854089545, 51.28720117853587, 51.01709825737665, 50.81540694574747, 51.449307359224015, 52.67939020890596, 53.531790827818526, 54.34868557182777, 54.373634264937095, 53.34618537279808, 52.687717375804326, 52.793687771724876, 52.99236829152249, 52.709823697839795, 52.10527789392936, 53.4186145302097, 55.75931815039568, 56.69640502988347, 57.21179331908797, 58.52439577992017, 59.48036877405052, 58.88624331375178, 57.430756692977596, 55.82919168126904], "vMond": [34.96661331363201, 50.06424400115538, 58.3168509393661, 63.090439078134885, 65.67892528138775, 67.4903024951209, 68.82897487441682, 69.83303330432555, 70.45001752181443, 71.10839947036752, 72.30754497056105, 73.2910444880235, 73.10330768875424, 72.81935169967124, 72.21744730672603, 71.16883250908087, 71.39282362097558, 71.88314441731167, 71.84656096897595, 72.00602110420732, 72.03457425518357, 73.06526609365275, 73.45182184556266, 72.69957137088932, 73.10578257588753, 73.58551324196185, 73.30506078156732, 73.01535348472582, 73.21838339993207, 73.75304040481971], "vGas": [0.91, 7.1, 10.23, 12.18, 14.42, 15.29, 18.41, 20.65, 21.24, 22.11, 23.77, 25.04, 24.74, 24.74, 23.87, 22.31, 22.6, 23.18, 22.99, 22.99, 22.8, 23.87, 24.06, 22.89, 23.09, 23.38, 22.8, 22.21, 22.21, 22.5], "vDisk": [27.87, 39.52, 44.52, 46.26, 45.8, 45.05, 43.11, 41.2, 39.62, 38.18, 36.93, 35.68, 34.2, 32.41, 31.05, 29.85, 28.79, 27.84, 26.98, 26.18, 25.47, 24.82, 24.22, 23.66, 23.15, 22.65, 22.21, 21.79, 21.43, 21.0], "vBulge": [0.0, 0.0, 0.0, 0.0, 0.0, 0.0, 0.0, 0.0, 0.0, 0.0, 0.0, 0.0, 0.0, 0.0, 0.0, 0.0, 0.0, 0.0, 0.0, 0.0, 0.0, 0.0, 0.0, 0.0, 0.0, 0.0, 0.0, 0.0, 0.0, 0.0]}