{"id": "UGC07866", "radiusKpc": [0.33, 0.66, 1.0, 1.33, 1.67, 2.0, 2.32], "vObs": [12.2, 19.4, 23.9, 26.0, 28.2, 30.6, 33.1], "vObsErr": [4.07, 4.07, 4.07, 4.07, 4.07, 4.07, 4.07], "vAcm": [11.108814772561647, 19.083521337275734, 22.554954315006512, 32.561982032240024, 36.567475791332306, 40.95820607037058, 45.090996907860365], "vMond": [21.80739494301212, 30.8229078137546, 39.46256372926558, 44.035365836990074, 47.31581067949812, 50.36610799705637, 52.70439543177681], "vGas": [3.43, 3.44, 5.29, 8.85, 11.12, 13.66, 14.34], "vDisk": [9.04, 13.22, 17.22, 17.5, 17.11, 16.29, 16.35], "vBulge": [0.0, 0.0, 0.0, 0.0, 0.0, 0.0, 0.0]}