{"id": "UGC01281", "radiusKpc": [0.08, 0.23, 0.38, 0.54, 0.69, 0.84, 1.0, 1.15, 1.3, 1.46, 1.61, 1.76, 1.92, 2.07, 2.22, 2.38, 2.53, 2.68, 2.76, 3.07, 3.46, 3.83, 4.23, 4.62, 4.99], "vObs": [1.41, 4.46, 7.71, 11.0, 14.2, 17.2, 20.2, 23.2, 26.4, 29.3, 31.6, 34.6, 37.4, 39.9, 42.2, 44.4, 46.7, 48.5, 49.3, 53.0, 54.1, 55.0, 55.7, 56.4, 56.9], "vObsErr": [4.0, 4.0, 4.0, 4.0, 4.0, 5.78, 4.74, 4.0, 7.13, 4.38, 4.94, 4.0, 7.09, 4.0, 4.37, 4.58, 5.91, 7.72, 9.73, 4.0, 4.0, 4.0, 4.0, 4.0, 4.0], "vAcm": [9.569737544772366, 13.997390334101127, 15.474098617852093, 19.743427419912273, 22.922626965037523, 24.121447843204972, 23.776700628165376, 22.925346535438543, 23.244404028393518, 25.9189676482831, 27.52533693581825, 27.13755468999505, 26.09065307958595, 25.497870506936355, 26.78220743207072, 30.4003509716074, 34.775464924439966, 38.43976606146613, 39.78307740981664, 42.801599285710196, 49.75819981422652, 57.67288135296854, 52.085244422392904, 43.807367631408376, 47.25705538217649], "vMond": [11.125038303759405, 14.98252194571458, 14.75293211896655, 20.46227055118712, 24.635211716021047, 28.36303723447268, 31.925982390195667, 34.928399169463184, 36.30502458205328, 38.683421879135715, 41.38148295984179, 43.48634830849073, 45.77210899196918, 47.504880457354425, 49.29631107581882, 50.89530333847626, 52.25572961103789, 53.43817560512344, 53.94981299641178, 55.76891543612556, 58.161640881212904, 59.36250924731885, 60.06238144979997, 62.338514194495154, 64.18173437044712], "vGas": [-5.85, -5.85, -0.98, -2.22, -3.47, -4.43, -5.15, -5.85, -1.76, 2.33, 5.46, 7.63, 9.79, 11.26, 12.73, 13.9, 14.68, 15.47, 15.76, 16.84, 18.3, 18.5, 18.21, 19.58, 20.46], "vDisk": [1.5, 3.55, 5.31, 8.22, 10.22, 12.07, 13.91, 15.41, 16.74, 17.86, 18.77, 19.16, 19.52, 19.66, 19.81, 19.88, 20.02, 19.97, 19.92, 19.61, 19.28, 18.95, 18.54, 18.33, 18.23], "vBulge": [0.0, 0.0, 0.0, 0.0, 0.0, 0.0, 0.0, 0.0, 0.0, 0.0, 0.0, 0.0, 0.0, 0.0, 0.0, 0.0, 0.0, 0.0, 0.0, 0.0, 0.0, 0.0, 0.0, 0.0, 0.0]}