{"id": "UGC08550", "radiusKpc": [0.49, 0.97, 1.47, 1.95, 2.44, 2.92, 3.41, 3.89, 4.39, 4.88, 5.36], "vObs": [25.0, 42.5, 48.0, 49.2, 50.4, 51.6, 53.2, 55.1, 57.8, 57.3, 57.5], "vObsErr": [2.04, 2.7, 2.15, 2.08, 2.06, 2.04, 2.0, 2.05, 2.24, 2.0, 2.0], "vAcm": [20.95480796168603, 29.96975309128393, 40.586262891215554, 48.699199563746866, 52.59160910524293, 52.15833860269647, 48.66194607193088, 39.00823889012295, 29.674591974314232, 39.78751469828563, 52.12164100706738], "vMond": [30.22693325566251, 45.168509216730584, 52.9347264906324, 56.00619874019931, 55.58432035234344, 54.587492535785266, 55.2987782236363, 56.54987426853127, 59.89491733969048, 63.38487019788939, 64.9293423826709], "vGas": [3.42, 4.1, 10.21, 12.59, 13.04, 12.14, 13.38, 14.95, 18.33, 21.25, 22.04], "vDisk": [17.04, 26.7, 28.91, 27.91, 24.63, 22.08, 20.22, 18.69, 17.42, 16.4, 15.57], "vBulge": [0.0, 0.0, 0.0, 0.0, 0.0, 0.0, 0.0, 0.0, 0.0, 0.0, 0.0]}