{"id": "UGC00731", "radiusKpc": [0.91, 1.81, 2.73, 3.64, 4.55, 5.45, 6.36, 7.28, 8.19, 9.09, 10.0, 10.91], "vObs": [29.6, 44.6, 50.4, 56.8, 60.7, 64.7, 68.0, 71.5, 73.4, 74.0, 73.8, 73.9], "vObsErr": [2.38, 2.4, 2.86, 3.43, 2.98, 2.46, 2.38, 2.52, 2.68, 2.83, 3.22, 3.42], "vAcm": [52.65694142122331, 54.932775842489754, 87.25442248742783, 99.55753989553182, 86.3851208148128, 133.33852435284928, 203.81360242023692, 212.51185983021458, 143.39412808797147, 188.64028911131035, 234.81239617061752, 268.60048155423056], "vMond": [60.48967898139319, 91.79808693183878, 108.59640423759369, 136.05887276856456, 151.31152466887707, 165.09397710583517, 185.95943501486417, 213.41664221978272, 230.71489988371488, 238.80712916074015, 247.10263641121423, 250.74413708932337], "vGas": [0.8, 5.58, 7.79, 14.0, 16.12, 18.25, 23.38, 30.0, 33.62, 34.88, 36.0, 35.75], "vDisk": [7.82, 11.42, 12.3, 13.66, 14.46, 14.91, 14.47, 14.77, 14.75, 13.66, 13.17, 12.83], "vBulge": [0.0, 0.0, 0.0, 0.0, 0.0, 0.0, 0.0, 0.0, 0.0, 0.0, 0.0, 0.0]}