{"id": "UGC02487", "radiusKpc": [9.93, 10.05, 10.35, 15.07, 20.09, 25.12, 30.14, 35.17, 40.19, 45.21, 50.24, 55.26, 60.28, 65.31, 70.33, 75.35, 80.38], "vObs": [377.0, 377.0, 378.0, 367.0, 364.0, 375.0, 383.0, 378.0, 364.0, 349.0, 338.0, 332.0, 330.0, 329.0, 330.0, 332.0, 333.0], "vObsErr": [10.3, 19.7, 10.8, 10.7, 6.67, 6.19, 3.82, 2.21, 4.0, 3.0, 3.08, 2.19, 1.61, 2.2, 3.53, 13.4, 15.3], "vAcm": [312.40223036138156, 313.0334142855649, 314.7598063147729, 310.42404082054435, 302.4963482605402, 292.8555163655035, 284.7656879413695, 270.3771479925936, 257.7632002142791, 248.64064485483973, 241.84589295765176, 238.0977053468988, 237.21449439918277, 236.56586651856668, 236.1997373142289, 235.35196556516402, 234.3126267839423], "vMond": [343.7728924351172, 344.6478606690729, 346.9643696470541, 351.7979701452844, 352.6832411389127, 351.58107973772655, 350.4066598898578, 341.74514761634083, 333.95303604940653, 328.38156219927447, 323.111869666477, 318.932895997859, 316.5209782669447, 313.2035219824141, 310.64563101757443, 308.08739116848614, 305.68363028960715], "vGas": [-13.26, -13.37, -13.47, -11.85, 13.97, 27.34, 34.12, 36.15, 36.15, 35.84, 37.87, 41.62, 44.55, 46.17, 46.48, 44.86, 42.32], "vDisk": [255.96, 257.66, 261.62, 272.35, 269.96, 262.34, 253.37, 235.34, 219.18, 206.41, 194.11, 183.23, 174.98, 166.27, 159.17, 152.96, 147.51], "vBulge": [207.88, 206.72, 204.38, 172.87, 151.39, 134.72, 123.32, 114.11, 106.71, 100.63, 95.47, 91.03, 87.16, 83.74, 80.69, 77.96, 75.48]}