{"id": "UGC06787", "radiusKpc": [0.12, 0.24, 0.35, 0.47, 0.59, 0.71, 0.83, 0.94, 1.06, 1.18, 1.3, 1.42, 1.53, 1.66, 1.89, 2.01, 2.13, 2.24, 3.1, 3.79, 3.9, 4.14, 4.25, 4.37, 4.49, 4.61, 4.72, 5.16, 5.43, 5.56, 5.67, 5.79, 5.91, 6.03, 6.2, 6.5, 6.85, 6.98, 7.09, 7.21, 7.22, 7.33, 7.45, 7.56, 8.26, 8.98, 9.09, 9.3, 10.32, 11.38, 12.4, 13.41, 14.43, 15.44, 16.57, 17.58, 18.6, 19.61, 20.62, 21.64, 22.77, 23.78, 24.79, 25.81, 26.82, 27.84, 29.41, 30.99, 32.57, 34.03, 37.19], "vObs": [134.0, 208.0, 252.0, 272.0, 276.0, 271.0, 266.0, 262.0, 260.0, 260.0, 259.0, 257.0, 254.0, 244.0, 228.0, 220.0, 215.0, 213.0, 228.0, 236.0, 236.0, 237.0, 237.0, 237.0, 237.0, 237.0, 236.0, 235.0, 234.0, 233.0, 233.0, 233.0, 232.0, 232.0, 232.0, 233.0, 235.0, 236.0, 236.0, 237.0, 238.0, 238.0, 239.0, 240.0, 247.0, 252.0, 253.0, 254.0, 253.0, 247.0, 238.0, 229.0, 223.0, 220.0, 220.0, 224.0, 228.0, 234.0, 239.0, 243.0, 245.0, 247.0, 249.0, 250.0, 251.0, 251.0, 248.0, 246.0, 249.0, 252.0, 255.0], "vObsErr": [41.1, 35.5, 27.1, 11.6, 12.6, 16.3, 11.9, 12.2, 12.1, 11.9, 8.04, 10.2, 9.68, 4.95, 9.83, 18.6, 4.11, 16.1, 9.59, 7.22, 7.24, 8.26, 4.07, 4.04, 1.94, 1.49, 2.38, 2.4, 4.05, 3.03, 2.48, 3.03, 6.7, 7.44, 1.64, 14.3, 7.57, 3.05, 2.91, 4.07, 2.02, 6.76, 3.49, 10.1, 0.85, 8.91, 7.13, 0.73, 0.96, 1.99, 3.15, 1.67, 3.52, 1.13, 1.12, 1.93, 2.04, 2.55, 2.91, 3.08, 3.6, 2.67, 3.37, 2.08, 1.68, 2.78, 3.4, 2.91, 3.46, 3.23, 4.16], "vAcm": [206.59371443535352, 321.32137207143984, 357.5561022080079, 371.68543404689194, 375.15807781509045, 375.49552548302523, 373.15643592545314, 370.08873095597255, 368.77347736331876, 368.0285708712608, 366.84123573442054, 365.57199403184046, 363.7201420562002, 361.56751250273976, 356.6959053304654, 353.64016723548036, 350.3783535633239, 347.23080833702704, 322.6944944479748, 304.09545159942815, 301.33316089844095, 296.03387482410045, 293.6961014495562, 291.2895109004168, 289.0393196779985, 286.89968113485844, 285.0604153457877, 278.96150922865024, 276.0102283006973, 274.7376148082663, 273.67289882268057, 272.5084564080147, 271.0774447234448, 269.77568382585696, 268.02271770399636, 265.00491147651826, 261.95244261178743, 260.9386627843373, 260.1787623274886, 259.43927504999493, 259.39102683697445, 258.769683046328, 258.09010514257517, 257.4036936348854, 251.34726048039371, 244.4110831210062, 243.36202046600252, 241.3551459163334, 231.74447512816033, 224.31755167771004, 217.84931842360172, 212.79663901315342, 208.06973853337536, 203.70851863690072, 199.46234069894268, 196.3175024716307, 193.49278163219105, 190.64808340336114, 188.3195357662652, 186.70378961578456, 185.77264857463123, 185.70737889760113, 185.96992059449983, 185.66039269049855, 184.7584362426462, 183.95553792875606, 183.44058918407322, 182.20517882970796, 180.01059477686522, 179.03196803075411, 177.75188356610852], "vMond": [207.87179716213325, 322.9667288019614, 359.7033858533691, 374.4440859428422, 378.5695446006017, 379.5744444714056, 377.92878867366045, 375.51304928265046, 374.8871114564288, 374.8247958009903, 374.3288886056304, 373.7544475650036, 372.55512499586075, 371.175581121184, 367.70204671941104, 365.39254861491395, 362.8861486131016, 360.43965789915654, 341.6615878889011, 327.72801162604094, 325.6900528388881, 321.9302228896644, 320.2923400722239, 318.6411978287752, 317.1379565661886, 315.73973950574884, 314.5741095691202, 311.0936806262797, 309.6685413505652, 309.1064729406203, 308.6358533775313, 308.1135284470335, 307.3370648602059, 306.6777167842726, 305.8246678524671, 304.38065587063386, 303.105121054996, 302.73050562009, 302.4986355374342, 302.3207404473222, 302.3188841629256, 302.2033730089717, 302.06755646061583, 301.87634984738895, 298.79791264811763, 294.7441438889016, 294.1512843239746, 293.0124408680459, 287.3735909243353, 283.7308716133341, 280.64876056598894, 278.65379312376757, 276.654831824383, 274.72414695489084, 272.8677284005941, 271.53348963371303, 270.1283359831234, 268.5589545087777, 267.4502485042634, 266.83033903655854, 266.5651801688211, 266.4904111507682, 266.1351695798026, 265.3700043631023, 264.5842490092069, 263.9246662483601, 262.66478285231864, 260.92356336507663, 259.4207298936231, 258.5661846755789, 255.8923614606821], "vGas": [-0.73, -0.84, -0.93, -1.09, -1.27, -1.49, -1.72, -1.96, -2.21, -2.45, -2.69, -2.93, -3.17, -3.41, -3.87, -4.09, -4.3, -4.5, -5.53, -5.65, -5.61, -5.45, -5.32, -5.15, -4.93, -4.62, -4.24, -1.43, 3.32, 4.2, 4.99, 5.73, 6.43, 7.14, 8.18, 9.96, 11.78, 12.31, 12.85, 13.38, 13.48, 13.91, 14.44, 14.86, 17.52, 19.64, 19.85, 20.28, 21.76, 22.29, 22.29, 21.87, 21.55, 21.55, 22.08, 22.61, 23.25, 24.2, 26.01, 28.66, 31.74, 34.4, 36.31, 37.37, 37.79, 37.79, 37.26, 36.63, 35.88, 35.14, 33.12], "vDisk": [7.68, 14.95, 21.23, 27.71, 33.83, 39.63, 45.13, 49.93, 54.94, 59.69, 64.21, 68.53, 72.32, 76.57, 83.6, 87.03, 90.32, 93.19, 112.13, 121.66, 122.76, 124.89, 125.78, 126.75, 127.73, 128.73, 129.65, 133.7, 136.22, 137.4, 138.33, 139.24, 139.93, 140.45, 141.04, 142.01, 143.12, 143.59, 144.05, 144.62, 144.67, 145.21, 145.73, 146.08, 144.87, 141.68, 141.18, 140.17, 134.57, 131.1, 127.84, 125.7, 123.24, 120.61, 117.78, 115.53, 113.08, 110.31, 107.85, 105.68, 103.62, 101.87, 99.95, 97.79, 95.84, 94.22, 91.66, 88.64, 86.0, 84.24, 79.85], "vBulge": [179.06, 278.38, 309.46, 321.2, 323.58, 323.15, 320.31, 316.84, 314.79, 313.21, 311.21, 309.11, 306.55, 303.54, 297.2, 293.4, 289.39, 285.56, 255.35, 232.68, 229.34, 222.83, 219.95, 216.93, 214.04, 211.23, 208.76, 199.77, 194.84, 192.59, 190.72, 188.73, 186.59, 184.7, 182.21, 177.9, 173.33, 171.7, 170.36, 168.93, 168.82, 167.55, 166.2, 164.99, 157.97, 151.5, 150.58, 148.87, 141.32, 134.58, 128.93, 123.98, 119.52, 115.54, 111.53, 108.28, 105.27, 102.52, 99.98, 97.6, 95.14, 93.1, 91.18, 89.36, 87.67, 86.04, 83.72, 81.55, 79.55, 77.83, 74.45]}