{"id": "UGC05829", "radiusKpc": [0.63, 1.26, 1.88, 2.52, 3.14, 3.77, 4.4, 5.03, 5.65, 6.29, 6.91], "vObs": [14.8, 27.2, 34.1, 38.8, 42.8, 47.9, 51.9, 57.6, 60.7, 65.6, 68.6], "vObsErr": [5.06, 5.06, 5.06, 5.06, 5.06, 5.06, 5.06, 5.06, 5.06, 5.06, 5.06], "vAcm": [28.93755899843785, 34.7175356796571, 32.29236070763558, 46.03013251880449, 65.31987259691608, 64.88829789472182, 73.1900622670401, 90.19548599845943, 82.13914532458296, 87.57372230288574, 102.22076103766769], "vMond": [30.476716367037763, 48.24818454771414, 60.063284000176644, 68.3700881784617, 79.58886067472032, 90.80043235756031, 98.5614640719223, 108.7969195741305, 118.45513252498301, 124.64646581826862, 128.46072441154928], "vGas": [-2.24, -3.7, 3.88, -2.84, 11.17, 17.24, 20.77, 26.16, 31.16, 33.7, 34.59], "vDisk": [7.48, 13.07, 16.73, 19.07, 20.36, 21.25, 21.39, 21.32, 20.9, 20.41, 20.24], "vBulge": [0.0, 0.0, 0.0, 0.0, 0.0, 0.0, 0.0, 0.0, 0.0, 0.0, 0.0]}