{"id": "UGC03205", "radiusKpc": [0.28, 0.55, 0.83, 1.39, 1.65, 3.04, 3.32, 3.59, 3.87, 4.15, 4.43, 4.7, 4.97, 5.25, 5.52, 5.8, 6.08, 6.36, 6.63, 6.91, 7.19, 7.27, 7.46, 8.02, 8.29, 8.56, 8.84, 9.12, 9.69, 12.11, 14.58, 14.68, 15.2, 15.5, 15.71, 16.02, 16.32, 16.53, 16.84, 16.94, 19.4, 21.77, 24.23, 26.69, 29.06, 31.52, 36.34, 40.04], "vObs": [107.0, 121.0, 134.0, 157.0, 168.0, 207.0, 213.0, 218.0, 222.0, 226.0, 229.0, 232.0, 234.0, 235.0, 236.0, 237.0, 237.0, 237.0, 236.0, 236.0, 235.0, 234.0, 234.0, 231.0, 229.0, 228.0, 226.0, 224.0, 221.0, 216.0, 220.0, 220.0, 221.0, 221.0, 221.0, 221.0, 221.0, 221.0, 221.0, 221.0, 218.0, 216.0, 215.0, 212.0, 208.0, 209.0, 220.0, 220.0], "vObsErr": [30.2, 15.6, 8.69, 12.5, 11.7, 8.04, 6.53, 11.2, 6.05, 5.41, 5.96, 7.41, 6.1, 3.89, 9.03, 10.0, 7.36, 10.2, 10.4, 5.83, 5.43, 8.36, 7.88, 8.17, 5.82, 7.21, 18.2, 9.11, 5.56, 3.21, 1.89, 7.66, 9.52, 13.6, 8.15, 4.11, 5.37, 5.06, 11.4, 2.56, 1.7, 1.13, 1.77, 2.47, 1.44, 2.88, 4.09, 6.32], "vAcm": [92.92762186150394, 146.74288030680114, 167.06460550980077, 182.68249263122198, 188.73560229004852, 196.70461021082303, 196.83579431879767, 198.2150532185759, 200.92422362042458, 205.92071764422883, 211.3133764251721, 215.6189714306192, 218.8125689129177, 221.63863202613226, 225.29820166227032, 229.34332815069598, 232.99003432634638, 236.4172269499459, 238.61005197013196, 240.21071837017527, 241.13512941678772, 241.23177594147927, 241.35005908967744, 241.33731919960485, 241.03466580872558, 240.58765206141797, 239.7191301496813, 238.81565491679768, 236.31940508030203, 222.2988777465876, 210.0803118688368, 209.55143682546384, 207.08063138247655, 205.9571735015916, 205.26621349036688, 204.26385578910006, 203.27869901814142, 202.68832679408564, 201.82740961138927, 201.59967997330375, 197.77054239973347, 195.57478114725473, 193.09782904943998, 191.01596762026665, 188.91624977774651, 186.8491551496611, 184.31040745911787, 182.21821911555725], "vMond": [97.47788345775211, 152.53947268819476, 174.60177882071633, 193.64413198970982, 201.0821889169705, 216.74915957573705, 218.46857135036586, 221.3060617758786, 225.4313197682778, 231.6401887208163, 238.12366052395342, 243.44306296536718, 247.6476281539347, 251.50096812156522, 256.0359209751116, 260.8957635352184, 265.2881038351675, 269.3760151637241, 272.21730251086956, 274.5130110857516, 276.18441772676897, 276.50902118801076, 277.18706066094336, 278.8660518344532, 279.4039357379113, 279.80694630252077, 279.8351025514688, 279.815331715858, 279.107661149606, 271.38467134777864, 263.32369950109523, 262.99571473128066, 261.52087211209545, 260.9253641611984, 260.5859519366367, 260.0796007461812, 259.5635223011954, 259.2996289190696, 258.92059389838965, 258.84836956795937, 255.49738034882034, 252.92553777923064, 249.38880036586244, 246.21704168059188, 243.2415823538316, 240.42867651785588, 235.8938985729133, 232.64534944562308], "vGas": [-1.6, -2.32, -3.04, -4.39, -4.98, -7.06, -7.33, -7.54, -7.69, -7.79, -7.83, -7.81, -7.72, -7.58, -7.35, -7.05, -6.7, -6.27, -5.76, -5.16, -4.56, -4.39, -3.95, 1.42, 3.82, 5.49, 7.01, 8.51, 11.96, 24.01, 33.03, 33.34, 34.96, 35.77, 36.68, 37.49, 38.3, 39.11, 39.92, 40.33, 47.22, 52.28, 54.82, 55.53, 54.01, 51.78, 47.22, 42.76], "vDisk": [13.69, 26.0, 37.95, 60.02, 69.62, 115.86, 124.12, 132.68, 142.15, 153.48, 164.2, 172.5, 178.86, 184.4, 190.48, 196.76, 202.21, 207.12, 210.37, 212.88, 214.54, 214.82, 215.36, 216.46, 216.57, 216.49, 215.92, 215.26, 213.03, 197.34, 180.81, 180.14, 176.93, 175.4, 174.35, 172.9, 171.46, 170.51, 169.21, 168.81, 157.9, 148.59, 138.99, 130.82, 124.32, 118.54, 109.34, 103.66], "vBulge": [91.46, 143.82, 161.88, 171.18, 173.79, 156.1, 149.78, 144.22, 138.97, 134.27, 129.95, 126.18, 122.67, 119.35, 116.43, 113.55, 110.91, 108.43, 106.22, 104.02, 101.99, 101.43, 100.13, 96.57, 94.99, 93.48, 91.98, 90.56, 87.86, 78.59, 71.62, 71.38, 70.15, 69.47, 69.0, 68.33, 67.7, 67.27, 66.64, 66.45, 62.09, 58.61, 55.56, 52.94, 50.73, 48.71, 45.37, 43.22]}