{"id": "UGC04305", "radiusKpc": [0.25, 0.5, 0.75, 1.0, 1.26, 1.5, 1.76, 2.01, 2.26, 2.51, 2.76, 3.01, 3.27, 3.51, 3.76, 4.02, 4.26, 4.52, 4.77, 5.02, 5.27, 5.52], "vObs": [3.17, 10.5, 17.5, 22.7, 29.7, 34.5, 36.0, 37.3, 35.6, 34.9, 32.7, 32.8, 33.2, 32.1, 30.1, 32.3, 33.6, 35.1, 35.3, 35.2, 34.6, 33.0], "vObsErr": [3.22, 3.32, 4.47, 4.96, 5.29, 4.7, 3.51, 3.45, 3.57, 3.88, 3.27, 3.21, 3.21, 3.23, 3.16, 3.16, 3.12, 3.12, 3.12, 3.13, 3.11, 3.11], "vAcm": [14.3020440241272, 21.158423211903717, 26.179786239751248, 30.752074987166278, 33.58251483378537, 36.50742686664703, 40.51458033054281, 39.830602758002584, 37.17863834001421, 37.39191878555772, 39.43800545471328, 41.17605717870988, 45.62338199534734, 51.41798298841965, 56.78246440356487, 60.54995867250699, 61.39701138228832, 60.64578779273649, 62.35652485178691, 68.41890735550025, 74.92136055523422, 78.83934561643193], "vMond": [13.429891387345968, 23.618004609409898, 30.97060219651945, 39.23924958334624, 46.13191054851304, 48.62694548318196, 50.71334477883762, 51.16668717067843, 53.04239549046525, 56.08853572356683, 59.858071792479656, 62.92365644586535, 64.8345232460807, 66.44995194799718, 67.42726142898069, 68.20149004066076, 68.68911216855169, 69.4603389017793, 70.47227605450003, 71.34761721067692, 71.5093948311348, 71.37619287026584], "vGas": [-1.04, -3.35, 4.05, 4.85, 6.16, 7.83, 8.37, 8.4, 10.27, 11.89, 15.11, 17.63, 19.74, 22.06, 23.37, 24.68, 25.38, 25.99, 26.59, 26.9, 27.2, 27.3], "vDisk": [6.45, 13.17, 18.27, 24.79, 29.98, 30.56, 30.97, 29.96, 30.04, 31.48, 33.07, 34.11, 33.92, 33.27, 32.39, 31.18, 30.16, 29.51, 29.25, 29.1, 28.04, 26.8], "vBulge": [0.0, 0.0, 0.0, 0.0, 0.0, 0.0, 0.0, 0.0, 0.0, 0.0, 0.0, 0.0, 0.0, 0.0, 0.0, 0.0, 0.0, 0.0, 0.0, 0.0, 0.0, 0.0]}