{"id": "UGC05253", "radiusKpc": [0.13, 0.25, 0.38, 0.51, 0.63, 0.76, 0.89, 1.01, 1.14, 1.27, 1.39, 1.52, 1.65, 1.77, 1.9, 2.03, 2.16, 2.28, 2.41, 2.54, 2.66, 2.79, 2.92, 3.04, 3.17, 3.3, 3.42, 3.55, 3.68, 3.8, 3.93, 4.06, 4.18, 4.31, 4.44, 4.56, 4.69, 4.82, 4.94, 4.99, 5.07, 5.2, 5.45, 5.58, 5.7, 5.83, 6.47, 6.59, 6.66, 6.72, 6.85, 6.97, 7.1, 7.23, 8.32, 10.0, 11.61, 13.35, 14.98, 16.61, 18.34, 19.97, 21.6, 23.33, 26.7, 29.95, 33.32, 36.68, 39.94, 43.3, 46.67, 49.92, 53.29], "vObs": [232.0, 233.0, 234.0, 235.0, 236.0, 237.0, 238.0, 239.0, 240.0, 240.0, 241.0, 242.0, 242.0, 243.0, 244.0, 244.0, 244.0, 245.0, 245.0, 246.0, 246.0, 246.0, 247.0, 247.0, 247.0, 247.0, 247.0, 248.0, 248.0, 248.0, 248.0, 248.0, 248.0, 248.0, 248.0, 248.0, 248.0, 248.0, 248.0, 248.0, 248.0, 248.0, 247.0, 247.0, 247.0, 247.0, 247.0, 246.0, 246.0, 246.0, 246.0, 246.0, 246.0, 246.0, 246.0, 245.0, 245.0, 246.0, 245.0, 245.0, 245.0, 245.0, 245.0, 244.0, 243.0, 239.0, 231.0, 219.0, 210.0, 210.0, 212.0, 213.0, 218.0], "vObsErr": [33.4, 16.9, 14.6, 10.6, 9.12, 10.3, 9.95, 3.51, 3.18, 5.19, 3.54, 2.6, 1.75, 1.94, 3.09, 1.6, 3.0, 2.19, 3.01, 2.64, 2.38, 3.72, 3.54, 3.74, 5.11, 3.63, 3.84, 5.12, 2.77, 3.24, 6.79, 8.39, 2.73, 13.7, 4.89, 5.71, 15.1, 10.5, 1.58, 4.77, 4.36, 8.45, 8.25, 2.34, 2.34, 6.13, 6.89, 5.95, 2.29, 4.73, 3.02, 5.81, 6.32, 8.92, 2.13, 2.18, 0.94, 2.02, 1.33, 1.36, 1.59, 2.03, 2.36, 4.61, 10.6, 17.0, 18.3, 12.1, 7.5, 3.56, 2.64, 6.5, 6.53], "vAcm": [147.86524856034475, 217.84213359722307, 251.05539028839488, 266.6712859693117, 274.4466202533484, 277.7071312202998, 279.47943155012604, 281.62913435103144, 282.5240374295591, 281.6948989859701, 282.57774864168283, 282.8712605633425, 282.2908158108158, 281.63444817102805, 281.03620336618195, 280.63927207270194, 280.48795720688895, 280.7740863733543, 281.43216163733916, 282.4395010631154, 283.3742431604313, 284.4502761082744, 285.34246094581516, 286.0652148923898, 286.61904614284646, 286.9693587362906, 287.08749447258856, 287.0409666722866, 287.24782558100867, 287.2299532841752, 286.949443948009, 286.59023407461285, 286.06118545694164, 285.38307294090794, 284.67249940693415, 283.91861378871704, 283.0210191091234, 282.1277406539454, 281.24715829365766, 280.8738538972152, 280.25837351936445, 279.2285644084784, 277.28650245202255, 276.1501509987308, 275.08771296889404, 273.75240600433824, 268.1358757698477, 267.31222802163325, 266.8828583038437, 266.46692336773924, 265.75778533256783, 265.17581934920764, 264.6135142438268, 264.1400903011131, 260.8635611424111, 253.1798910787643, 248.1495351046282, 238.4134540173807, 229.9336940589867, 223.38270681101682, 218.68513794035002, 217.32449102612136, 216.30266380387826, 215.71023519915386, 216.77009209772976, 217.56370973895358, 217.35342810187598, 218.69911744279233, 219.31595914535754, 217.96833870392535, 218.93237171084658, 228.337262948687, 236.63492312514734], "vMond": [149.29266408420716, 219.7011395283828, 253.48396791648776, 269.7061157585008, 278.0532382666936, 281.96300990524065, 284.3879223888435, 287.12344198237963, 288.66990404250714, 288.5237661990162, 290.0007482193061, 290.9479810006573, 291.03927083129014, 291.0058117836529, 291.0798724143451, 291.3499915160668, 291.8577581847065, 292.73598579002964, 294.01766084909286, 295.6264661844071, 297.10494709139846, 298.7538770718705, 300.21113443510507, 301.4482675205821, 302.5571083470353, 303.46019565300185, 304.08919396749917, 304.59648663314823, 305.3376322912404, 305.8154043586064, 306.07563247499036, 306.2532245072096, 306.222758474268, 306.08398927124426, 305.90917867506425, 305.6506892542122, 305.2900121130714, 304.9293372894898, 304.5389436451837, 304.36875149994523, 304.0771328789807, 303.56921125803905, 302.6089788898668, 301.983073476632, 301.39027608801825, 300.5710998835527, 297.42744225780933, 297.0645372238437, 296.90129118116204, 296.7167650582774, 296.49475931841937, 296.35673275151447, 296.26844353524024, 296.2597052742496, 296.1327200546314, 292.7745839221839, 290.6134439874497, 283.3757971685878, 277.36416711572525, 273.01080448106393, 270.57768891419084, 269.8880556354513, 268.5848546175272, 267.86216238819605, 266.4582703492043, 264.1248012130045, 261.3858544297934, 259.1071384354761, 256.78789979873477, 255.27663494138415, 255.2207042887166, 255.57523276815957, 254.01193809817778], "vGas": [-2.47, -2.73, -2.63, -2.41, -2.13, -1.79, -1.58, -1.03, 0.66, 1.42, 1.91, 2.31, 2.69, 3.02, 3.34, 3.66, 3.96, 4.26, 4.56, 4.87, 5.17, 5.46, 5.76, 6.05, 6.34, 6.65, 6.94, 7.23, 7.53, 7.83, 8.14, 8.44, 8.74, 9.04, 9.34, 9.66, 9.96, 10.27, 10.63, 10.73, 10.94, 11.25, 11.88, 12.19, 12.5, 12.81, 14.58, 14.9, 15.11, 15.31, 15.63, 16.04, 16.36, 16.67, 19.69, 23.65, 26.98, 29.27, 30.52, 32.19, 34.17, 36.46, 38.96, 41.25, 44.17, 44.8, 44.07, 44.17, 43.75, 43.34, 44.9, 46.88, 47.82], "vDisk": [8.23, 15.54, 23.07, 30.21, 36.51, 43.02, 49.25, 54.76, 60.48, 65.96, 70.82, 75.88, 80.73, 85.03, 89.52, 93.85, 97.99, 101.66, 105.49, 109.17, 112.45, 115.87, 119.17, 122.1, 125.13, 128.05, 130.65, 133.35, 135.94, 138.27, 140.68, 143.0, 145.04, 147.17, 149.24, 151.08, 152.98, 154.8, 156.43, 157.09, 158.13, 159.77, 162.71, 164.01, 165.02, 165.84, 169.31, 170.15, 170.65, 171.08, 172.07, 173.03, 174.15, 175.27, 182.58, 183.56, 182.9, 173.27, 164.53, 157.52, 152.73, 150.07, 146.26, 143.04, 136.92, 130.32, 123.68, 117.57, 111.91, 107.39, 104.0, 101.06, 96.26], "vBulge": [149.99, 220.78, 253.99, 269.15, 276.27, 278.6, 279.31, 280.44, 280.12, 277.94, 277.61, 276.52, 274.47, 272.42, 270.29, 268.35, 266.67, 265.58, 264.78, 264.37, 264.0, 263.68, 263.16, 262.58, 261.72, 260.64, 259.42, 257.92, 256.73, 255.39, 253.66, 251.85, 249.97, 247.82, 245.63, 243.5, 241.12, 238.76, 236.51, 235.57, 234.04, 231.52, 226.76, 224.24, 222.01, 219.54, 208.79, 206.9, 205.85, 204.88, 202.98, 201.26, 199.41, 197.66, 184.24, 168.07, 155.97, 145.45, 137.31, 130.4, 124.1, 118.93, 114.35, 110.03, 102.85, 97.11, 92.07, 87.75, 84.09, 80.76, 77.79, 75.22, 72.8]}