{"id": "UGC06446", "radiusKpc": [0.58, 1.16, 1.74, 2.33, 2.91, 3.49, 4.07, 4.65, 5.23, 5.81, 6.4, 6.98, 7.62, 8.28, 8.9, 9.52, 10.22], "vObs": [31.3, 54.8, 61.1, 63.9, 67.2, 70.4, 73.7, 78.0, 80.8, 80.5, 81.3, 82.1, 82.8, 84.9, 84.3, 83.2, 80.1], "vObsErr": [6.3, 5.8, 4.1, 4.1, 4.1, 3.6, 3.6, 4.1, 4.1, 3.6, 3.6, 4.6, 4.6, 5.5, 5.5, 7.0, 10.8], "vAcm": [25.65469284152696, 38.30330221143077, 44.420448355456294, 46.74812239223782, 49.995940516674175, 55.38012790854928, 56.04197956514785, 53.71571876176194, 54.07430913631723, 54.567481869091935, 54.77365704097619, 57.751658911023874, 70.75108062210433, 87.74415385642598, 88.5904706657774, 81.66511203635926, 78.68136478076377], "vMond": [38.740567040255755, 54.002294759957365, 60.80589606753348, 66.05958831687953, 71.69581373144317, 76.24591237573324, 78.08842428929441, 81.541892451838, 85.36113677357496, 88.30538404417352, 91.94078822308906, 95.20042523978745, 98.868526082816, 100.33110529068804, 98.49310137022759, 99.64658964579348, 101.34533500497186], "vGas": [0.0, 2.75, 6.18, 7.45, 14.25, 16.89, 15.31, 18.83, 23.23, 26.13, 28.95, 31.41, 34.05, 34.49, 32.03, 32.29, 33.08], "vDisk": [21.35, 29.36, 30.8, 31.81, 31.67, 31.97, 32.15, 31.31, 29.91, 28.44, 27.55, 26.52, 25.42, 24.36, 23.44, 22.66, 21.62], "vBulge": [0.0, 0.0, 0.0, 0.0, 0.0, 0.0, 0.0, 0.0, 0.0, 0.0, 0.0, 0.0, 0.0, 0.0, 0.0, 0.0, 0.0]}