{"id": "UGC02916", "radiusKpc": [0.37, 0.74, 1.11, 1.48, 1.84, 2.21, 2.6, 2.96, 3.17, 3.33, 3.7, 4.07, 4.44, 4.81, 5.18, 5.55, 5.92, 6.28, 6.34, 6.65, 7.03, 7.39, 7.77, 8.14, 8.51, 8.88, 9.25, 9.52, 9.62, 9.99, 10.4, 10.71, 11.12, 12.67, 12.98, 15.86, 19.05, 22.14, 25.34, 28.53, 31.72, 34.91, 38.0], "vObs": [183.0, 196.0, 205.0, 211.0, 214.0, 214.0, 213.0, 211.0, 210.0, 209.0, 207.0, 206.0, 205.0, 205.0, 206.0, 207.0, 208.0, 210.0, 210.0, 212.0, 214.0, 215.0, 216.0, 217.0, 218.0, 218.0, 218.0, 218.0, 218.0, 217.0, 217.0, 216.0, 215.0, 212.0, 211.0, 209.0, 215.0, 215.0, 210.0, 196.0, 185.0, 182.0, 181.0], "vObsErr": [47.6, 40.7, 14.1, 7.89, 1.48, 1.5, 2.64, 4.5, 8.68, 3.0, 1.6, 1.73, 3.45, 2.77, 7.48, 5.02, 7.7, 1.95, 4.78, 1.96, 0.76, 2.22, 1.76, 1.53, 7.7, 6.86, 8.37, 3.93, 4.05, 20.2, 4.2, 3.16, 6.72, 1.82, 16.6, 8.38, 13.2, 13.9, 10.6, 12.8, 11.5, 10.8, 10.3], "vAcm": [230.6648435260911, 357.8132748335556, 410.62196328205613, 451.9482625009676, 488.67601681602923, 518.5768151737179, 533.4324518332368, 527.3515131844499, 528.2241151424382, 526.2473550366873, 520.602483052637, 512.9306848665003, 503.5150457798471, 493.27061878149226, 482.9345137263044, 471.4829225345891, 461.01272925463076, 452.2789134570926, 451.01929234276855, 444.9058233013565, 438.2229541219091, 432.4654613643502, 426.61602643748034, 422.0165572813231, 417.4367922657695, 413.0115585144722, 409.5244605363904, 406.78717250014483, 405.8032019233365, 402.3442017086113, 398.6559747062431, 396.3881764655025, 393.2811704335031, 384.10542475733496, 382.56681611001346, 373.2644618680809, 370.3055751487838, 372.18847760797144, 373.25210107213127, 371.7924873086754, 366.074703613033, 362.5924513238022, 361.0498558844932], "vMond": [239.41362070677758, 369.27785441013486, 425.4180790104037, 469.63123632477374, 508.7254244865294, 540.8571010965751, 558.3166130366541, 555.2942504057515, 557.8008229543782, 557.176020415738, 554.7422489593771, 550.4155578661164, 544.4427851524595, 537.6610419445648, 530.7531701892559, 522.7471493927185, 515.6049716690409, 509.94854725556746, 509.1823714247777, 505.5605306465984, 501.80579511738244, 498.7082038956768, 495.56625462443026, 493.45543644975123, 491.2866150412854, 489.19732557976226, 487.9353804309036, 486.8021230415296, 486.4045427251984, 485.07317380356733, 483.6762962294057, 483.0672980170201, 482.09009940565005, 479.88222498681085, 479.7097725441706, 479.59510755984945, 483.0546414881414, 486.76312541979667, 486.4894046951323, 482.8062680867093, 477.16478452292614, 473.9507535259702, 471.4395384328804], "vGas": [-2.62, -3.79, -4.87, -5.72, -6.31, -6.65, -6.69, -6.41, -6.08, -5.72, -4.34, 0.84, 5.14, 7.67, 9.9, 12.08, 14.21, 16.44, 16.75, 18.67, 20.8, 22.73, 24.56, 26.28, 27.91, 29.33, 30.55, 31.16, 31.36, 32.17, 33.08, 34.0, 35.01, 39.99, 41.0, 52.47, 66.17, 76.32, 79.67, 78.35, 74.49, 72.76, 70.63], "vDisk": [11.2, 21.14, 30.05, 38.06, 45.23, 51.92, 58.41, 63.99, 66.97, 69.15, 74.09, 78.64, 83.02, 87.31, 90.63, 91.17, 91.98, 93.75, 94.14, 96.53, 99.17, 101.39, 103.08, 105.18, 106.86, 108.2, 109.65, 110.49, 110.78, 111.77, 112.69, 113.45, 114.16, 115.88, 116.15, 115.82, 112.66, 108.18, 102.95, 97.69, 92.71, 88.3, 85.07], "vBulge": [123.59, 191.42, 218.87, 240.05, 258.74, 273.65, 280.2, 275.3, 274.94, 273.2, 268.56, 262.81, 255.92, 248.41, 241.01, 233.88, 227.13, 220.9, 219.93, 214.9, 209.22, 204.19, 199.24, 194.76, 190.42, 186.31, 182.7, 180.08, 179.14, 175.79, 172.23, 169.76, 166.6, 156.1, 154.24, 139.51, 127.33, 118.11, 110.4, 104.04, 98.67, 94.06, 90.15]}