{"id": "UGC02259", "radiusKpc": [1.02, 2.04, 3.05, 4.07, 5.09, 6.11, 7.13, 8.14], "vObs": [56.1, 71.1, 80.7, 82.8, 83.7, 86.0, 88.3, 90.0], "vObsErr": [3.4, 3.0, 1.5, 1.5, 1.5, 1.5, 2.3, 3.0], "vAcm": [24.277437108661086, 35.003388301485494, 45.33384982669901, 57.99966017961539, 63.57559056303914, 66.97602312310804, 79.68523401159983, 87.11716597779835], "vMond": [38.067337305572664, 55.38560502955784, 65.63322299507114, 72.85966711918485, 75.03214599857492, 78.18484226315132, 80.48000724015235, 80.06901854174963], "vGas": [4.05, 7.98, 14.47, 19.07, 21.9, 24.6, 26.68, 25.72], "vDisk": [24.58, 36.06, 40.35, 42.21, 39.32, 37.93, 36.09, 33.53], "vBulge": [0.0, 0.0, 0.0, 0.0, 0.0, 0.0, 0.0, 0.0]}