{"id": "UGC06614", "radiusKpc": [3.23, 9.18, 10.64, 11.58, 12.52, 13.57, 15.76, 24.94, 26.3, 34.96, 36.84, 47.38, 64.59], "vObs": [194.0, 172.0, 170.0, 170.0, 171.0, 172.0, 174.0, 193.0, 194.0, 201.0, 202.0, 205.0, 204.0], "vObsErr": [16.7, 8.1, 10.7, 6.8, 6.8, 12.1, 19.6, 23.2, 23.0, 7.2, 17.1, 16.0, 16.0], "vAcm": [333.01877136212937, 269.2662068377403, 261.6607038070251, 258.7804694522049, 257.85877023928515, 261.4825345419589, 264.77060371048555, 249.94395983738855, 248.90270093343017, 267.9208701726172, 271.1539253799764, 301.7048630784543, 343.9581021631681], "vMond": [348.79611391674734, 315.6221219153262, 313.70108856463617, 314.9845554361656, 318.3389871927911, 326.0539547164567, 333.03641915151354, 318.1515747759966, 316.09335563009995, 310.02517325856604, 308.7212050477804, 311.53604331292246, 316.3548798774942], "vGas": [-7.97, -15.63, -16.24, -16.14, -16.04, -16.04, -15.53, 18.69, 21.04, 34.22, 37.39, 54.35, 61.29], "vDisk": [37.15, 83.53, 92.09, 99.29, 107.74, 120.8, 131.65, 111.71, 108.26, 92.64, 88.8, 75.25, 63.17], "vBulge": [248.5, 176.71, 164.32, 157.52, 151.54, 145.51, 135.02, 107.35, 104.53, 90.67, 88.32, 77.88, 66.7]}