{"id": "UGC02953", "radiusKpc": [0.09, 0.17, 0.26, 0.34, 0.43, 0.51, 0.6, 0.69, 0.77, 0.86, 0.95, 1.03, 1.11, 1.2, 1.29, 1.38, 1.46, 1.55, 1.63, 1.72, 1.8, 1.89, 1.98, 2.07, 2.15, 2.23, 2.32, 2.4, 2.49, 2.58, 2.67, 2.75, 2.83, 2.92, 3.0, 3.09, 3.18, 3.27, 3.35, 3.43, 4.21, 4.29, 4.38, 4.47, 4.8, 5.25, 5.32, 5.41, 5.5, 5.58, 5.67, 5.76, 6.0, 6.18, 6.27, 6.36, 6.45, 6.53, 6.61, 6.7, 6.79, 6.87, 6.96, 7.05, 7.2, 7.39, 7.47, 7.99, 8.08, 8.16, 8.25, 8.34, 8.4, 9.59, 10.8, 12.02, 13.22, 14.42, 15.63, 16.83, 18.03, 19.23, 20.43, 21.64, 22.84, 24.04, 25.24, 26.44, 27.65, 28.85, 30.05, 31.25, 32.34, 33.55, 34.75, 35.95, 37.15, 38.35, 39.56, 40.76, 41.96, 43.16, 44.36, 45.57, 46.77, 47.97, 49.17, 50.37, 51.58, 52.78, 53.98, 55.18, 57.59, 59.99, 62.39], "vObs": [231.0, 231.0, 231.0, 231.0, 232.0, 232.0, 232.0, 232.0, 233.0, 233.0, 234.0, 235.0, 235.0, 236.0, 237.0, 238.0, 238.0, 239.0, 240.0, 241.0, 242.0, 243.0, 244.0, 246.0, 247.0, 248.0, 249.0, 251.0, 252.0, 253.0, 254.0, 256.0, 257.0, 259.0, 260.0, 262.0, 263.0, 264.0, 266.0, 267.0, 280.0, 282.0, 283.0, 285.0, 290.0, 296.0, 298.0, 299.0, 300.0, 301.0, 302.0, 303.0, 306.0, 307.0, 308.0, 309.0, 310.0, 310.0, 311.0, 312.0, 312.0, 313.0, 313.0, 314.0, 315.0, 316.0, 316.0, 318.0, 318.0, 318.0, 319.0, 319.0, 319.0, 319.0, 317.0, 312.0, 308.0, 303.0, 298.0, 296.0, 294.0, 294.0, 294.0, 292.0, 290.0, 287.0, 283.0, 279.0, 276.0, 273.0, 271.0, 270.0, 268.0, 267.0, 266.0, 265.0, 264.0, 264.0, 264.0, 264.0, 264.0, 264.0, 262.0, 260.0, 258.0, 257.0, 258.0, 260.0, 263.0, 265.0, 266.0, 266.0, 262.0, 263.0, 272.0], "vObsErr": [52.9, 27.9, 16.4, 11.9, 8.04, 6.53, 4.75, 4.0, 5.69, 4.83, 10.8, 10.3, 10.6, 10.2, 10.6, 14.2, 14.1, 19.6, 17.8, 7.14, 11.9, 10.9, 17.6, 11.4, 12.9, 15.4, 17.6, 24.0, 10.1, 12.0, 6.34, 6.22, 5.6, 8.73, 5.19, 11.0, 16.0, 13.1, 11.8, 12.7, 5.52, 2.35, 5.1, 4.61, 10.8, 2.85, 1.92, 4.29, 4.92, 2.24, 4.59, 5.07, 7.89, 4.41, 3.2, 6.66, 5.83, 3.83, 2.41, 1.25, 3.61, 13.8, 4.58, 3.05, 1.38, 0.75, 8.57, 1.36, 16.0, 5.5, 2.94, 1.74, 2.2, 3.23, 4.08, 2.62, 0.76, 1.86, 1.34, 1.41, 1.15, 0.59, 0.5, 1.21, 1.21, 0.81, 1.08, 1.87, 1.55, 1.9, 1.12, 1.41, 1.76, 1.81, 2.18, 3.01, 2.04, 1.58, 3.23, 2.94, 1.62, 2.15, 4.45, 7.43, 7.22, 5.37, 5.43, 6.47, 5.75, 5.54, 4.43, 4.71, 5.28, 4.7, 5.04], "vAcm": [111.78420883165037, 214.0720502204328, 283.6030318530763, 314.26183657191086, 333.4837113785795, 345.4076589309786, 356.7389081169135, 365.6563045851235, 372.5220409625455, 378.6777473272167, 384.1420663036976, 389.73169071855625, 394.2887259948949, 399.8972789348763, 405.03356332049384, 409.5088113483272, 412.77463505585865, 415.75811794227525, 417.94364089236643, 419.90345620861757, 421.37237225342324, 422.66968916001633, 423.7088123707502, 424.6035770438775, 425.32090190013673, 426.0125370055478, 426.8044072611599, 427.5570924134056, 428.53141291648996, 429.7699128505062, 431.3694261188412, 433.05854753393214, 435.00483607652137, 437.48760003406437, 439.73760557612553, 442.2340855887107, 444.4926530552379, 446.5400639687827, 448.1775540269013, 449.6095120134442, 457.3545111006849, 457.9029258691602, 458.3448455720062, 458.81951206380836, 460.1184352968345, 462.6681359855254, 463.09821540349145, 463.5080201422358, 463.78420081161147, 463.8528677399789, 463.5583013194735, 463.5440830082053, 463.3914504007588, 463.04472604884256, 462.88261135412654, 462.7781459992925, 462.7460499066245, 462.7734706364435, 462.92215604233104, 463.25885287940895, 463.7777461168873, 463.75610945992986, 464.2227660487254, 464.6084650446764, 464.87805561294635, 464.3756713117568, 463.7690382939463, 459.11383102821634, 458.53652591336623, 457.9566690276175, 457.77403202460044, 457.5838924977739, 457.42648330447884, 450.6660864633087, 441.92137497979456, 438.9548416919546, 434.4341677976959, 424.41249771141344, 407.98854245093656, 391.322977512409, 380.327252392738, 371.08872720242573, 362.3402094677231, 354.3657354188097, 346.9162249622343, 339.44909268178276, 331.7215521963486, 324.47456593080926, 318.3850996647884, 313.08703946567306, 308.28074968434197, 304.51071520205284, 301.8490015723985, 299.5567554525119, 297.2676083870558, 294.72796913488787, 292.17004646392536, 289.85754286318326, 287.8664433241427, 286.7446077742784, 286.16774445413114, 285.3456040704563, 283.9439701499476, 282.92941168579756, 282.7702162142288, 282.60036761949675, 281.93914455257584, 281.2835775231659, 281.43109884113574, 281.49125426863293, 280.7223704817586, 279.84464906013557, 279.6635688707471, 278.50074987444845, 277.47377581854124], "vMond": [114.17293237475741, 216.50226437070432, 286.4255769354545, 317.5922187384878, 337.4454420337511, 349.9352969972723, 361.8849198912389, 371.41653944609067, 378.8188139894198, 385.5794445118796, 391.6394776506983, 397.72939864646804, 402.7912011494446, 408.94240744676955, 414.6142988278549, 419.625079635295, 423.3713552701181, 426.9005131115649, 429.5741430842886, 432.0878501115376, 434.05050429071576, 435.9076477237524, 437.5082478985457, 438.9657642036439, 440.18346108454017, 441.37457702800384, 442.72610170591486, 443.97299928897894, 445.49697454228595, 447.2734337863781, 449.3947710188681, 451.53429785983093, 453.91722295181097, 456.87408736576015, 459.536388944563, 462.49234418424686, 465.2107188140213, 467.7170888639287, 469.76235333089465, 471.60319694890165, 483.3013213262475, 484.25145600757486, 485.1526010792077, 486.0836186029744, 489.06966415533896, 493.8266123979126, 494.5906363630461, 495.4338808479204, 496.14767912255513, 496.6127848028687, 496.7818936485842, 497.21743722023103, 498.2739647990756, 498.8457100895198, 499.1419557245333, 499.4915648759703, 499.907599846499, 500.3280102402898, 500.86043531640814, 501.6139790863475, 502.5386082407442, 502.89809609952044, 503.76174624440523, 504.54365225975727, 505.4820371556973, 505.8560963296145, 505.63717169990343, 503.5606588509827, 503.4206410958545, 503.23452329938175, 503.46697992087525, 503.69104327788716, 503.81093535713006, 502.53310155190843, 499.33401317054637, 501.09406557253806, 500.3621816062544, 494.0872326578092, 482.1590459315008, 470.26980594179855, 463.2271360162462, 456.9354808458167, 450.5765396777457, 444.7114210273287, 439.2712464862391, 434.0135697080707, 428.9230319227333, 424.2841036477519, 420.23288863565824, 416.5975079468633, 413.307547525815, 410.4989805758358, 408.27498158292184, 406.060759520181, 403.910426390136, 401.81406333907415, 399.85034043170657, 398.08805189844503, 396.5278274408893, 395.2573679761219, 394.0447312418037, 392.78402022242926, 391.5510725918415, 390.5435905296389, 389.6554372359644, 388.70981824663215, 387.76563146064035, 386.92077073168974, 386.1721920015702, 385.28497741785503, 384.386086841939, 383.5759602015697, 382.2118072637672, 380.6513288339102, 379.367578150737], "vGas": [-0.75, -0.9, -0.97, -1.0, -1.04, -1.11, -1.21, -1.34, -1.48, -1.64, -1.82, -2.0, -2.17, -2.35, -2.54, -2.73, -2.94, -3.15, -3.37, -3.59, -3.81, -4.02, -4.24, -4.48, -4.72, -4.99, -5.25, -5.52, -5.8, -6.06, -6.31, -6.56, -6.82, -7.07, -7.31, -7.55, -7.78, -8.0, -8.21, -8.4, -9.93, -10.07, -10.2, -10.32, -10.66, -10.87, -10.98, -10.98, -10.87, -10.87, -10.87, -10.77, -10.56, -10.25, -10.11, -9.94, -9.76, -9.58, -9.37, -9.15, -8.91, -8.64, -8.36, -8.05, -7.43, -6.59, -6.16, -2.38, -0.67, 2.0, 2.92, 3.49, 3.85, 7.94, 12.02, 17.77, 22.79, 24.88, 24.46, 24.25, 25.92, 28.33, 31.05, 33.56, 34.91, 34.6, 32.72, 31.05, 30.52, 30.21, 30.0, 30.73, 31.88, 33.03, 33.45, 33.24, 32.93, 32.82, 33.03, 33.76, 34.29, 34.29, 34.08, 34.39, 34.81, 34.81, 34.6, 34.6, 34.6, 34.18, 33.56, 33.14, 32.72, 31.36, 30.52],