{"id": "UGC05005", "radiusKpc": [0.78, 2.34, 3.91, 5.47, 7.04, 8.6, 10.17, 17.97, 21.07, 22.72, 28.61], "vObs": [14.5, 32.6, 48.6, 58.1, 65.9, 72.5, 78.6, 97.1, 99.4, 100.0, 99.1], "vObsErr": [8.1, 26.8, 11.3, 6.1, 8.71, 12.2, 28.4, 10.0, 10.0, 10.0, 10.0], "vAcm": [25.720422960963994, 46.61275362353375, 60.38401551966957, 87.02723237606645, 100.8209259164918, 109.34206234107346, 120.96707398692176, 177.5866182989156, 194.4429937578489, 199.30253421221943, 215.0435297691926], "vMond": [40.944982814182374, 74.93156438672817, 99.67690750922843, 114.56919570873318, 121.85996058497088, 129.03404434002678, 134.46485828223697, 152.2456946010367, 156.08857655004283, 157.98694293636004, 165.37493156834154], "vGas": [3.09, 8.01, 11.69, 14.84, 17.28, 20.43, 23.88, 35.26, 36.58, 37.09, 39.02], "vDisk": [15.78, 29.57, 39.92, 44.43, 44.27, 44.23, 42.94, 33.89, 30.93, 29.59, 25.82], "vBulge": [0.0, 0.0, 0.0, 0.0, 0.0, 0.0, 0.0, 0.0, 0.0, 0.0, 0.0]}