{"id": "UGC05721", "radiusKpc": [0.09, 0.27, 0.45, 0.63, 0.81, 0.99, 1.17, 1.35, 1.53, 1.71, 1.89, 2.07, 2.25, 2.67, 3.15, 3.61, 4.04, 4.49, 4.93, 5.38, 5.86, 6.28, 6.74], "vObs": [16.5, 38.5, 47.4, 55.5, 56.4, 59.8, 67.8, 76.4, 81.2, 82.2, 82.6, 82.3, 82.1, 81.4, 79.3, 78.5, 78.2, 78.1, 78.2, 78.3, 78.6, 78.9, 79.5], "vObsErr": [4.57, 6.88, 4.57, 4.57, 5.45, 4.57, 4.57, 4.57, 4.57, 19.2, 4.57, 4.57, 4.57, 4.57, 4.57, 4.57, 4.57, 4.57, 4.57, 4.57, 4.57, 4.57, 4.57], "vAcm": [16.689115149251357, 32.24246106972228, 40.90899748943538, 45.32542482537883, 47.12672493934298, 47.765031421058225, 49.06358051808613, 49.176774273539706, 49.46531358332799, 50.17826219677773, 50.91368059303735, 50.538614543621165, 49.62656234234107, 47.38282458636794, 48.77901966158775, 50.197347557785726, 49.444699040899124, 46.466837931674725, 45.79413478370353, 51.45646376975307, 57.75332800777229, 59.167329682830264, 59.551100480816444], "vMond": [21.27897726297147, 40.0507066334654, 50.66909470762658, 56.403965354601056, 59.47318519851118, 61.43886828567599, 63.93101117671062, 64.96344793834196, 65.87305641169968, 66.58991046363717, 66.6357551857178, 65.4257341685944, 64.08235256229835, 63.90684882369208, 64.73978594255213, 64.89371070966094, 65.2356625245699, 66.33949740937183, 68.14840954128822, 69.81851158402176, 70.62592833683537, 70.99850941084618, 71.60196673939964], "vGas": [1.23, 3.67, 5.99, 8.14, 10.08, 11.72, 13.25, 15.37, 18.44, 21.32, 22.09, 20.36, 17.96, 18.44, 20.36, 20.55, 20.74, 21.71, 23.34, 24.59, 24.78, 24.59, 24.59], "vDisk": [16.63, 32.22, 40.27, 43.48, 44.07, 43.71, 44.14, 42.83, 40.98, 38.82, 36.95, 35.17, 33.75, 30.81, 27.99, 25.88, 24.31, 22.96, 21.83, 20.85, 19.94, 19.24, 18.55], "vBulge": [0.0, 0.0, 0.0, 0.0, 0.0, 0.0, 0.0, 0.0, 0.0, 0.0, 0.0, 0.0, 0.0, 0.0, 0.0, 0.0, 0.0, 0.0, 0.0, 0.0, 0.0, 0.0, 0.0]}