{"id": "UGC03546", "radiusKpc": [0.63, 0.79, 0.95, 1.11, 1.27, 1.43, 1.59, 1.9, 2.06, 2.22, 2.38, 2.79, 2.86, 3.02, 4.17, 5.56, 6.96, 8.35, 9.73, 11.14, 12.51, 13.88, 15.35, 16.72, 18.08, 19.45, 20.92, 22.92, 25.02, 29.23], "vObs": [262.0, 250.0, 241.0, 234.0, 228.0, 225.0, 222.0, 221.0, 221.0, 222.0, 222.0, 221.0, 221.0, 220.0, 205.0, 190.0, 190.0, 198.0, 204.0, 204.0, 201.0, 203.0, 202.0, 198.0, 195.0, 194.0, 192.0, 190.0, 191.0, 193.0], "vObsErr": [73.6, 55.5, 42.9, 31.9, 28.8, 24.2, 12.2, 6.34, 12.2, 16.9, 26.0, 13.1, 11.8, 22.9, 8.45, 13.3, 8.87, 3.19, 2.56, 1.09, 0.57, 0.75, 0.89, 1.58, 1.5, 2.16, 6.21, 3.14, 14.6, 18.6], "vAcm": [417.85765554316595, 398.41006763463133, 380.30633265071424, 364.43590358126556, 351.6698429687738, 340.82607773331506, 332.4809130823033, 322.00961552305955, 318.8310539023326, 316.6184534441622, 315.1341996694533, 311.07796697491153, 310.3010582799977, 308.29049569182405, 286.3427560875535, 258.45381233470204, 243.3711494964506, 233.22942183027288, 229.76648581802493, 225.68788149129801, 222.55427533148082, 221.56192207228236, 222.63856222072943, 223.1048918815452, 221.89007806724902, 219.82454523101083, 217.42610161519545, 213.53966923082686, 209.99838908537146, 206.7977098302411], "vMond": [420.1840774746312, 401.47747851760226, 384.1806774005768, 369.1714950112173, 357.29890237937195, 347.38250390359406, 339.97638001720225, 331.3073232589137, 329.02124955948625, 327.66985036795836, 327.01827170229654, 325.05083171749845, 324.6225233721494, 323.4065857396188, 307.6239535210206, 287.3432299755316, 278.9533288666091, 274.8277019788705, 274.98689279513803, 270.43941447928955, 266.7226857064839, 265.0585537948955, 263.85951229347677, 261.0696165285556, 257.4934546090999, 253.67736191062198, 249.72776474535, 244.79029383536144, 241.07862842432803, 235.8549046693772], "vGas": [-0.79, -0.85, -0.88, -0.87, -0.8, -0.68, -0.44, 0.78, 1.08, 1.32, 1.56, 2.09, 2.18, 2.37, 2.86, -1.54, -5.89, -6.18, 5.96, 14.87, 22.04, 28.09, 32.2, 34.45, 34.96, 34.55, 33.63, 31.78, 29.63, 26.35], "vDisk": [82.82, 98.9, 113.48, 126.74, 138.83, 149.76, 159.73, 176.94, 185.04, 192.44, 199.32, 211.11, 212.46, 214.79, 211.54, 194.36, 186.95, 182.36, 181.71, 174.04, 166.83, 161.75, 157.11, 151.02, 144.44, 137.88, 131.28, 123.21, 116.76, 106.8], "vBulge": [389.26, 366.12, 343.54, 322.48, 303.96, 286.96, 272.22, 249.03, 239.17, 230.43, 222.52, 205.57, 203.04, 197.59, 168.15, 145.62, 130.15, 118.83, 110.08, 102.88, 97.08, 92.17, 87.64, 83.97, 80.75, 77.86, 75.07, 71.72, 68.65, 63.51]}