{"id": "UGC05716", "radiusKpc": [1.03, 2.07, 3.09, 4.13, 5.16, 6.2, 7.23, 8.26, 9.28, 10.34, 11.4, 12.37], "vObs": [39.15, 49.15, 55.05, 59.35, 63.85, 68.2, 71.7, 73.5, 73.15, 72.5, 73.0, 74.7], "vObsErr": [4.06, 1.65, 0.6, 0.41, 0.46, 0.86, 1.07, 1.07, 1.0, 0.74, 1.07, 2.09], "vAcm": [31.4892868053744, 46.57813462493137, 53.12644744923369, 54.04335219638255, 54.05541204648035, 52.55031120182486, 53.623590198774245, 60.3156646172329, 69.55105225273407, 80.21094473714983, 89.86115424714424, 94.52221855630158], "vMond": [45.72318023126507, 61.65051078766726, 67.8674235673593, 72.55226958019752, 77.45330010418657, 81.67980245740263, 86.51894991122559, 90.81269597364773, 93.96558615847037, 96.13594228177637, 96.99542742746571, 96.67534749845447], "vGas": [3.65, 7.45, 11.19, 14.76, 18.24, 21.81, 25.2, 27.64, 28.96, 29.43, 28.96, 27.83], "vDisk": [21.66, 27.59, 26.88, 25.3, 24.0, 21.76, 19.92, 18.42, 17.21, 16.16, 15.29, 14.6], "vBulge": [0.0, 0.0, 0.0, 0.0, 0.0, 0.0, 0.0, 0.0, 0.0, 0.0, 0.0, 0.0]}