{"id": "UGC06983", "radiusKpc": [1.74, 2.61, 3.5, 4.37, 5.24, 6.11, 6.98, 7.85, 8.72, 9.6, 10.47, 11.35, 12.19, 13.12, 13.94, 14.86, 15.68], "vObs": [56.9, 87.4, 92.1, 93.5, 98.2, 99.7, 102.0, 107.0, 108.0, 110.0, 113.0, 110.0, 108.0, 109.0, 108.0, 108.0, 109.0], "vObsErr": [6.6, 4.8, 5.7, 5.2, 4.4, 4.4, 3.5, 4.4, 4.4, 4.4, 4.4, 5.2, 5.7, 8.6, 9.8, 9.8, 12.3], "vAcm": [76.23030376901731, 86.97570465331971, 89.04190566025014, 89.4046696866862, 90.39920210854571, 89.39603097114268, 90.3417268103789, 97.35765531711534, 101.91013423111232, 101.69677844469554, 104.48801423017062, 111.91380914182274, 118.62039528407203, 126.0645391366405, 131.08547342499162, 134.7110174918199, 136.85241651593967], "vMond": [95.04262507770372, 108.29965065486284, 111.74422590285802, 114.80469184642722, 119.3544201532794, 122.48106032653713, 127.54998729054832, 133.34858244634697, 135.1304173624225, 137.01050332609975, 140.9431974083317, 143.45866014624968, 144.65714289594018, 145.9617437186326, 145.85085591061974, 145.60504634709807, 145.34169228537002], "vGas": [0.0, 0.0, 0.0, 8.69, 16.6, 18.86, 23.82, 29.74, 30.17, 31.9, 35.89, 38.26, 39.33, 40.63, 40.95, 40.63, 40.09], "vDisk": [57.53, 63.17, 61.1, 59.01, 57.64, 56.44, 56.03, 55.57, 54.32, 52.55, 51.23, 49.57, 47.76, 45.68, 43.38, 41.42, 39.99], "vBulge": [0.0, 0.0, 0.0, 0.0, 0.0, 0.0, 0.0, 0.0, 0.0, 0.0, 0.0, 0.0, 0.0, 0.0, 0.0, 0.0, 0.0]}