{"id": "UGC07603", "radiusKpc": [0.34, 0.68, 1.02, 1.37, 1.71, 2.05, 2.39, 2.74, 3.08, 3.42, 3.76, 4.11], "vObs": [19.6, 32.5, 41.9, 50.6, 57.0, 60.5, 60.5, 60.0, 61.5, 61.5, 63.0, 64.0], "vObsErr": [2.89, 2.89, 2.89, 2.89, 2.89, 2.89, 2.89, 2.89, 2.89, 2.89, 2.89, 2.89], "vAcm": [20.859881609216973, 31.51971219821245, 37.85819808474682, 40.39006704773336, 44.65528836333606, 50.18156984603114, 54.162736064193616, 55.399984791987784, 54.548673915065514, 54.337533960366024, 56.562726050147205, 59.17145506766638], "vMond": [31.117613666895576, 44.12207694341819, 51.082052512888424, 55.113702198665365, 59.38560977923069, 61.23993324654251, 61.31833423926197, 60.527992546900386, 60.26091220201477, 60.75098172624452, 61.32841334851617, 61.61435777725444], "vGas": [4.29, 6.17, 5.94, 8.81, 15.21, 17.87, 17.46, 15.96, 15.55, 16.29, 16.96, 17.21], "vDisk": [19.73, 28.0, 31.57, 31.98, 31.44, 29.65, 27.89, 26.14, 24.58, 23.19, 21.99, 20.84], "vBulge": [0.0, 0.0, 0.0, 0.0, 0.0, 0.0, 0.0, 0.0, 0.0, 0.0, 0.0, 0.0]}