{"id": "UGC09133", "radiusKpc": [0.32, 0.63, 0.95, 1.26, 1.58, 1.89, 2.21, 2.52, 2.84, 3.15, 3.47, 3.79, 4.1, 4.42, 4.73, 5.05, 5.36, 5.68, 5.99, 6.31, 6.62, 6.94, 7.57, 7.89, 8.2, 8.31, 8.52, 8.83, 9.15, 9.78, 10.1, 11.04, 11.36, 11.67, 13.57, 13.88, 14.2, 16.61, 19.35, 22.19, 24.92, 27.66, 30.5, 33.23, 35.96, 38.8, 41.54, 44.27, 47.11, 49.84, 52.58, 55.42, 58.15, 60.89, 63.62, 66.46, 69.19, 71.93, 74.77, 77.5, 80.23, 83.07, 85.81, 88.54, 91.38, 94.12, 99.69, 108.31], "vObs": [284.0, 282.0, 281.0, 280.0, 280.0, 279.0, 279.0, 279.0, 279.0, 279.0, 279.0, 279.0, 280.0, 280.0, 280.0, 281.0, 282.0, 282.0, 283.0, 284.0, 284.0, 285.0, 286.0, 287.0, 287.0, 288.0, 288.0, 288.0, 288.0, 289.0, 289.0, 288.0, 288.0, 288.0, 285.0, 284.0, 284.0, 278.0, 273.0, 269.0, 265.0, 262.0, 257.0, 252.0, 247.0, 242.0, 238.0, 235.0, 236.0, 239.0, 242.0, 245.0, 247.0, 246.0, 243.0, 239.0, 234.0, 230.0, 228.0, 228.0, 227.0, 226.0, 224.0, 222.0, 222.0, 224.0, 227.0, 229.0], "vObsErr": [34.7, 18.8, 12.6, 10.6, 10.8, 7.67, 11.2, 4.45, 5.03, 4.26, 4.14, 5.73, 4.52, 4.86, 1.59, 1.85, 4.81, 20.3, 12.8, 8.08, 7.81, 10.4, 6.82, 13.4, 10.5, 2.93, 5.58, 5.74, 7.0, 12.7, 3.89, 5.02, 3.39, 10.7, 4.07, 8.92, 5.69, 9.14, 6.1, 2.26, 1.32, 3.15, 4.71, 4.96, 2.58, 2.52, 2.3, 0.63, 1.4, 2.07, 2.63, 1.64, 1.31, 2.14, 4.0, 4.67, 5.12, 2.1, 1.32, 1.6, 3.16, 3.48, 3.71, 1.49, 1.18, 1.22, 2.8, 4.12], "vAcm": [184.14562363195904, 284.5964428534361, 315.5569118058185, 325.653863562554, 330.0246901613479, 330.12798486127514, 329.16967504683055, 327.52214153444777, 325.6521011092592, 325.1512360947387, 326.8861094367988, 328.7351956477264, 329.72595172312367, 329.6697070067049, 328.4289326092798, 326.1240372559034, 323.3968144849021, 320.6257921402429, 318.2499600297807, 316.2871785300862, 315.20893801105166, 314.5963457897025, 313.28536200349413, 311.73186572049957, 309.5180396508127, 308.7842700288155, 307.5977468820568, 306.2660016795405, 304.79661021487, 300.9466717127168, 298.43832818279583, 290.87455116124124, 288.4814131292396, 286.32256845357597, 275.96118565650175, 274.19545838077613, 272.66757617377823, 261.75708974121653, 252.89367550393246, 243.2910310686928, 237.5032910305512, 233.24938777363792, 229.20582110432576, 225.68391671605212, 221.37522935351234, 216.85248097506957, 213.21468357721852, 210.6871643554665, 209.9486115841318, 210.29512691768971, 209.22691597526963, 207.1565876613013, 205.71897102205043, 207.9348626548263, 210.82540407523243, 212.12965434829965, 212.258147082071, 211.94290005369106, 211.5390370723935, 212.29139562233024, 214.3801384598804, 217.0601596884818, 219.8788839455201, 221.8985292154282, 222.8176935810705, 222.96417710225745, 225.1417495918876, 229.74749692123197], "vMond": [186.74283629452654, 287.91667637972597, 320.0243733956412, 331.32577797524453, 336.95751084148634, 338.3226530254709, 338.6777426832485, 338.3186747926148, 337.78605990590694, 338.5391177509238, 341.47793268212246, 344.49723880717374, 346.6210442478386, 347.74916250475076, 347.6806561147186, 346.61385596320923, 345.10094068991447, 343.57701268596077, 342.3915436115795, 341.6277779832863, 341.6583952052899, 342.1464439074038, 342.9451832080996, 342.4808042367683, 341.34632546225293, 340.98921297651475, 340.50399486041084, 340.1693070173448, 339.71951288857156, 337.8808563901674, 336.4031448146653, 331.8207198340736, 330.4177335440415, 329.20195274889284, 324.2515093449258, 323.3378700968864, 322.6597565335321, 317.5938959244443, 314.1076892640685, 308.97191210842607, 306.603132000925, 304.47361720117306, 302.0356293475657, 299.4254808600378, 296.03611138902426, 292.7071582902541, 290.0236718571087, 287.93561749402687, 286.46420370086827, 285.0629890608431, 283.2066042799539, 281.7297022852216, 281.06660811958744, 281.06998223902866, 280.4665849127625, 279.65379151957745, 278.8624960340091, 278.2848054921618, 277.94849206740736, 277.90640008622967, 277.87327042059775, 277.75422857466515, 277.51265785938904, 277.09329686935615, 276.6426342396014, 276.2722854807541, 275.962615903416, 275.0600922906407], "vGas": [-3.24, -2.41, -0.21, 2.45, 3.54, 4.4, 5.23, 6.01, 6.75, 7.48, 8.19, 8.9, 9.6, 10.25, 10.97, 11.69, 12.31, 13.02, 13.74, 14.46, 15.07, 15.79, 17.23, 17.95, 18.77, 18.97, 19.59, 20.3, 21.12, 22.56, 23.18, 25.23, 25.74, 26.35, 29.02, 29.38, 29.84, 32.61, 35.69, 39.89, 44.61, 49.22, 51.48, 51.89, 50.25, 48.3, 47.17, 47.68, 49.73, 50.56, 49.43, 49.12, 50.56, 53.22, 53.84, 53.63, 53.12, 53.02, 53.32, 54.04, 54.66, 54.96, 54.86, 54.35, 53.73, 53.22, 52.91, 51.38], "vDisk": [26.79, 50.47, 72.14, 90.82, 108.12, 123.29, 137.43, 149.84, 161.33, 171.56, 181.11, 189.8, 197.34, 204.41, 210.6, 215.35, 218.91, 222.04, 224.98, 228.22, 231.93, 235.94, 242.45, 243.91, 244.06, 244.14, 244.43, 245.34, 245.9, 245.25, 244.0, 239.18, 237.64, 236.26, 230.28, 229.01, 228.03, 219.86, 212.46, 201.82, 194.49, 187.22, 179.93, 173.14, 166.11, 159.33, 153.43, 147.95, 142.73, 138.21, 133.98, 129.96, 126.43, 123.2, 120.17, 117.27, 114.7, 112.26, 109.91, 107.81, 105.81, 103.86, 102.09, 100.4, 98.74, 97.22, 94.34, 90.37], "vBulge": [189.88, 292.13, 320.6, 326.59, 325.9, 320.4, 313.32, 305.5, 297.22, 290.7, 286.88, 283.42, 279.37, 274.03, 267.5, 260.4, 253.49, 246.69, 240.45, 234.35, 228.92, 223.68, 214.14, 209.75, 205.73, 204.35, 201.86, 198.26, 194.78, 188.37, 185.3, 177.32, 174.8, 172.47, 159.94, 158.15, 156.35, 144.57, 133.94, 125.08, 118.03, 112.03, 106.69, 102.21, 98.25, 94.59, 91.42, 88.55, 85.84, 83.46, 81.25, 79.14, 77.26, 75.51, 73.87, 72.27, 70.83, 69.47, 68.14, 66.93, 65.78, 64.64, 63.6, 62.62, 61.64, 60.73, 59.01, 56.61]}