{"id": "UGC02455", "radiusKpc": [0.5, 1.0, 1.51, 2.01, 2.52, 3.02, 3.52, 4.03], "vObs": [16.9, 23.9, 28.2, 33.0, 39.1, 43.8, 53.1, 61.0], "vObsErr": [3.64, 3.64, 3.64, 3.64, 3.64, 3.64, 3.64, 3.64], "vAcm": [55.33721553069666, 84.6943783626335, 106.4963808643239, 109.40069255720377, 111.35507390357566, 115.71718826191912, 118.99687870852257, 121.04899521547016], "vMond": [68.53205202486451, 104.76553545201534, 127.60952903261169, 131.70250792999903, 135.98816506160094, 139.61080501848156, 140.03109453269056, 139.73980876543862], "vGas": [2.1, 6.14, 11.02, 15.45, 19.59, 23.74, 27.22, 29.76], "vDisk": [41.15, 64.58, 77.99, 76.28, 75.05, 73.51, 69.5, 65.25], "vBulge": [0.0, 0.0, 0.0, 0.0, 0.0, 0.0, 0.0, 0.0]}