{"id": "UGC04278", "radiusKpc": [0.14, 0.42, 0.69, 0.97, 1.25, 1.52, 1.8, 2.07, 2.35, 2.63, 2.91, 3.19, 3.46, 3.74, 4.01, 4.29, 4.57, 4.85, 5.13, 5.4, 5.68, 5.86, 6.36, 6.51, 6.69], "vObs": [5.23, 15.4, 24.4, 32.1, 34.6, 37.9, 40.5, 43.0, 45.1, 45.6, 49.2, 50.3, 53.7, 58.0, 64.4, 67.5, 71.3, 75.6, 80.0, 82.8, 84.8, 86.3, 90.2, 91.3, 92.8], "vObsErr": [5.31, 7.78, 4.0, 4.0, 4.0, 4.0, 4.0, 4.0, 4.0, 4.0, 13.0, 4.0, 4.19, 7.53, 4.0, 4.0, 4.0, 4.0, 4.0, 4.0, 15.7, 16.8, 8.07, 4.0, 8.75], "vAcm": [10.022649232766508, 19.116442892875003, 25.782852895551898, 30.049377026481547, 32.6385818808088, 36.18626733624392, 41.00026517063192, 44.41946375081704, 46.034106558277045, 45.22207167736643, 43.225403412544686, 42.046921318070744, 43.32613489570736, 46.32622605593996, 49.31160704783815, 52.65930474382694, 54.33789544209389, 55.40374446304763, 64.20893164348992, 76.65148610450726, 86.01276249426941, 88.95672589286993, 86.52442857964527, 87.72248984829808, 89.74483447235191], "vMond": [10.539683434102196, 22.72046579041924, 32.94539005518344, 41.964038764298046, 48.79210067127496, 53.17717547729326, 56.38948735531503, 58.189397140270735, 59.54291281909194, 60.68359659144903, 62.60265200086161, 64.8365675758612, 67.08782627384211, 69.04762818701062, 70.42547926941003, 71.93877564823951, 72.86000727396299, 73.11525714875921, 75.80463420309226, 79.72587714801213, 84.61493970420076, 87.50870272469646, 95.81635248985212, 97.78366242757808, 97.65072755446838], "vGas": [-0.97, 0.23, 3.77, 5.25, 5.18, -5.25, -9.36, -9.36, -7.81, -5.6, -4.88, -6.06, -7.65, -8.9, -9.52, -10.37, -8.76, 1.41, 9.52, 17.13, 23.98, 27.31, 36.83, 39.02, 38.64], "vDisk": [4.32, 11.34, 17.59, 23.49, 27.96, 30.3, 30.65, 30.82, 31.07, 31.29, 31.96, 32.66, 33.34, 33.79, 33.93, 34.12, 34.51, 34.99, 35.27, 35.21, 35.26, 35.38, 34.91, 34.54, 34.02], "vBulge": [0.0, 0.0, 0.0, 0.0, 0.0, 0.0, 0.0, 0.0, 0.0, 0.0, 0.0, 0.0, 0.0, 0.0, 0.0, 0.0, 0.0, 0.0, 0.0, 0.0, 0.0, 0.0, 0.0, 0.0, 0.0]}