{"id": "UGC02916", "radiusKpc": [0.37, 0.74, 1.11, 1.48, 1.84, 2.21, 2.6, 2.96, 3.17, 3.33, 3.7, 4.07, 4.44, 4.81, 5.18, 5.55, 5.92, 6.28, 6.34, 6.65, 7.03, 7.39, 7.77, 8.14, 8.51, 8.88, 9.25, 9.52, 9.62, 9.99, 10.4, 10.71, 11.12, 12.67, 12.98, 15.86, 19.05, 22.14, 25.34, 28.53, 31.72, 34.91, 38.0], "vObs": [183.0, 196.0, 205.0, 211.0, 214.0, 214.0, 213.0, 211.0, 210.0, 209.0, 207.0, 206.0, 205.0, 205.0, 206.0, 207.0, 208.0, 210.0, 210.0, 212.0, 214.0, 215.0, 216.0, 217.0, 218.0, 218.0, 218.0, 218.0, 218.0, 217.0, 217.0, 216.0, 215.0, 212.0, 211.0, 209.0, 215.0, 215.0, 210.0, 196.0, 185.0, 182.0, 181.0], "vObsErr": [47.6, 40.7, 14.1, 7.89, 1.48, 1.5, 2.64, 4.5, 8.68, 3.0, 1.6, 1.73, 3.45, 2.77, 7.48, 5.02, 7.7, 1.95, 4.78, 1.96, 0.76, 2.22, 1.76, 1.53, 7.7, 6.86, 8.37, 3.93, 4.05, 20.2, 4.2, 3.16, 6.72, 1.82, 16.6, 8.38, 13.2, 13.9, 10.6, 12.8, 11.5, 10.8, 10.3], "vAcm": [230.6671563691496, 357.81623541957276, 410.6259821775493, 451.9535661938787, 488.68291705775215, 518.5859114450888, 533.4443103381969, 527.3660016861138, 528.2397408811913, 526.263849642477, 520.6205854308678, 512.9499524851619, 503.53521325313716, 493.291600386198, 482.95629293694367, 471.5056081117158, 461.0364765197263, 452.3038779044858, 451.04446987412103, 444.93213550165603, 438.25072016715393, 432.49459067545394, 426.64664442185773, 422.04873340404544, 417.4705343595175, 413.0468762537908, 409.56129603596105, 406.8251340276761, 405.84155674975347, 402.3840457892593, 398.6973671060472, 396.43073168443647, 393.325436646957, 384.15645463544456, 382.6193056873586, 373.33492103331656, 370.39852345717685, 372.3066059083645, 373.3839890697201, 371.9197378132968, 366.1859531108713, 362.69363548566315, 361.136412420955], "vMond": [239.41362070677758, 369.27785441013486, 425.4180790104037, 469.63123632477374, 508.7254244865294, 540.8571010965751, 558.3166130366541, 555.2942504057515, 557.8008229543782, 557.176020415738, 554.7422489593771, 550.4155578661164, 544.4427851524595, 537.6610419445648, 530.7531701892559, 522.7471493927185, 515.6049716690409, 509.94854725556746, 509.1823714247777, 505.5605306465984, 501.80579511738244, 498.7082038956768, 495.56625462443026, 493.45543644975123, 491.2866150412854, 489.19732557976226, 487.9353804309036, 486.8021230415296, 486.4045427251984, 485.07317380356733, 483.6762962294057, 483.0672980170201, 482.09009940565005, 479.88222498681085, 479.7097725441706, 479.59510755984945, 483.0546414881414, 486.76312541979667, 486.4894046951323, 482.8062680867093, 477.16478452292614, 473.9507535259702, 471.4395384328804], "vGas": [-2.62, -3.79, -4.87, -5.72, -6.31, -6.65, -6.69, -6.41, -6.08, -5.72, -4.34, 0.84, 5.14, 7.67, 9.9, 12.08, 14.21, 16.44, 16.75, 18.67, 20.8, 22.73, 24.56, 26.28, 27.91, 29.33, 30.55, 31.16, 31.36, 32.17, 33.08, 34.0, 35.01, 39.99, 41.0, 52.47, 66.17, 76.32, 79.67, 78.35, 74.49, 72.76, 70.63], "vDisk": [11.2, 21.14, 30.05, 38.06, 45.23, 51.92, 58.41, 63.99, 66.97, 69.15, 74.09, 78.64, 83.02, 87.31, 90.63, 91.17, 91.98, 93.75, 94.14, 96.53, 99.17, 101.39, 103.08, 105.18, 106.86, 108.2, 109.65, 110.49, 110.78, 111.77, 112.69, 113.45, 114.16, 115.88, 116.15, 115.82, 112.66, 108.18, 102.95, 97.69, 92.71, 88.3, 85.07], "vBulge": [123.59, 191.42, 218.87, 240.05, 258.74, 273.65, 280.2, 275.3, 274.94, 273.2, 268.56, 262.81, 255.92, 248.41, 241.01, 233.88, 227.13, 220.9, 219.93, 214.9, 209.22, 204.19, 199.24, 194.76, 190.42, 186.31, 182.7, 180.08, 179.14, 175.79, 172.23, 169.76, 166.6, 156.1, 154.24, 139.51, 127.33, 118.11, 110.4, 104.04, 98.67, 94.06, 90.15]}