{"id": "UGC08837", "radiusKpc": [0.52, 1.05, 1.57, 2.09, 2.63, 3.15, 3.68, 4.2], "vObs": [7.31, 14.6, 21.0, 28.1, 35.3, 43.0, 46.6, 48.0], "vObsErr": [2.12, 2.05, 2.05, 2.06, 2.5, 3.38, 3.15, 3.0], "vAcm": [13.60231401611324, 18.314751392439373, 30.815262684908152, 37.754985258060856, 35.35766134987519, 46.96737074852209, 52.62523588020401, 55.43954107766986], "vMond": [24.36833357717225, 35.19061689616376, 42.700617070943856, 52.68520272818439, 59.69450485871915, 64.21990096969783, 67.44796547034568, 70.50168670830861], "vGas": [-3.67, -4.64, 2.4, 12.6, 16.76, 17.12, 20.09, 22.95], "vDisk": [11.19, 16.58, 20.63, 23.82, 25.79, 27.83, 26.92, 25.81], "vBulge": [0.0, 0.0, 0.0, 0.0, 0.0, 0.0, 0.0, 0.0]}