{"id": "UGC07577", "radiusKpc": [0.19, 0.38, 0.57, 0.75, 0.94, 1.13, 1.32, 1.51, 1.69], "vObs": [3.74, 5.4, 7.31, 8.85, 10.7, 12.4, 14.1, 15.9, 17.8], "vObsErr": [3.17, 3.17, 3.17, 3.17, 3.17, 3.17, 3.17, 3.17, 3.17], "vAcm": [10.647232058354424, 15.971946225315985, 22.803617030696813, 23.54800779516884, 16.674985895449677, 18.29473539640552, 29.180436739191098, 46.307353113631684, 53.58787340182281], "vMond": [11.884618535497765, 18.329095434816555, 23.792115059491387, 29.314950248939894, 33.125761001746085, 36.01093754181637, 39.03738382883097, 40.593195390856614, 40.75673162527364], "vGas": [-1.81, -1.88, 1.42, 4.71, 5.82, 6.52, 7.99, 8.69, 9.12], "vDisk": [3.43, 6.16, 8.66, 10.45, 11.68, 12.49, 13.06, 12.91, 11.87], "vBulge": [0.0, 0.0, 0.0, 0.0, 0.0, 0.0, 0.0, 0.0, 0.0]}