{"id": "UGC04499", "radiusKpc": [0.91, 1.82, 2.73, 3.63, 4.55, 5.45, 6.37, 7.28, 8.18], "vObs": [26.0, 45.1, 57.0, 62.0, 66.9, 70.6, 72.8, 73.3, 74.3], "vObsErr": [4.1, 3.02, 2.97, 2.85, 2.75, 2.86, 2.66, 2.66, 2.67], "vAcm": [31.842739643944423, 38.33929902045502, 40.9560679772424, 49.13681611686203, 55.990554037079, 61.071817403660575, 60.66474652673026, 61.541632488302774, 65.71023865721266], "vMond": [41.59132167164068, 52.73551508147407, 60.67858039949881, 68.67248161457519, 72.65859235038936, 75.74447424888393, 77.59732529466135, 81.06080996303776, 83.5291178578653], "vGas": [-3.26, 5.75, 15.79, 22.36, 25.59, 27.95, 28.63, 31.18, 32.26], "vDisk": [30.14, 35.45, 36.37, 38.25, 37.1, 35.74, 34.29, 33.63, 33.14], "vBulge": [0.0, 0.0, 0.0, 0.0, 0.0, 0.0, 0.0, 0.0, 0.0]}