{"id": "UGC07151", "radiusKpc": [0.5, 1.0, 1.5, 2.0, 2.49, 3.0, 3.49, 4.0, 4.49, 5.01, 5.5], "vObs": [24.2, 42.0, 59.4, 63.9, 66.0, 67.2, 68.7, 71.3, 72.5, 74.0, 76.2], "vObsErr": [2.18, 2.91, 2.4, 2.01, 2.0, 2.07, 2.38, 2.91, 3.21, 3.41, 3.17], "vAcm": [27.51866907675817, 40.46167752374742, 49.824623967272196, 56.45522708892407, 60.622990141257986, 64.45207769508926, 63.838822565798914, 64.01357478126276, 65.35487506349035, 67.3747520701124, 69.88215244243673], "vMond": [37.70102627231559, 57.58187482289446, 68.47280343207478, 75.94618017057613, 80.2627630158825, 83.63197367677311, 85.13469488576335, 88.82353131651138, 91.97848986678082, 95.41485514597713, 98.23934049095219], "vGas": [-0.51, -5.39, -5.79, 7.68, 15.55, 19.33, 19.89, 25.08, 25.36, 26.06, 28.3], "vDisk": [24.79, 39.13, 45.87, 49.56, 48.96, 48.14, 46.88, 45.84, 46.88, 48.01, 47.84], "vBulge": [0.0, 0.0, 0.0, 0.0, 0.0, 0.0, 0.0, 0.0, 0.0, 0.0, 0.0]}