{"id": "UGC06628", "radiusKpc": [1.1, 2.2, 3.3, 4.39, 5.5, 6.59, 7.69], "vObs": [26.9, 38.0, 40.5, 41.4, 42.3, 42.3, 42.3], "vObsErr": [8.27, 8.27, 8.27, 8.27, 8.27, 8.27, 8.27], "vAcm": [24.859563160582624, 31.7941830461872, 36.862179239785874, 44.243191086699994, 46.323725951631715, 50.98101301636015, 59.02419988516517], "vMond": [35.327703472071086, 46.94685979019661, 55.49093570562937, 62.64375589950548, 67.57224166775072, 73.22100216610788, 77.33714420634008], "vGas": [3.02, -3.24, 12.42, 16.39, 20.17, 25.63, 31.39], "vDisk": [29.07, 37.16, 41.22, 45.0, 46.13, 47.72, 46.74], "vBulge": [0.0, 0.0, 0.0, 0.0, 0.0, 0.0, 0.0]}