{"id": "UGC06930", "radiusKpc": [1.74, 3.5, 5.24, 6.98, 8.72, 10.47, 12.19, 13.94, 15.68, 16.61], "vObs": [54.7, 85.4, 93.8, 98.7, 103.0, 107.0, 109.0, 108.0, 108.0, 108.0], "vObsErr": [8.3, 7.0, 6.2, 5.2, 5.2, 5.2, 5.2, 7.4, 7.4, 7.4], "vAcm": [63.90446859853424, 75.19185746263756, 81.95876409200767, 89.84242655954434, 97.77971591057614, 108.5775156341113, 123.3267164272237, 140.68183920620038, 147.45655718424092, 149.45230833812118], "vMond": [80.2505030203649, 99.14235948478458, 112.44806601734105, 124.30728293396092, 133.53197802239404, 140.9601676171077, 145.50458537987726, 146.9927857532957, 144.01775986539275, 142.90182520300394], "vGas": [0.0, 5.24, 17.89, 25.97, 29.85, 34.48, 40.3, 42.57, 40.84, 39.98], "vDisk": [52.62, 59.95, 62.66, 65.09, 66.99, 67.16, 63.93, 59.68, 54.03, 51.7], "vBulge": [0.0, 0.0, 0.0, 0.0, 0.0, 0.0, 0.0, 0.0, 0.0, 0.0]}