{"id": "UGC07603", "radiusKpc": [0.34, 0.68, 1.02, 1.37, 1.71, 2.05, 2.39, 2.74, 3.08, 3.42, 3.76, 4.11], "vObs": [19.6, 32.5, 41.9, 50.6, 57.0, 60.5, 60.5, 60.0, 61.5, 61.5, 63.0, 64.0], "vObsErr": [2.89, 2.89, 2.89, 2.89, 2.89, 2.89, 2.89, 2.89, 2.89, 2.89, 2.89, 2.89], "vAcm": [20.861140359429136, 31.527345234460125, 37.86619383703509, 40.3933930215512, 44.642437284565816, 50.12511110768092, 54.04881640893865, 55.24359211632049, 54.390009269086924, 54.18767592651659, 56.397439917232745, 58.98356791550814], "vMond": [31.117613666895576, 44.12207694341819, 51.082052512888424, 55.113702198665365, 59.38560977923069, 61.23993324654251, 61.31833423926197, 60.527992546900386, 60.26091220201477, 60.75098172624452, 61.32841334851617, 61.61435777725444], "vGas": [4.29, 6.17, 5.94, 8.81, 15.21, 17.87, 17.46, 15.96, 15.55, 16.29, 16.96, 17.21], "vDisk": [19.73, 28.0, 31.57, 31.98, 31.44, 29.65, 27.89, 26.14, 24.58, 23.19, 21.99, 20.84], "vBulge": [0.0, 0.0, 0.0, 0.0, 0.0, 0.0, 0.0, 0.0, 0.0, 0.0, 0.0, 0.0]}