{"id": "UGC04305", "radiusKpc": [0.25, 0.5, 0.75, 1.0, 1.26, 1.5, 1.76, 2.01, 2.26, 2.51, 2.76, 3.01, 3.27, 3.51, 3.76, 4.02, 4.26, 4.52, 4.77, 5.02, 5.27, 5.52], "vObs": [3.17, 10.5, 17.5, 22.7, 29.7, 34.5, 36.0, 37.3, 35.6, 34.9, 32.7, 32.8, 33.2, 32.1, 30.1, 32.3, 33.6, 35.1, 35.3, 35.2, 34.6, 33.0], "vObsErr": [3.22, 3.32, 4.47, 4.96, 5.29, 4.7, 3.51, 3.45, 3.57, 3.88, 3.27, 3.21, 3.21, 3.23, 3.16, 3.16, 3.12, 3.12, 3.12, 3.13, 3.11, 3.11], "vAcm": [14.311412347756077, 21.16614680862805, 26.185068212502117, 30.75460614130122, 33.584304747035326, 36.518738452931366, 40.54290703060508, 39.86044597354471, 37.189793264271216, 37.38973231885375, 39.43391724356978, 41.173388115550914, 45.63155867112322, 51.44655902793337, 56.83794542486836, 60.62503530572363, 61.47298601683952, 60.70948400481762, 62.42620409608307, 68.53031513273704, 75.08302061686459, 79.03177890004172], "vMond": [13.429891387345968, 23.618004609409898, 30.97060219651945, 39.23924958334624, 46.13191054851304, 48.62694548318196, 50.71334477883762, 51.16668717067843, 53.04239549046525, 56.08853572356683, 59.858071792479656, 62.92365644586535, 64.8345232460807, 66.44995194799718, 67.42726142898069, 68.20149004066076, 68.68911216855169, 69.4603389017793, 70.47227605450003, 71.34761721067692, 71.5093948311348, 71.37619287026584], "vGas": [-1.04, -3.35, 4.05, 4.85, 6.16, 7.83, 8.37, 8.4, 10.27, 11.89, 15.11, 17.63, 19.74, 22.06, 23.37, 24.68, 25.38, 25.99, 26.59, 26.9, 27.2, 27.3], "vDisk": [6.45, 13.17, 18.27, 24.79, 29.98, 30.56, 30.97, 29.96, 30.04, 31.48, 33.07, 34.11, 33.92, 33.27, 32.39, 31.18, 30.16, 29.51, 29.25, 29.1, 28.04, 26.8], "vBulge": [0.0, 0.0, 0.0, 0.0, 0.0, 0.0, 0.0, 0.0, 0.0, 0.0, 0.0, 0.0, 0.0, 0.0, 0.0, 0.0, 0.0, 0.0, 0.0, 0.0, 0.0, 0.0]}