{"id": "UGC06446", "radiusKpc": [0.58, 1.16, 1.74, 2.33, 2.91, 3.49, 4.07, 4.65, 5.23, 5.81, 6.4, 6.98, 7.62, 8.28, 8.9, 9.52, 10.22], "vObs": [31.3, 54.8, 61.1, 63.9, 67.2, 70.4, 73.7, 78.0, 80.8, 80.5, 81.3, 82.1, 82.8, 84.9, 84.3, 83.2, 80.1], "vObsErr": [6.3, 5.8, 4.1, 4.1, 4.1, 3.6, 3.6, 4.1, 4.1, 3.6, 3.6, 4.6, 4.6, 5.5, 5.5, 7.0, 10.8], "vAcm": [25.662437587423348, 38.321788271126664, 44.44636173721515, 46.773520364691855, 50.01831061607473, 55.39657590227602, 56.05523766244035, 53.73130213406384, 54.09207495238732, 54.587352336655925, 54.79547448033034, 57.77264685166116, 70.74630948570342, 87.6738987984768, 88.51127004401032, 81.6284404384952, 78.6703925712926], "vMond": [38.740567040255755, 54.002294759957365, 60.80589606753348, 66.05958831687953, 71.69581373144317, 76.24591237573324, 78.08842428929441, 81.541892451838, 85.36113677357496, 88.30538404417352, 91.94078822308906, 95.20042523978745, 98.868526082816, 100.33110529068804, 98.49310137022759, 99.64658964579348, 101.34533500497186], "vGas": [0.0, 2.75, 6.18, 7.45, 14.25, 16.89, 15.31, 18.83, 23.23, 26.13, 28.95, 31.41, 34.05, 34.49, 32.03, 32.29, 33.08], "vDisk": [21.35, 29.36, 30.8, 31.81, 31.67, 31.97, 32.15, 31.31, 29.91, 28.44, 27.55, 26.52, 25.42, 24.36, 23.44, 22.66, 21.62], "vBulge": [0.0, 0.0, 0.0, 0.0, 0.0, 0.0, 0.0, 0.0, 0.0, 0.0, 0.0, 0.0, 0.0, 0.0, 0.0, 0.0, 0.0]}