{"id": "UGC05721", "radiusKpc": [0.09, 0.27, 0.45, 0.63, 0.81, 0.99, 1.17, 1.35, 1.53, 1.71, 1.89, 2.07, 2.25, 2.67, 3.15, 3.61, 4.04, 4.49, 4.93, 5.38, 5.86, 6.28, 6.74], "vObs": [16.5, 38.5, 47.4, 55.5, 56.4, 59.8, 67.8, 76.4, 81.2, 82.2, 82.6, 82.3, 82.1, 81.4, 79.3, 78.5, 78.2, 78.1, 78.2, 78.3, 78.6, 78.9, 79.5], "vObsErr": [4.57, 6.88, 4.57, 4.57, 5.45, 4.57, 4.57, 4.57, 4.57, 19.2, 4.57, 4.57, 4.57, 4.57, 4.57, 4.57, 4.57, 4.57, 4.57, 4.57, 4.57, 4.57, 4.57], "vAcm": [16.69070629090376, 32.24456095076639, 40.91312603129167, 45.332433656923214, 47.135254530494024, 47.77301897277309, 49.06944455593772, 49.17909076030882, 49.46220627292667, 50.16601443332568, 50.885160293512335, 50.48975421531777, 49.56323939108698, 47.32038864090998, 48.70298097114584, 50.10235833437896, 49.35868639772748, 46.41578688936863, 45.76201441869851, 51.393845724128404, 57.64408053064117, 59.04903451011779, 59.43552513199484], "vMond": [21.27897726297147, 40.0507066334654, 50.66909470762658, 56.403965354601056, 59.47318519851118, 61.43886828567599, 63.93101117671062, 64.96344793834196, 65.87305641169968, 66.58991046363717, 66.6357551857178, 65.4257341685944, 64.08235256229835, 63.90684882369208, 64.73978594255213, 64.89371070966094, 65.2356625245699, 66.33949740937183, 68.14840954128822, 69.81851158402176, 70.62592833683537, 70.99850941084618, 71.60196673939964], "vGas": [1.23, 3.67, 5.99, 8.14, 10.08, 11.72, 13.25, 15.37, 18.44, 21.32, 22.09, 20.36, 17.96, 18.44, 20.36, 20.55, 20.74, 21.71, 23.34, 24.59, 24.78, 24.59, 24.59], "vDisk": [16.63, 32.22, 40.27, 43.48, 44.07, 43.71, 44.14, 42.83, 40.98, 38.82, 36.95, 35.17, 33.75, 30.81, 27.99, 25.88, 24.31, 22.96, 21.83, 20.85, 19.94, 19.24, 18.55], "vBulge": [0.0, 0.0, 0.0, 0.0, 0.0, 0.0, 0.0, 0.0, 0.0, 0.0, 0.0, 0.0, 0.0, 0.0, 0.0, 0.0, 0.0, 0.0, 0.0, 0.0, 0.0, 0.0, 0.0]}