{"id": "UGC05414", "radiusKpc": [0.68, 1.37, 2.05, 2.74, 3.42, 4.11], "vObs": [20.5, 34.6, 46.0, 51.8, 56.8, 61.4], "vObsErr": [2.47, 2.45, 2.45, 2.46, 2.44, 2.44], "vAcm": [26.541278887193887, 34.20656785147255, 47.206218259287084, 56.14718825732016, 61.86712342663132, 65.79141526799398], "vMond": [36.68491468653039, 56.56760493175457, 67.17894389812436, 74.31368524546102, 79.29221506392798, 83.7503587578232], "vGas": [1.03, 11.15, 16.87, 20.26, 21.81, 23.37], "vDisk": [19.12, 29.14, 32.19, 33.36, 33.94, 34.3], "vBulge": [0.0, 0.0, 0.0, 0.0, 0.0, 0.0]}