{"id": "UGC05918", "radiusKpc": [0.56, 1.11, 1.67, 2.23, 2.79, 3.34, 3.9, 4.46], "vObs": [16.9, 27.4, 33.5, 36.4, 39.8, 41.2, 42.6, 44.5], "vObsErr": [3.93, 3.93, 3.93, 3.93, 3.93, 3.93, 3.93, 3.93], "vAcm": [12.793516916481103, 14.138848200138169, 27.182995506059523, 28.424465003031983, 39.21354208377241, 37.850494969814356, 36.44072998713198, 46.88382794532953], "vMond": [19.645304340623326, 28.689356435726136, 34.97464625577826, 43.08607905468865, 47.70195503713774, 50.1319493643342, 54.15526413843426, 56.94424902595043], "vGas": [3.56, 3.93, 3.56, 8.55, 12.27, 12.47, 13.27, 15.66], "vDisk": [6.92, 11.04, 13.76, 16.36, 16.13, 16.4, 17.86, 16.94], "vBulge": [0.0, 0.0, 0.0, 0.0, 0.0, 0.0, 0.0, 0.0]}