{"id": "UGC08837", "radiusKpc": [0.52, 1.05, 1.57, 2.09, 2.63, 3.15, 3.68, 4.2], "vObs": [7.31, 14.6, 21.0, 28.1, 35.3, 43.0, 46.6, 48.0], "vObsErr": [2.12, 2.05, 2.05, 2.06, 2.5, 3.38, 3.15, 3.0], "vAcm": [13.608337641604766, 18.316687862659006, 30.832414293801023, 37.77506781631053, 35.37165032179997, 46.98975366975935, 52.6467744118724, 55.467114742656605], "vMond": [24.36833357717225, 35.19061689616376, 42.700617070943856, 52.68520272818439, 59.69450485871915, 64.21990096969783, 67.44796547034568, 70.50168670830861], "vGas": [-3.67, -4.64, 2.4, 12.6, 16.76, 17.12, 20.09, 22.95], "vDisk": [11.19, 16.58, 20.63, 23.82, 25.79, 27.83, 26.92, 25.81], "vBulge": [0.0, 0.0, 0.0, 0.0, 0.0, 0.0, 0.0, 0.0]}