{"id": "UGC07399", "radiusKpc": [0.61, 1.22, 1.84, 2.45, 3.07, 3.68, 4.3, 4.91, 5.52, 6.13], "vObs": [47.3, 70.4, 83.7, 89.1, 91.7, 95.1, 96.9, 100.0, 103.0, 106.0], "vObsErr": [2.77, 3.27, 2.5, 2.45, 2.48, 3.01, 3.62, 3.9, 4.82, 4.97], "vAcm": [40.68589554464994, 53.42008006701415, 56.46503308399715, 59.37869797658302, 63.50043469790396, 66.8562783722292, 67.35199445070417, 67.40955749523049, 72.1557191217183, 76.40879484075495], "vMond": [52.96684585010506, 68.95799658625492, 74.37309647467215, 79.53563633187677, 84.07669096625754, 86.54137106567195, 88.57149754922064, 91.23702953344669, 94.05213796050933, 95.7144151946942], "vGas": [2.98, 8.37, 14.43, 17.93, 20.44, 21.54, 21.34, 23.04, 25.45, 25.55], "vDisk": [31.89, 39.0, 37.15, 36.43, 35.9, 34.58, 33.94, 32.94, 31.6, 31.05], "vBulge": [0.0, 0.0, 0.0, 0.0, 0.0, 0.0, 0.0, 0.0, 0.0, 0.0]}