{"id": "UGC06786", "radiusKpc": [0.16, 0.32, 0.49, 0.65, 1.3, 1.46, 1.62, 3.72, 3.89, 4.05, 4.22, 4.26, 4.38, 4.54, 4.71, 4.86, 5.02, 5.18, 5.35, 5.51, 5.68, 5.84, 6.0, 6.15, 6.48, 6.64, 6.81, 7.1, 7.13, 8.52, 10.66, 11.99, 12.1, 12.33, 12.78, 14.93, 17.08, 19.23, 21.27, 23.42, 25.57, 27.72, 29.87, 32.02, 34.05], "vObs": [160.0, 177.0, 180.0, 180.0, 182.0, 183.0, 184.0, 206.0, 207.0, 209.0, 210.0, 210.0, 211.0, 213.0, 214.0, 215.0, 215.0, 216.0, 217.0, 217.0, 218.0, 218.0, 219.0, 219.0, 219.0, 219.0, 220.0, 220.0, 220.0, 220.0, 225.0, 228.0, 228.0, 228.0, 229.0, 228.0, 226.0, 226.0, 227.0, 227.0, 224.0, 218.0, 215.0, 219.0, 211.0], "vObsErr": [36.0, 30.9, 25.3, 32.0, 4.72, 10.8, 7.43, 8.42, 4.54, 5.36, 2.43, 4.6, 2.8, 2.18, 7.61, 4.7, 2.34, 2.95, 4.48, 3.99, 5.14, 2.51, 3.95, 7.84, 7.74, 6.69, 6.26, 2.52, 11.4, 2.93, 1.79, 5.71, 9.96, 8.24, 1.74, 1.64, 1.34, 1.39, 1.11, 1.37, 2.79, 9.41, 8.18, 5.06, 7.05], "vAcm": [122.77905371103603, 189.43084852861605, 208.18181527403178, 215.28309739815992, 216.64964099434107, 215.30211911203887, 214.00139380700907, 200.67060881940404, 201.1329860674901, 201.63105152092135, 202.75390340070615, 203.0944050130762, 204.20601740378277, 206.1286004128033, 208.83079656629818, 211.23654307777625, 213.49038427449486, 215.11950646595164, 216.43403535321613, 217.1579299972373, 217.31728800418114, 217.20449719631935, 216.95739348883387, 216.79188353057572, 216.48087393552538, 216.12385332177115, 215.57385472957952, 214.4005204775527, 214.2192258540611, 202.55958485789304, 191.18291512789384, 186.99033484756748, 186.65471838029626, 185.96586813855444, 184.76707562285782, 181.40650556513918, 178.3829065585993, 176.36038362060003, 173.83338435500514, 172.6147425242603, 172.25081434030562, 171.26258478036144, 170.46406177460506, 170.2627330633029, 170.602542626786], "vMond": [124.98896240654706, 192.30908253615956, 212.13344580412613, 220.27281499572803, 225.9403478400943, 225.64787265504307, 225.38546380686222, 225.41840050745708, 226.77350721844573, 228.1066332092612, 230.07247934211165, 230.60442782463724, 232.27724312899764, 234.89259221178935, 238.23289238446864, 241.14393096918997, 243.88707578598334, 245.981516919037, 247.76552835012188, 248.93927116309723, 249.61089037151413, 250.00360080733037, 250.28396264150962, 250.6039310568121, 251.35098243172558, 251.5157810137151, 251.5270743025945, 251.32067548351876, 251.24259865477515, 243.24064721625973, 236.6701503889283, 234.48906618022292, 234.33887047243195, 234.02149983180448, 233.4820057668618, 230.7008977094602, 227.49585010970364, 224.41072769600785, 221.24882490400012, 219.3366667482631, 216.95136008771817, 214.44162598991727, 212.59655441489187, 211.06310611767816, 209.93057565165844], "vGas": [-1.22, -1.2, -1.08, -0.96, -0.33, 0.44, 0.74, 4.94, 5.38, 5.86, 6.37, 6.53, 6.92, 7.46, 7.98, 8.49, 9.0, 9.51, 10.02, 10.53, 11.06, 11.59, 12.13, 12.55, 13.72, 14.25, 14.68, 15.64, 15.74, 20.1, 25.95, 28.72, 29.04, 29.36, 30.21, 33.5, 35.21, 35.84, 35.52, 34.46, 32.87, 31.59, 30.53, 29.67, 29.04], "vDisk": [8.07, 15.74, 23.42, 30.3, 55.43, 61.06, 66.51, 126.3, 130.52, 134.47, 138.94, 140.05, 143.43, 148.24, 153.86, 158.53, 162.82, 166.08, 168.84, 170.67, 171.8, 172.47, 172.94, 173.44, 174.41, 174.58, 174.53, 174.07, 173.95, 162.17, 149.89, 144.35, 143.9, 143.03, 141.37, 133.3, 125.19, 117.76, 111.0, 106.04, 101.01, 96.03, 91.96, 88.37, 85.42], "vBulge": [119.49, 184.15, 201.67, 207.64, 203.18, 200.04, 196.81, 147.67, 144.55, 141.56, 138.76, 138.12, 136.21, 133.79, 131.35, 129.31, 127.24, 125.27, 123.26, 121.46, 119.61, 117.97, 116.4, 114.95, 111.99, 110.63, 109.24, 106.99, 106.76, 97.67, 87.32, 82.33, 81.96, 81.19, 79.75, 73.78, 68.98, 65.01, 61.81, 58.91, 56.38, 54.15, 52.16, 50.38, 48.86]}