{"id": "UGC08490", "radiusKpc": [0.34, 0.68, 1.02, 1.36, 1.69, 2.03, 2.37, 2.7, 3.05, 3.38, 3.72, 4.06, 4.39, 4.74, 5.08, 5.41, 5.75, 6.09, 6.42, 6.77, 7.11, 7.44, 7.78, 8.12, 8.46, 8.8, 9.13, 9.47, 9.77, 10.15], "vObs": [38.8, 50.1, 60.2, 68.2, 72.8, 75.3, 76.6, 77.6, 78.5, 78.2, 78.8, 79.2, 79.2, 79.2, 78.8, 78.5, 80.1, 80.1, 80.1, 80.1, 79.8, 79.8, 79.5, 79.5, 78.8, 77.9, 77.2, 77.6, 76.6, 77.6], "vObsErr": [3.69, 3.69, 3.69, 3.69, 3.69, 3.69, 3.69, 3.69, 3.69, 3.69, 3.69, 3.69, 3.69, 3.69, 3.69, 3.69, 3.69, 3.69, 3.69, 3.69, 3.69, 3.69, 3.69, 3.69, 3.69, 3.69, 3.69, 3.69, 3.69, 3.69], "vAcm": [26.38387384080371, 38.45389251488355, 44.85915175197727, 48.437749154687815, 50.02925078861104, 50.81460609375156, 51.14920214983724, 51.28173622121441, 51.01689305792786, 50.82012331689663, 51.461628231810046, 52.70499969772799, 53.57502146960822, 54.41119026419189, 54.44846114375172, 53.42385688161724, 52.760273926323606, 52.86443230636613, 53.064925016375504, 52.779469367317624, 52.16963794396177, 53.48862513885564, 55.8460084849511, 56.79260987842616, 57.309244146514075, 58.630459317804814, 59.595906320195034, 58.99689156657398, 57.52688626967239, 55.90734375831269], "vMond": [34.96661331363201, 50.06424400115538, 58.3168509393661, 63.090439078134885, 65.67892528138775, 67.4903024951209, 68.82897487441682, 69.83303330432555, 70.45001752181443, 71.10839947036752, 72.30754497056105, 73.2910444880235, 73.10330768875424, 72.81935169967124, 72.21744730672603, 71.16883250908087, 71.39282362097558, 71.88314441731167, 71.84656096897595, 72.00602110420732, 72.03457425518357, 73.06526609365275, 73.45182184556266, 72.69957137088932, 73.10578257588753, 73.58551324196185, 73.30506078156732, 73.01535348472582, 73.21838339993207, 73.75304040481971], "vGas": [0.91, 7.1, 10.23, 12.18, 14.42, 15.29, 18.41, 20.65, 21.24, 22.11, 23.77, 25.04, 24.74, 24.74, 23.87, 22.31, 22.6, 23.18, 22.99, 22.99, 22.8, 23.87, 24.06, 22.89, 23.09, 23.38, 22.8, 22.21, 22.21, 22.5], "vDisk": [27.87, 39.52, 44.52, 46.26, 45.8, 45.05, 43.11, 41.2, 39.62, 38.18, 36.93, 35.68, 34.2, 32.41, 31.05, 29.85, 28.79, 27.84, 26.98, 26.18, 25.47, 24.82, 24.22, 23.66, 23.15, 22.65, 22.21, 21.79, 21.43, 21.0], "vBulge": [0.0, 0.0, 0.0, 0.0, 0.0, 0.0, 0.0, 0.0, 0.0, 0.0, 0.0, 0.0, 0.0, 0.0, 0.0, 0.0, 0.0, 0.0, 0.0, 0.0, 0.0, 0.0, 0.0, 0.0, 0.0, 0.0, 0.0, 0.0, 0.0, 0.0]}