{"id": "UGC07125", "radiusKpc": [1.44, 2.88, 4.33, 5.76, 7.2, 8.64, 10.08, 11.47, 13.0, 14.42, 15.84, 17.26, 18.68], "vObs": [26.1, 43.0, 48.5, 52.5, 56.4, 58.5, 61.5, 64.6, 65.6, 65.4, 65.5, 65.1, 64.9], "vObsErr": [3.3, 3.47, 2.35, 2.0, 2.05, 2.21, 2.1, 2.01, 2.12, 2.65, 3.05, 3.22, 3.48], "vAcm": [32.44262755485588, 52.49326143814932, 63.753256536573296, 71.3574200470635, 70.78754690221045, 68.49377351354421, 67.43129862809916, 57.72964549164558, 77.85503424725873, 108.37112111506438, 118.4576665998361, 134.4956891727226, 141.28428155730634], "vMond": [52.47058065325477, 73.67626554815998, 82.3940973224084, 88.27018717799402, 90.6352266895473, 96.02435201049359, 101.23299581248656, 105.85302239491773, 114.48513681538181, 117.07662595429608, 116.83056566529571, 118.87665212333305, 114.72349959294883], "vGas": [9.09, 16.12, 15.32, 18.34, 17.63, 22.27, 25.8, 29.52, 36.98, 38.39, 37.89, 39.0, 34.46], "vDisk": [27.58, 37.24, 39.71, 39.12, 37.66, 36.69, 36.12, 34.86, 33.7, 31.99, 29.33, 27.53, 26.15], "vBulge": [0.0, 0.0, 0.0, 0.0, 0.0, 0.0, 0.0, 0.0, 0.0, 0.0, 0.0, 0.0, 0.0]}