{"id": "UGC09037", "radiusKpc": [2.43, 3.65, 4.86, 6.08, 7.29, 8.51, 9.73, 10.96, 12.19, 13.41, 14.55, 15.78, 17.0, 18.23, 19.46, 20.69, 21.92, 23.14, 24.28, 25.51, 26.73, 27.96], "vObs": [62.2, 88.2, 107.0, 120.0, 124.0, 128.0, 133.0, 138.0, 143.0, 146.0, 148.0, 154.0, 158.0, 159.0, 160.0, 158.0, 155.0, 156.0, 154.0, 150.0, 141.0, 152.0], "vObsErr": [5.69, 3.85, 4.42, 3.93, 5.15, 4.29, 5.36, 6.78, 6.42, 5.4, 4.5, 4.46, 4.02, 5.07, 7.33, 7.82, 8.07, 7.93, 9.09, 13.4, 20.1, 16.0], "vAcm": [147.52392992723375, 161.54094093278727, 165.94539553547773, 168.55644361378705, 177.74672155479848, 178.76128367336054, 178.57854668439293, 178.9210482382637, 180.51474862041695, 179.9536916708219, 179.31615247776077, 179.9232012750724, 179.09345877876692, 176.73526205524684, 173.85146941090372, 174.03819941748648, 173.93071090427074, 172.9053838849551, 171.7328882455256, 167.25764625888942, 165.75013511752658, 165.82690609996283], "vMond": [166.33943938823018, 185.53459315681326, 194.87066736164883, 202.27823828442268, 214.9656796805907, 218.74875664851726, 221.5617372683068, 225.1531884747649, 229.20640066585787, 230.22107765432344, 230.7746652418979, 232.16435604655808, 231.36916870761493, 229.52256502701138, 227.86405645820656, 228.78119557705267, 228.025178319458, 226.57721546033005, 226.32813665662604, 224.45800889453554, 226.58676150058125, 227.72429018089903], "vGas": [10.89, 14.29, 16.72, 25.95, 32.85, 38.2, 40.33, 39.17, 46.36, 53.75, 56.66, 60.84, 62.11, 60.94, 60.06, 64.05, 63.17, 61.23, 62.4, 60.16, 64.54, 66.58], "vDisk": [136.53, 148.1, 150.72, 151.05, 157.64, 155.32, 153.04, 152.74, 150.89, 145.59, 141.61, 137.81, 133.01, 128.36, 123.99, 120.09, 117.0, 113.92, 110.72, 107.64, 105.08, 102.79], "vBulge": [0.0, 0.0, 0.0, 0.0, 0.0, 0.0, 0.0, 0.0, 0.0, 0.0, 0.0, 0.0, 0.0, 0.0, 0.0, 0.0, 0.0, 0.0, 0.0, 0.0, 0.0, 0.0]}