{"id": "UGC05986", "radiusKpc": [0.63, 1.26, 1.88, 2.51, 3.13, 3.77, 4.39, 5.02, 5.65, 6.28, 6.9, 7.54, 8.16, 8.79, 9.41], "vObs": [29.5, 50.8, 68.2, 84.3, 95.3, 106.0, 112.0, 115.0, 116.0, 116.0, 116.0, 114.0, 112.0, 109.0, 107.0], "vObsErr": [2.53, 3.76, 2.58, 2.28, 2.01, 3.58, 4.25, 3.18, 2.32, 2.01, 2.28, 3.05, 3.69, 5.1, 6.39], "vAcm": [33.50405488456709, 45.59771452110153, 56.08942187118666, 68.41017195315658, 77.2550896989469, 81.76472472546865, 87.35310346815757, 95.62245539157286, 100.79723695292373, 103.43782971673312, 107.49141713281361, 110.5099702477618, 109.54780182895682, 104.91172542243918, 102.47733801063761], "vMond": [46.76097880520195, 64.48850345563024, 78.47204901982084, 94.51638245082644, 102.74500266434592, 107.49531095072966, 112.79487434525618, 116.25556877548547, 115.81913672714789, 114.80478034862028, 114.02300144887576, 111.57589707300818, 109.74154734211709, 109.08161426553072, 110.10645632119136], "vGas": [-2.22, -8.54, -2.13, 8.88, 11.55, 16.04, 20.82, 24.3, 25.4, 24.6, 25.5, 25.7, 24.6, 24.9, 27.79], "vDisk": [32.45, 43.44, 53.72, 65.57, 69.99, 70.54, 71.78, 71.41, 67.79, 64.52, 61.11, 56.38, 53.17, 50.65, 48.55], "vBulge": [0.0, 0.0, 0.0, 0.0, 0.0, 0.0, 0.0, 0.0, 0.0, 0.0, 0.0, 0.0, 0.0, 0.0, 0.0]}