{"id": "UGC00128", "radiusKpc": [1.25, 3.75, 6.25, 8.76, 11.25, 13.74, 16.22, 18.71, 21.3, 23.79, 26.28, 28.77, 31.25, 33.74, 36.23, 38.82, 41.31, 43.8, 46.28, 48.77, 51.26, 53.75], "vObs": [34.1, 78.4, 96.9, 108.0, 113.0, 114.0, 121.0, 126.0, 128.0, 129.0, 129.0, 131.0, 131.0, 131.0, 127.0, 126.0, 130.0, 132.0, 134.0, 129.0, 132.0, 125.0], "vObsErr": [18.8, 6.54, 2.44, 1.26, 1.0, 0.86, 0.68, 0.55, 0.63, 0.61, 0.65, 0.73, 0.83, 0.75, 1.24, 1.4, 1.62, 2.01, 2.1, 2.66, 4.67, 5.95], "vAcm": [55.21244034385153, 100.09343915741299, 117.04616376284324, 124.12133994004576, 124.82326721824062, 131.51027617651468, 143.55543937868805, 153.41924347692182, 159.9215674278279, 166.23759891124718, 172.5829899796799, 185.84114622135613, 201.25987669820537, 207.95556878414328, 208.47086271034996, 212.88688560405276, 221.7537764235823, 229.48014021985415, 234.59442659556967, 237.22440849615936, 238.3132982202044, 240.06766797483053], "vMond": [82.36223707301369, 139.8100406073722, 158.29934631635038, 173.28727888371293, 187.79026474351969, 204.71474978534752, 217.41017824437813, 225.93017396950293, 233.44575456990552, 240.6488680053509, 244.92187399868132, 251.26187747382878, 253.2814997811584, 251.50107689645603, 251.7936088970464, 253.42191580615872, 253.57483098995615, 252.24598926237684, 250.90859053578967, 248.90507266314188, 247.43483822356535, 246.47949971604766], "vGas": [1.71, 4.27, 7.23, 11.57, 13.37, 16.66, 23.15, 30.33, 35.52, 39.51, 42.0, 44.9, 45.1, 43.0, 42.3, 42.4, 41.7, 40.21, 38.81, 37.11, 35.72, 34.72], "vDisk": [29.4, 49.15, 50.52, 51.47, 53.63, 57.25, 57.75, 55.23, 52.6, 50.52, 47.75, 45.88, 43.92, 42.1, 40.43, 38.83, 37.43, 36.18, 35.02, 33.97, 33.04, 32.1], "vBulge": [0.0, 0.0, 0.0, 0.0, 0.0, 0.0, 0.0, 0.0, 0.0, 0.0, 0.0, 0.0, 0.0, 0.0, 0.0, 0.0, 0.0, 0.0, 0.0, 0.0, 0.0, 0.0]}