{"id": "UGC07323", "radiusKpc": [0.58, 1.17, 1.75, 2.33, 2.91, 3.5, 4.07, 4.65, 5.23, 5.82], "vObs": [23.9, 34.7, 42.8, 51.3, 57.7, 67.3, 75.4, 79.5, 82.8, 85.6], "vObsErr": [3.87, 3.87, 3.87, 3.87, 3.87, 3.87, 3.87, 3.87, 3.87, 3.87], "vAcm": [26.067163535293215, 38.09291529711514, 45.66718387374482, 53.12305543669103, 58.502296596326346, 62.06890143964392, 65.17931631195039, 76.85508357015112, 91.46359405760785, 99.01603112119275], "vMond": [36.90024457727257, 56.16976083124716, 69.05088345831957, 78.76037888756804, 86.73851990853647, 94.13312500219016, 101.13131598257615, 108.1692126332991, 112.27765394508398, 114.3982533252726], "vGas": [1.43, 3.24, -0.61, -3.66, 9.71, 13.91, 18.68, 24.75, 27.13, 28.72], "vDisk": [21.96, 34.79, 43.08, 48.67, 52.39, 55.75, 58.69, 61.08, 61.82, 60.87], "vBulge": [0.0, 0.0, 0.0, 0.0, 0.0, 0.0, 0.0, 0.0, 0.0, 0.0]}