{"id": "UGC12632", "radiusKpc": [0.71, 1.42, 2.14, 2.85, 3.55, 4.26, 4.97, 5.69, 6.4, 7.11, 7.82, 8.52, 9.25, 9.95, 10.66], "vObs": [24.1, 33.6, 44.8, 54.4, 57.4, 61.4, 63.8, 65.5, 67.6, 69.2, 70.3, 71.4, 73.2, 73.0, 73.1], "vObsErr": [7.55, 5.02, 3.38, 2.9, 2.89, 3.44, 3.64, 3.82, 3.54, 2.91, 2.79, 2.93, 3.0, 2.81, 2.79], "vAcm": [15.446965432114538, 22.425720727728695, 29.47777503991451, 40.87773472868259, 47.91651185340988, 49.39120478419277, 50.245427362020315, 44.60560887372398, 44.18295855666257, 49.55035338343056, 61.47695247123742, 75.29116055207147, 78.85771157008898, 81.4687932067278, 86.54430228611757], "vMond": [30.050244544485526, 42.49035740217795, 52.60350025314528, 60.287296713643066, 64.60584549136715, 68.7200877775912, 73.13362783114, 76.47422916642024, 81.79995780796534, 85.24732815809921, 89.51568400002061, 92.04153445061202, 94.2766934943567, 96.8355971859485, 98.93379096776414], "vGas": [0.75, 2.55, 7.39, 10.7, 12.26, 12.02, 14.16, 15.95, 18.56, 22.61, 26.3, 28.44, 29.27, 30.7, 31.41], "vDisk": [14.22, 19.97, 23.97, 26.52, 27.06, 28.45, 29.24, 29.3, 30.76, 29.42, 28.8, 27.59, 27.31, 26.87, 26.73], "vBulge": [0.0, 0.0, 0.0, 0.0, 0.0, 0.0, 0.0, 0.0, 0.0, 0.0, 0.0, 0.0, 0.0, 0.0, 0.0]}