{"id": "UGC11557", "radiusKpc": [0.33, 0.99, 1.76, 2.42, 3.19, 3.85, 4.62, 5.28, 5.94, 7.04, 8.8, 10.56], "vObs": [4.0, 17.0, 33.3, 44.9, 53.0, 60.8, 69.0, 76.6, 85.0, 78.1, 81.6, 84.5], "vObsErr": [7.9, 8.6, 7.9, 10.5, 7.9, 7.9, 7.9, 7.9, 7.9, 6.7, 6.7, 6.7], "vAcm": [21.099750675890874, 41.91284733084657, 52.522425178251254, 62.96147232238991, 74.74599875607487, 79.60417423966743, 82.05220994749169, 85.96200686864421, 92.2488750003861, 104.36554043712881, 123.0995782959438, 129.66796785419126], "vMond": [28.24031508413839, 56.53820339425538, 72.66428490599554, 86.3402251253295, 98.34352170670634, 103.97587916773426, 110.18147561825593, 116.23090455423508, 121.68796657025683, 126.25295042851432, 129.30661765276176, 126.5417776233224], "vGas": [1.71, 2.41, -7.34, -10.59, 0.97, 9.74, 11.43, 16.36, 17.72, 24.54, 35.45, 33.35], "vDisk": [21.94, 47.32, 59.39, 70.77, 81.19, 83.68, 87.03, 90.49, 93.96, 93.48, 87.18, 79.1], "vBulge": [0.0, 0.0, 0.0, 0.0, 0.0, 0.0, 0.0, 0.0, 0.0, 0.0, 0.0, 0.0]}