{"id": "UGC11820", "radiusKpc": [0.26, 0.44, 0.61, 0.79, 1.01, 5.26, 7.91, 10.52, 13.14, 15.82], "vObs": [16.0, 18.9, 25.8, 35.8, 44.1, 59.65, 69.15, 76.95, 81.25, 84.45], "vObsErr": [5.09, 4.44, 3.36, 3.79, 7.91, 0.98, 1.23, 0.54, 0.73, 1.31], "vAcm": [18.27628440697572, 24.767071349238297, 29.145760780570146, 31.529469012315413, 33.50501915806713, 55.76765248496556, 68.95245736921922, 126.83072372243011, 161.57533704027654, 174.00991358028702], "vMond": [21.531373030270025, 31.826318181428313, 40.03212104294568, 46.423415774713106, 52.94049339404165, 86.80731240488323, 104.32076681908362, 117.82382241497879, 121.52292918626308, 125.17871282595284], "vGas": [-0.43, 1.29, 1.97, 2.55, 3.22, 17.11, 28.49, 35.7, 35.45, 35.37], "vDisk": [8.55, 13.84, 18.2, 21.35, 24.45, 26.68, 24.35, 21.4, 18.93, 17.02], "vBulge": [0.0, 0.0, 0.0, 0.0, 0.0, 0.0, 0.0, 0.0, 0.0, 0.0]}