{"id": "UGC11557", "radiusKpc": [0.33, 0.99, 1.76, 2.42, 3.19, 3.85, 4.62, 5.28, 5.94, 7.04, 8.8, 10.56], "vObs": [4.0, 17.0, 33.3, 44.9, 53.0, 60.8, 69.0, 76.6, 85.0, 78.1, 81.6, 84.5], "vObsErr": [7.9, 8.6, 7.9, 10.5, 7.9, 7.9, 7.9, 7.9, 7.9, 6.7, 6.7, 6.7], "vAcm": [21.10650277875062, 41.91459456637467, 52.52293506767207, 62.962678493598645, 74.75893590294555, 79.62229530742285, 82.06966120119885, 85.98127081287011, 92.27463924335787, 104.40456903466993, 123.14784118517002, 129.6718732535369], "vMond": [28.24031508413839, 56.53820339425538, 72.66428490599554, 86.3402251253295, 98.34352170670634, 103.97587916773426, 110.18147561825593, 116.23090455423508, 121.68796657025683, 126.25295042851432, 129.30661765276176, 126.5417776233224], "vGas": [1.71, 2.41, -7.34, -10.59, 0.97, 9.74, 11.43, 16.36, 17.72, 24.54, 35.45, 33.35], "vDisk": [21.94, 47.32, 59.39, 70.77, 81.19, 83.68, 87.03, 90.49, 93.96, 93.48, 87.18, 79.1], "vBulge": [0.0, 0.0, 0.0, 0.0, 0.0, 0.0, 0.0, 0.0, 0.0, 0.0, 0.0, 0.0]}