{"id": "UGC12506", "radiusKpc": [0.82, 2.46, 4.1, 5.74, 7.38, 9.02, 10.65, 12.29, 13.93, 15.57, 17.21, 18.85, 20.49, 22.13, 23.77, 25.41, 27.05, 28.68, 30.32, 31.96, 33.6, 35.24, 36.88, 38.52, 40.16, 41.8, 43.44, 45.08, 46.71, 48.35, 49.99], "vObs": [107.0, 159.0, 194.0, 198.0, 211.0, 222.0, 230.0, 239.0, 237.0, 240.0, 245.0, 249.0, 248.0, 250.0, 255.0, 244.0, 244.0, 249.0, 251.0, 249.0, 244.0, 239.0, 238.0, 241.0, 237.0, 228.0, 233.0, 233.0, 230.0, 226.0, 225.0], "vObsErr": [25.6, 26.5, 13.9, 14.6, 13.2, 13.6, 11.6, 11.6, 11.6, 11.6, 11.6, 11.6, 11.6, 11.6, 11.6, 14.9, 11.6, 11.6, 11.6, 11.6, 12.9, 16.2, 18.4, 24.9, 23.0, 14.0, 16.9, 13.7, 11.6, 11.6, 11.6], "vAcm": [37.64524879311132, 86.41657497931813, 114.82995451151285, 131.11683568139716, 143.37477132987996, 160.40369700013784, 174.40584728443937, 184.30153209840313, 189.26754590109414, 194.5170373814788, 199.35177520286086, 202.21032339327394, 203.19550089321294, 203.62775225244482, 202.79285412008005, 200.90417567914122, 199.31787502965756, 199.13996810536963, 200.61636236009716, 203.11371415415206, 203.92101992379713, 202.39273278373824, 199.81572944263593, 198.44136069105292, 197.9172386456566, 196.94861385843825, 197.75188456990028, 201.51665754642974, 198.76459655972243, 193.26963769010334, 187.7965583629977], "vMond": [49.96812449451549, 109.57819951283491, 146.1616097422929, 169.4547703413022, 187.57811934793224, 208.64718333616352, 224.93687711361378, 236.2163371565217, 242.77617761031777, 249.6903331893014, 255.54331030174, 258.55591787672694, 259.4071292898675, 259.94991329916536, 259.6117385251633, 258.7041230741744, 258.55808408988696, 259.2867366731524, 260.2597152201618, 260.9102081127156, 260.06382929762367, 258.8559844204776, 258.66399954880916, 259.8163320198895, 260.9692764988381, 261.4607482210077, 262.72653918395486, 265.7288331660133, 263.62846796528385, 265.57334067372244, 268.4885945777342], "vGas": [8.12, 22.67, 31.68, 34.72, 31.78, 23.89, 14.68, 14.98, 26.72, 39.88, 50.51, 57.09, 60.02, 60.43, 58.91, 57.29, 58.0, 61.94, 65.99, 67.21, 64.98, 62.25, 61.64, 63.36, 64.98, 64.88, 63.87, 64.47, 69.03, 76.21, 82.59], "vDisk": [32.7, 79.76, 107.57, 124.14, 137.6, 155.68, 168.58, 175.29, 175.91, 176.17, 175.33, 172.3, 168.12, 164.68, 161.19, 157.33, 153.64, 149.77, 146.07, 143.32, 140.67, 138.0, 135.58, 133.6, 131.71, 130.03, 129.69, 130.42, 123.79, 119.55, 116.42], "vBulge": [0.0, 0.0, 0.0, 0.0, 0.0, 0.0, 0.0, 0.0, 0.0, 0.0, 0.0, 0.0, 0.0, 0.0, 0.0, 0.0, 0.0, 0.0, 0.0, 0.0, 0.0, 0.0, 0.0, 0.0, 0.0, 0.0, 0.0, 0.0, 0.0, 0.0, 0.0]}