{"id": "UGC11914", "radiusKpc": [0.28, 0.37, 0.47, 0.56, 0.65, 0.75, 0.84, 0.93, 1.03, 1.12, 1.21, 1.3, 1.41, 1.5, 1.59, 1.68, 1.78, 1.87, 1.96, 2.05, 2.16, 2.25, 2.34, 2.43, 2.46, 2.53, 2.62, 2.71, 2.8, 2.99, 3.28, 3.74, 3.83, 4.02, 4.09, 4.12, 4.3, 4.39, 4.49, 4.58, 4.87, 4.91, 4.96, 5.05, 5.14, 5.24, 5.33, 5.42, 5.51, 5.61, 5.71, 5.8, 5.89, 5.98, 6.08, 6.15, 6.17, 6.26, 6.35, 6.73, 6.83, 6.92, 7.37, 8.6, 9.83], "vObs": [168.0, 187.0, 204.0, 218.0, 232.0, 243.0, 253.0, 262.0, 269.0, 275.0, 280.0, 284.0, 287.0, 289.0, 290.0, 291.0, 292.0, 292.0, 291.0, 291.0, 291.0, 290.0, 290.0, 290.0, 290.0, 290.0, 290.0, 290.0, 290.0, 290.0, 291.0, 292.0, 292.0, 292.0, 292.0, 292.0, 291.0, 291.0, 291.0, 290.0, 289.0, 288.0, 288.0, 287.0, 287.0, 286.0, 286.0, 285.0, 285.0, 284.0, 284.0, 283.0, 283.0, 283.0, 283.0, 283.0, 283.0, 283.0, 283.0, 284.0, 284.0, 285.0, 288.0, 297.0, 305.0], "vObsErr": [49.7, 40.2, 26.9, 23.5, 8.63, 4.97, 3.65, 2.86, 3.8, 5.39, 5.01, 10.0, 6.59, 3.56, 6.13, 10.2, 8.61, 11.2, 5.15, 4.92, 9.32, 7.19, 12.2, 7.94, 5.16, 3.56, 3.79, 5.65, 9.38, 10.6, 15.3, 18.8, 15.2, 19.8, 2.4, 9.0, 8.71, 7.92, 8.84, 4.2, 10.6, 2.26, 6.97, 3.23, 10.2, 10.3, 17.8, 11.4, 12.0, 4.03, 4.73, 6.44, 4.96, 5.37, 11.0, 1.14, 17.3, 7.94, 18.3, 10.5, 9.37, 12.9, 1.24, 2.13, 5.07], "vAcm": [210.38975378816633, 221.78389257330778, 231.12131470324064, 238.01170468191032, 243.5485179279815, 249.69009314162395, 256.4711260561948, 263.90823367730223, 271.31138422530853, 276.941913470699, 281.6335131505131, 285.33161778854816, 288.86491438204115, 291.18835393512745, 293.14495054020466, 294.67822100463974, 296.03050342340555, 296.99762081868084, 297.9339746213044, 298.9629491603297, 300.1716223797823, 301.1154412348695, 302.05851883193003, 303.12996665721, 303.53749519884525, 304.4358055827225, 305.51547291607494, 306.66757621321335, 307.66058363654355, 309.1828597066702, 310.5004800793855, 310.3345894988093, 310.0758478883292, 309.55226247840716, 309.29435930219535, 309.180375158872, 308.3045608425881, 307.7461247975236, 307.1819047443698, 306.6530863280144, 304.92783923586285, 304.6732265332462, 304.3537032462235, 303.806297456801, 303.2211932316717, 302.5946562586122, 302.01716081825896, 301.47097734017626, 300.92561183950914, 300.3944922932964, 299.96087402376617, 299.56727843836376, 299.13803776651565, 298.7442141479744, 298.28363286354033, 298.0023951241915, 297.9354218053507, 297.5791016660767, 297.2464081279013, 296.1280560506018, 295.75609335264573, 295.3625248142714, 293.1430836071611, 285.57349840943266, 273.832603259458], "vMond": [212.39568646758045, 224.29344101901387, 234.17699918889636, 241.5467426701827, 247.55999476116963, 254.2101473370634, 261.407660044814, 269.22654979399863, 277.0418179711776, 283.03824209399846, 288.0925202409816, 292.1549837756057, 296.13503027763534, 298.8251213038961, 301.14987131991955, 303.05723713452034, 304.83242179818285, 306.1841388928118, 307.5070312380934, 308.9203136649094, 310.59855378718356, 311.92513818270515, 313.24736125285517, 314.68915187542535, 315.21721686452827, 316.3956824891327, 317.8328741729237, 319.3324594875789, 320.67297020920165, 322.921424532859, 325.3007299627341, 326.7465834634325, 326.8085307652361, 326.9420087163329, 326.9179865379754, 326.9021745354532, 326.5860431460772, 326.2809007850613, 325.9646377488761, 325.6310480282623, 324.44434376735325, 324.2651876737573, 324.0412719168391, 323.6662137508554, 323.25218139237563, 322.8057897162211, 322.3802300273832, 321.97430758751705, 321.56041726770627, 321.1655022951051, 320.8614038725505, 320.5864390960212, 320.28217902300617, 320.0176613720553, 319.7053631141072, 319.5229270766016, 319.4825249755538, 319.2357921062617, 318.9796265996817, 317.76074774177715, 317.3747201545102, 316.999673808397, 314.8434013229402, 306.40808318041707, 296.3701548528234], "vGas": [0.42, 0.61, 0.79, 0.96, 1.14, 1.31, 1.48, 1.66, 1.83, 2.0, 2.17, 2.33, 2.5, 2.66, 2.82, 2.97, 3.12, 3.26, 3.39, 3.5, 3.61, 3.7, 3.76, 3.79, 3.79, 3.79, 3.8, 3.81, 3.84, 3.94, 4.12, 4.56, 4.69, 5.12, 5.35, 5.4, 6.12, 6.56, 7.04, 7.58, 9.59, 10.06, 10.42, 11.18, 12.03, 12.78, 13.42, 14.16, 14.91, 15.66, 16.4, 17.15, 17.89, 18.64, 19.38, 20.02, 20.24, 21.09, 21.83, 24.6, 25.24, 25.88, 28.33, 31.2, 29.29], "vDisk": [42.14, 53.98, 66.33, 76.79, 86.68, 97.06, 105.9, 114.28, 123.11, 130.64, 137.79, 144.6, 152.47, 158.56, 164.36, 169.88, 175.7, 180.66, 185.38, 189.88, 195.08, 199.1, 202.92, 206.55, 207.71, 210.36, 213.61, 216.71, 219.64, 225.37, 233.01, 241.64, 242.91, 245.41, 246.19, 246.51, 248.01, 248.54, 249.06, 249.41, 250.14, 250.19, 250.25, 250.32, 250.34, 250.33, 250.26, 250.17, 250.09, 250.01, 249.99, 249.96, 249.9, 249.84, 249.76, 249.7, 249.69, 249.61, 249.49, 248.66, 248.3, 247.92, 245.58, 235.09, 222.03], "vBulge": [211.56, 220.85, 227.4, 231.5, 234.01, 236.69, 240.47, 245.03, 249.19, 251.82, 253.43, 253.93, 253.45, 252.44, 251.04, 249.18, 246.75, 244.32, 241.92, 239.71, 237.06, 234.93, 232.89, 231.12, 230.63, 229.44, 227.9, 226.55, 225.09, 221.46, 215.11, 204.42, 202.36, 198.15, 196.62, 195.97, 192.16, 190.25, 188.24, 186.48, 181.04, 180.31, 179.41, 177.88, 176.33, 174.68, 173.23, 171.83, 170.39, 168.9, 167.49, 166.22, 164.93, 163.71, 162.34, 161.44, 161.19, 160.0, 158.86, 154.26, 153.14, 152.15, 147.41, 136.47, 127.66]}