{"id": "UGC11455", "radiusKpc": [0.62, 1.23, 1.83, 2.47, 3.08, 3.68, 4.32, 4.91, 5.53, 6.17, 6.78, 7.38, 8.0, 8.62, 9.23, 9.85, 10.43, 11.05, 11.67, 12.19, 12.91, 14.56, 16.63, 17.77, 18.49, 20.24, 22.62, 24.89, 27.06, 29.13, 31.3, 33.46, 35.53, 37.7, 39.87, 41.93], "vObs": [35.1, 64.6, 80.1, 113.0, 136.0, 150.0, 171.0, 192.0, 197.0, 195.0, 196.0, 216.0, 225.0, 240.0, 247.0, 254.0, 257.0, 273.0, 272.0, 270.0, 279.0, 287.0, 291.0, 286.0, 288.0, 289.0, 288.0, 269.0, 267.0, 272.0, 274.0, 259.0, 272.0, 274.0, 272.0, 266.0], "vObsErr": [4.01, 4.19, 6.32, 10.4, 7.59, 7.75, 9.19, 9.16, 9.96, 12.4, 7.09, 5.99, 5.24, 6.15, 4.37, 6.48, 7.41, 5.38, 5.98, 20.9, 9.4, 10.8, 10.0, 9.67, 6.96, 6.63, 10.0, 8.23, 7.11, 5.36, 5.78, 5.81, 6.69, 6.39, 5.59, 8.82], "vAcm": [72.04520302775434, 113.54791443311156, 140.73820648171983, 160.4319107494466, 172.97577227344703, 182.91859694577752, 192.35327928098735, 201.02790055763705, 216.28772687408636, 234.50537068546564, 257.8152563834787, 279.86979323809845, 291.84476746272327, 294.5301370005032, 299.32320937485775, 306.21450806148874, 312.60210923240004, 318.0676311882853, 322.3354150951903, 326.14435426477394, 330.582013150501, 338.10785417372983, 332.87306572949245, 327.9863818256126, 326.11719006258727, 327.0088000279144, 333.17106325552436, 334.10475700243546, 328.81505395728624, 320.04003343274013, 313.66366743857856, 315.54810780393535, 312.7335123490445, 305.82533070790527, 306.0768047719708, 306.5644844254937], "vMond": [82.37408799906258, 127.4597440765726, 157.63070859019115, 180.14733081278231, 195.19689361743687, 207.54910730100073, 219.5210315167283, 230.17799540182986, 246.4144227337837, 265.04755319085524, 288.77565159135884, 311.85923829437036, 325.6946837825442, 330.6112478203669, 337.25365623937216, 345.6360801295612, 353.10776478060006, 359.5566697452568, 364.8382771058441, 369.49940705769217, 375.0193050986621, 382.95281304537804, 379.11588850132426, 376.442371034574, 375.71875524270916, 376.3516274688536, 377.55606868858996, 374.85501266935427, 367.04183040397356, 359.6798539144189, 353.41847108782963, 348.49928202203006, 342.13627398278567, 336.0215233997222, 332.67515876677453, 329.3820947673255], "vGas": [0.82, 1.0, 2.09, 3.39, 2.17, 0.18, 0.0, 0.2, 0.2, 0.0, 0.58, 2.58, 0.0, 0.0, 7.92, 16.06, 21.24, 23.48, 24.19, 23.78, 22.46, 23.48, 24.49, 24.49, 26.12, 41.26, 55.9, 53.66, 52.14, 47.05, 45.53, 50.92, 49.39, 46.04, 49.19, 49.09], "vDisk": [71.2, 112.64, 139.71, 159.08, 171.23, 180.9, 190.21, 198.61, 213.09, 230.24, 253.17, 275.53, 287.96, 290.86, 295.63, 302.1, 307.81, 312.49, 316.07, 319.44, 323.2, 326.62, 316.26, 310.12, 307.21, 301.54, 294.39, 286.32, 273.02, 261.41, 250.43, 239.85, 229.51, 219.93, 212.13, 205.47], "vBulge": [0.0, 0.0, 0.0, 0.0, 0.0, 0.0, 0.0, 0.0, 0.0, 0.0, 0.0, 0.0, 0.0, 0.0, 0.0, 0.0, 0.0, 0.0, 0.0, 0.0, 0.0, 0.0, 0.0, 0.0, 0.0, 0.0, 0.0, 0.0, 0.0, 0.0, 0.0, 0.0, 0.0, 0.0, 0.0, 0.0]}