{"id": "UGC10310", "radiusKpc": [1.1, 2.21, 3.31, 4.42, 5.52, 6.64, 7.74], "vObs": [33.2, 54.6, 65.7, 69.2, 70.9, 72.4, 73.2], "vObsErr": [5.06, 5.06, 5.06, 5.06, 5.06, 5.06, 5.06], "vAcm": [27.534835456659234, 33.54493097938401, 48.80523096038147, 49.49324157489643, 57.115317784398634, 80.9305729733625, 92.89343936384267], "vMond": [35.95799538873925, 56.26837218957609, 66.1461439439391, 71.91801666913683, 79.65550523785848, 84.34467856725372, 85.2243105443279], "vGas": [3.45, 6.51, 11.85, 18.75, 26.75, 30.8, 30.9], "vDisk": [21.28, 35.54, 39.59, 38.75, 39.1, 37.98, 35.45], "vBulge": [0.0, 0.0, 0.0, 0.0, 0.0, 0.0, 0.0]}