{"id": "UGC12732", "radiusKpc": [0.96, 1.92, 2.88, 3.84, 4.8, 5.76, 6.72, 7.68, 8.64, 9.6, 10.6, 11.5, 12.5, 13.4, 14.4, 15.4], "vObs": [34.2, 49.5, 59.9, 65.3, 69.8, 73.8, 76.2, 79.3, 80.3, 81.9, 84.0, 85.6, 87.9, 90.8, 95.5, 98.0], "vObsErr": [3.32, 4.6, 4.38, 4.31, 3.83, 3.45, 3.24, 3.19, 3.31, 3.69, 3.89, 3.67, 3.43, 3.36, 3.18, 3.18], "vAcm": [37.20891181434541, 57.715806069615255, 68.43481735698624, 78.7581370180871, 83.06810792700374, 85.42110099710669, 95.97852102910042, 99.52976095496743, 98.61610439954619, 96.99247881935977, 84.95892596298324, 79.37824393144666, 87.90271532475647, 90.14499317329643, 84.02508838828423, 90.1582480466362], "vMond": [56.99243693523708, 83.49417142945889, 94.3626999827544, 105.20853117519616, 110.97007423582018, 117.51746929894001, 124.5418061152703, 126.2553519438361, 130.76834030788794, 134.38366072428684, 138.2998604323443, 143.8860705636349, 151.15908704464988, 157.51127937160365, 164.1583649549961, 169.16103375223665], "vGas": [1.81, -7.24, -2.56, 8.12, 11.3, 16.0, 18.2, 19.2, 23.3, 25.5, 27.8, 31.1, 35.1, 38.3, 41.4, 43.4], "vDisk": [20.68, 30.32, 33.18, 35.24, 34.72, 34.11, 34.88, 33.08, 31.11, 29.68, 28.19, 26.95, 25.7, 24.69, 23.69, 22.77], "vBulge": [0.0, 0.0, 0.0, 0.0, 0.0, 0.0, 0.0, 0.0, 0.0, 0.0, 0.0, 0.0, 0.0, 0.0, 0.0, 0.0]}