{"id": "UGCA281", "radiusKpc": [0.09, 0.25, 0.41, 0.58, 0.74, 0.9, 1.08], "vObs": [7.0, 14.9, 21.1, 26.0, 27.5, 28.8, 29.5], "vObsErr": [2.49, 1.35, 1.37, 1.24, 1.59, 2.57, 1.85], "vAcm": [12.931179566738832, 22.06365984530695, 23.598907613914907, 32.03264764328015, 37.95827140724683, 42.478240492325035, 45.47085777548138], "vMond": [12.251391320429594, 28.177620157431704, 38.32891095222884, 43.90567070772796, 47.14769640475467, 48.871798069695544, 50.25917866790061], "vGas": [1.74, 4.38, 6.41, 7.97, 9.12, 9.81, 10.01], "vDisk": [3.78, 11.32, 15.94, 17.47, 17.72, 17.18, 16.66], "vBulge": [0.0, 0.0, 0.0, 0.0, 0.0, 0.0, 0.0]}