{"id": "UGCA444", "radiusKpc": [0.12, 0.19, 0.26, 0.33, 0.4, 0.47, 0.55, 0.62, 0.69, 0.76, 0.83, 0.9, 0.97, 1.04, 1.11, 1.19, 1.26, 1.33, 1.4, 1.48, 1.55, 1.62, 1.69, 1.75, 1.83, 1.9, 1.97, 2.04, 2.11, 2.19, 2.26, 2.33, 2.4, 2.48, 2.55, 2.62], "vObs": [6.48, 8.6, 10.2, 11.7, 12.7, 14.1, 16.0, 18.1, 21.2, 21.6, 23.3, 24.5, 24.4, 25.3, 25.4, 25.9, 26.7, 27.1, 28.6, 28.9, 30.4, 30.8, 30.5, 33.0, 32.1, 32.9, 34.2, 32.6, 33.7, 33.8, 34.9, 36.1, 37.2, 37.6, 35.6, 38.3], "vObsErr": [2.6, 2.65, 3.03, 3.55, 3.75, 3.43, 3.33, 2.66, 3.78, 3.33, 3.09, 3.26, 3.29, 2.78, 2.78, 2.73, 2.67, 3.16, 3.34, 3.21, 4.14, 4.35, 4.56, 4.04, 4.35, 4.36, 4.9, 3.98, 4.73, 4.67, 3.74, 5.47, 5.39, 7.1, 4.73, 7.78], "vAcm": [9.72148146096354, 12.304856008954262, 15.066632471123093, 17.900930733929037, 20.73222170726459, 23.53497644875271, 26.25424056326415, 27.879913735969748, 28.538714287472448, 28.259558461838566, 27.098936931846062, 24.984192040091344, 22.685605507705745, 21.201045966406276, 21.459497595169914, 23.80036616750238, 26.437040424572547, 28.77801191872461, 30.465791074633582, 31.786692878155698, 32.958649929870816, 34.55189337335314, 36.20717202518015, 37.41242402992712, 38.67760367568773, 39.5075410187837, 40.17981167183491, 40.99185453851702, 42.50822905339874, 45.68987948044883, 49.993009097977165, 55.469868063963055, 60.800014337663804, 65.2865417489716, 67.52592266737794, 68.88276007772963], "vMond": [7.176786313520832, 7.990944679772973, 10.384548406686745, 12.580376273493627, 14.558398043046992, 16.639713811992596, 19.230074475065535, 21.554094885054912, 23.71336287723621, 25.64562505887882, 27.703034909433715, 29.236187799893155, 30.619140381502934, 31.855646217312533, 32.96361600792687, 34.003870265211404, 34.70009070325007, 35.38309243941279, 35.93934754511436, 36.54278373281109, 37.05829561788336, 37.684254763614774, 38.059247459598424, 38.36255128464833, 38.88564220583022, 39.22839659870637, 39.5585031416761, 39.876350979513916, 40.31660838828474, 40.54038962032067, 40.83575461243414, 41.13353308423005, 40.90958641438132, 40.59026371818948, 40.1569533465306, 39.75034568435987], "vGas": [-0.66, 0.47, 1.82, 3.08, 4.2, 5.32, 6.65, 7.97, 9.25, 10.36, 11.58, 12.39, 13.1, 13.71, 14.22, 14.63, 14.83, 15.03, 15.13, 15.24, 15.34, 15.54, 15.54, 15.54, 15.64, 15.64, 15.64, 15.64, 15.74, 15.64, 15.64, 15.64, 15.24, 14.73, 14.22, 13.81], "vDisk": [2.2, 2.24, 2.72, 2.9, 2.92, 3.03, 3.44, 3.69, 3.81, 3.95, 4.15, 4.32, 4.46, 4.57, 4.69, 4.81, 4.88, 4.95, 5.03, 5.09, 5.13, 5.17, 5.21, 5.22, 5.25, 5.28, 5.3, 5.31, 5.33, 5.35, 5.36, 5.39, 5.42, 5.5, 5.46, 5.25], "vBulge": [0.0, 0.0, 0.0, 0.0, 0.0, 0.0, 0.0, 0.0, 0.0, 0.0, 0.0, 0.0, 0.0, 0.0, 0.0, 0.0, 0.0, 0.0, 0.0, 0.0, 0.0, 0.0, 0.0, 0.0, 0.0, 0.0, 0.0, 0.0, 0.0, 0.0, 0.0, 0.0, 0.0, 0.0, 0.0, 0.0]}