{"id": "UGCA442", "radiusKpc": [0.42, 1.26, 2.11, 2.96, 3.79, 4.65, 5.48, 6.33], "vObs": [14.2, 28.6, 41.0, 49.0, 54.8, 56.4, 57.8, 56.5], "vObsErr": [1.91, 1.82, 1.74, 1.91, 2.05, 3.12, 2.83, 0.65], "vAcm": [15.681058297037442, 24.24859082249268, 26.078950634237955, 41.085092754269354, 53.07334444177947, 64.3558920039866, 71.0770289901198, 74.29600438014283], "vMond": [15.395188999580864, 32.57057970701128, 44.18793873509442, 49.956094457206085, 52.74326405586648, 53.59726591504002, 52.63361512551262, 51.155617438865164], "vGas": [4.87, 13.14, 19.65, 22.42, 22.82, 21.37, 18.73, 16.75], "vDisk": [4.78, 10.76, 13.6, 13.29, 12.56, 12.33, 12.04, 10.62], "vBulge": [0.0, 0.0, 0.0, 0.0, 0.0, 0.0, 0.0, 0.0]}