group,n,mean_MHI,median_MHI,mean_L3p6,median_L3p6,mean_gas_to_light_proxy,median_gas_to_light_proxy,mean_gas_surface_proxy,median_gas_surface_proxy,mean_sbdisk,median_sbdisk
holdout_40,40,2.794775,0.7324999999999999,24.167125,1.1484999999999999,1.381715193185639,0.7403900315292503,0.6590411758529635,0.3043648796985611,604.6905,138.325
surrender_22,22,5.338454545454545,1.7614999999999998,48.1544090909091,2.6790000000000003,0.6572393014833859,0.5931353760771451,0.4887788598938508,0.3373842277651801,824.6277272727274,370.21000000000004
acm_better_102,102,5.716862745098039,2.2875,67.98649019607842,17.936,0.4224100075103366,0.17879990197838247,0.5225329109766063,0.401074049659806,1898.668137254902,553.28
